frame_index,frame_filename,control_step,simulated_time_s,cart_position_steps,cart_velocity_steps_s,pole_angle_rad,pole_angle_deg,pole_angle_rate_rad_s,pole_angle_rate_deg_s,raw_control_steps_s,target_control_steps_s,applied_control_steps_s
0,frame_000000.png,1,0.004,-7.205473847032007,-3524.439247710642,-0.09418956479585172,-5.396664536976301,0.3704671837854504,21.226206079003713,-28234.66281958781,-28234.66281958781,-28234.66281958781
1,frame_000001.png,2,0.008,-27.045810300116372,-6333.327721875156,-0.09211592859126788,-5.27785393420812,0.659312223113948,37.7758077658169,-26026.74766950494,-26026.74766950494,-26026.74766950494
2,frame_000002.png,3,0.012,-56.90339548826447,-8546.302225859883,-0.08902501347165329,-5.100757543021031,0.880687440808974,50.459673428531715,-24061.70507692247,-24061.70507692247,-24061.70507692247
3,frame_000003.png,4,0.016,-94.59984358560341,-10263.767237293698,-0.08516246324383367,-4.879449716809671,1.046439771549782,59.95658242443654,-22305.09961008834,-22305.09961008834,-22305.09961008834
4,frame_000004.png,5,0.02,-138.32533260426445,-11569.959376849974,-0.08073049459220716,-4.625516618137186,1.16647968142161,66.83436263322308,-20727.81330133734,-20727.81330133734,-20727.81330133734
5,frame_000005.png,6,0.024,-186.57920182019797,-12535.524581509899,-0.07589500859413248,-4.3484636785529025,1.2490913479769932,71.5676624653886,-19305.206338932814,-19305.206338932814,-19305.206338932814
6,frame_000006.png,7,0.028,-238.12001999209858,-13219.685432823642,-0.07079156254235773,-4.056057758813506,1.3011934402920322,74.55289245884133,-18016.410927828234,-18016.410927828234,-18016.410927828234
7,frame_000007.png,8,0.032,-291.9236181716061,-13672.063782086912,-0.06553038361029127,-3.754614410742952,1.328558354098921,76.12078652671532,-16843.73716435142,-16843.73716435142,-16843.73716435142
8,frame_000008.png,9,0.036000000000000004,-347.14782030556074,-13934.213461810263,-0.06020057702885533,-3.449238988005624,1.335996508578406,76.54696138575615,-15772.173131413809,-15772.173131413809,-15772.173131413809
9,frame_000009.png,10,0.04,-403.1028061870573,-14040.909165525798,-0.05487365716482093,-3.14402896199205,1.327511261313521,76.06079252935331,-14788.964248240656,-14788.964248240656,-14788.964248240656
10,frame_000010.png,11,0.044,-459.2262106676712,-14021.230254399044,-0.04960650947072055,-2.842243629048035,1.3064291147070448,74.85287450572618,-13883.259286702829,-13883.259286702829,-13883.259286702829
11,frame_000011.png,12,0.048,-515.06220548397,-13899.472089389945,-0.04444387410237848,-2.546446411277067,1.2755091443287807,73.08129070038211,-13045.812466506482,-13045.812466506482,-13045.812466506482
12,frame_000012.png,13,0.052000000000000005,-570.2439298545536,-13695.912306879985,-0.03942042755595339,-2.25862412555734,1.237034954878657,70.87688202470328,-12268.73272382118,-12268.73272382118,-12268.73272382118
13,frame_000013.png,14,0.056,-624.4787367669365,-13427.4550981886,-0.03456252652829884,-1.980286899380469,1.1928919439664065,68.34767380443138,-11545.272662910373,-11545.272662910373,-11545.272662910373
14,frame_000014.png,15,0.06,-677.5358066224377,-13108.172888399267,-0.02988966798750504,-1.7125518267313238,1.1446322119382686,65.58259483878675,-10869.6508904553,-10869.6508904553,-10869.6508904553
15,frame_000015.png,16,0.064,-729.2357511868322,-12749.761727355246,-0.02541571084777301,-1.4562129649022568,1.0935290842536065,62.65460130253746,-10236.90243326848,-10236.90243326848,-10236.90243326848
16,frame_000016.png,17,0.068,-779.4418907454166,-12361.924113006246,-0.021149897416148193,-1.2117998590799364,1.0406229002664922,59.623300249933195,-9642.752782028585,-9642.752782028585,-9642.752782028585
17,frame_000017.png,18,0.07200000000000001,-828.0529377836709,-11952.690786639778,-0.01709770670098686,-0.9796264333190933,0.9867594593102215,56.53715241308678,-9083.511811815075,-9083.511811815075,-9083.511811815075
18,frame_000018.png,19,0.076,-874.9968629231608,-11528.691205435207,-0.013261566560731835,-0.7598317936617567,0.9326222938194024,53.43532131566156,-8555.984425838204,-8555.984425838204,-8555.984425838204
19,frame_000019.png,20,0.08,-920.2257545102947,-11095.38085516153,-0.00964144737304301,-0.5524142428728591,0.8787597532127925,50.349225065050796,-8057.395269730884,-8057.395269730884,-8057.395269730884
20,frame_000020.png,21,0.084,-963.7115132542714,-10657.232268380218,-0.006235356289379099,-0.35725959914177596,0.8256077258139759,47.303838222534885,-7585.325285134326,-7585.325285134326,-7585.325285134326
21,frame_000021.png,22,0.088,-1005.4422485409873,-10217.895522252229,-0.0030397481001086597,-0.17416473691913667,0.7735086945076453,44.318783611962196,-7137.6582257190585,-7137.6582257190585,-7137.6582257190585
22,frame_000022.png,23,0.092,-1045.4192642696212,-9780.33307221483,-4.986617875467575e-05,-0.0028571215830878517,0.7227277111647307,41.40924758688905,-6712.53555687796,-6712.53555687796,-6712.53555687796
23,frame_000023.png,24,0.096,-1083.6545399054457,-9346.93300582819,0.0027399751758131435,0.15698901354470884,0.6734657817959937,38.58674694338887,-6308.318411056359,-6308.318411056359,-6308.318411056359
24,frame_000024.png,25,0.1,-1120.1686274522103,-8919.604151812571,0.005336157488177095,0.30573930288967804,0.6258710761153051,35.859771180718084,-5923.555481574035,-5923.555481574035,-5923.555481574035
25,frame_000025.png,26,0.10400000000000001,-1154.9888976710772,-8499.855933207089,0.007745565955187921,0.443788239172484,0.5800483093592725,33.23432003998504,-5556.955915175583,-5556.955915175583,-5556.955915175583
26,frame_000026.png,27,0.108,-1188.1480794898116,-8088.865394281773,0.009975431681979275,0.5715501341985005,0.5360665888414583,30.714353078590353,-5207.366412743748,-5207.366412743748,-5207.366412743748
27,frame_000027.png,28,0.112,-1219.6830454746905,-7687.533444532994,0.012033202667042754,0.6894517268471158,0.4939659711537365,28.30216537019007,-4873.751873103876,-4873.751873103876,-4873.751873103876
28,frame_000028.png,29,0.116,-1249.6338037466612,-7296.532038187736,0.01392643880178649,0.7979261669895932,0.45376293676531854,25.99870117611441,-4555.179020403238,-4555.179020403238,-4555.179020403238
29,frame_000029.png,30,0.12,-1278.0426630383204,-6916.343734377108,0.015662726909647266,0.897408147588771,0.4154549558349086,23.803815547134278,-4250.802544335105,-4250.802544335105,-4250.802544335105
30,frame_000030.png,31,0.124,-1304.9535428990444,-6547.2948533074605,0.0172496124884434,0.9883299938239645,0.379024291353631,21.716492227499916,-3959.8533571586245,-3959.8533571586245,-3959.8533571586245
31,frame_000031.png,32,0.128,-1330.4114055217235,-6189.583250455946,0.01869454535648977,1.071118548842755,0.3444411624433693,19.73502489858506,-3681.6286342834396,-3681.6286342834396,-3681.6286342834396
32,frame_000032.png,33,0.132,-1354.4617894202884,-5843.301568240764,0.020004836854234927,1.1461927215954277,0.3116663710468488,17.857167677142755,-3415.4833580273253,-3415.4833580273253,-3415.4833580273253
33,frame_000033.png,34,0.136,-1377.1504283454651,-5508.456687881789,0.021187626632437607,1.213961583937656,0.28065347877330893,16.08025983937504,-3160.8231286018804,-3160.8231286018804,-3160.8231286018804
34,frame_000034.png,35,0.14,-1398.52294148196,-5184.9859891677825,0.022249857376626662,1.2748229224487295,0.2513506068116774,14.401328948361318,-2917.098043768691,-2917.098043768691,-2917.098043768691
35,frame_000035.png,36,0.14400000000000002,-1418.624583203395,-4872.770929127739,0.023198256085414665,1.3291621657579389,0.22370192017520607,12.817175895011749,-2683.797480058392,-2683.797480058392,-2683.797480058392
36,frame_000036.png,37,0.148,-1437.5000425390112,-4571.648369260654,0.02403932074526078,1.3773516210647274,0.19764884774719824,11.324444801538247,-2460.4456349008797,-2460.4456349008797,-2460.4456349008797
37,frame_000037.png,38,0.152,-1455.1932840849108,-4281.420012566702,0.024779311433314518,1.4197499643691884,0.1731310813620735,9.91968026458288,-2246.597711270264,-2246.597711270264,-2246.597711270264
38,frame_000038.png,39,0.156,-1471.7474234199533,-4001.8602540879733,0.025424245038747947,1.4567019380266795,0.15008739023172918,8.599374018411101,-2041.8366451701704,-2041.8366451701704,-2041.8366451701704
39,frame_000039.png,40,0.16,-1487.2046312023301,-3732.7227002801283,0.025979892926317673,1.4885382168797845,0.12845628120551822,7.360002765021872,-1845.7702920353604,-1845.7702920353604,-1845.7702920353604
40,frame_000040.png,41,0.164,-1501.6060610609354,-3473.745571843433,0.0264517809778415,1.5155754106347517,0.10817653045784728,6.198058637603052,-1658.0290013761405,-1658.0290013761405,-1658.0290013761405
41,frame_000041.png,42,0.168,-1514.9917971842008,-3224.6561704199407,0.026845191541236046,1.5381161755331232,0.08918760808294707,5.110073528019734,-1478.2635201401354,-1478.2635201401354,-1478.2635201401354
42,frame_000042.png,43,0.17200000000000001,-1527.4008181718475,-2985.174560784442,0.02716516689560628,1.5564494128867405,0.07143001361776288,4.09263831085981,-1306.1431746454718,-1306.1431746454718,-1306.1431746454718
43,frame_000043.png,44,0.176,-1538.8709742720498,-2755.016595955194,0.027416513907016198,1.5708505358337552,0.054845537606845504,3.142417829998285,-1141.354288831244,-1141.354288831244,-1141.354288831244
44,frame_000044.png,45,0.18,-1549.43897559459,-2533.896392298763,0.02760380960502847,1.5815817888508152,0.03937746187986575,2.2561623736535923,-983.5988032117602,-983.5988032117602,-983.5988032117602
45,frame_000045.png,46,0.184,-1559.1403892839014,-2321.5283445895884,0.027731407456583982,1.5888926072198828,0.024970709159145725,1.4307162462677188,-832.5930645090802,-832.5930645090802,-832.5930645090802
46,frame_000046.png,47,0.188,-1568.00964396632,-2117.6287565944235,0.027803444152733253,1.5930200058793025,0.011571950889340613,0.6630239466918766,-688.0667606408988,-688.0667606408988,-688.0667606408988
47,frame_000047.png,48,0.192,-1576.0800400633964,-1921.917150651708,0.027823846756335528,1.5941889889567913,-0.0008703192680711864,-0.049865620889393884,-549.7619796987747,-549.7619796987747,-549.7619796987747
48,frame_000048.png,49,0.196,-1583.383764796217,-1734.117309542071,0.027796340086121817,1.5926129728450873,-0.012405740050421575,-0.7107965466255693,-417.4323748828929,-417.4323748828929,-417.4323748828929
49,frame_000049.png,50,0.2,-1589.9519109013647,-1553.9580953923407,0.027724454235326653,1.5884942169878173,-0.023082060117156897,-1.3225046271803327,-290.8424201639318,-290.8424201639318,-290.8424201639318
50,frame_000050.png,51,0.20400000000000001,-1595.8144982434276,-1381.174083164039,0.027611532142146893,1.582024257634834,-0.03294513413704901,-1.8876171415452818,-169.76674380342138,-169.76674380342138,-169.76674380342138
51,frame_000051.png,52,0.20800000000000002,-1601.0004976468026,-1215.5060402317874,0.02746073714518645,1.5733843407373125,-0.042038933816422,-2.408653482910775,-53.989528851882824,-53.989528851882824,-53.989528851882824
52,frame_000052.png,53,0.212,-1605.5378563851764,-1056.7012784750905,0.027275060470299862,1.5627458509122882,-0.05040557085051582,-2.888026473682204,56.696028581806786,56.696028581806786,56.696028581806786
53,frame_000053.png,54,0.216,-1609.4535248640213,-904.5139010354031,0.027057328606280743,1.5502707340384765,-0.0580853292877299,-3.3280442198145557,162.48821108642642,162.48821108642642,162.48821108642642
54,frame_000054.png,55,0.22,-1612.773484112721,-758.7049623003048,0.026810210536011254,1.5361119115706174,-0.06511670522224691,-3.7309123850322354,263.5772283383303,263.5772283383303,263.5772283383303
55,frame_000055.png,56,0.224,-1615.52277377101,-619.0425566596296,0.02653622479729663,1.5204136850954952,-0.07153645208749061,-4.09873678595304,360.1456277328225,360.1456277328225,360.1456277328225
56,frame_000056.png,57,0.228,-1617.7255203114155,-485.30184904333447,0.026237746353906848,1.5033121300136263,-0.07737963012200502,-4.433526226274263,452.3686720207952,452.3686720207952,452.3686720207952
57,frame_000057.png,58,0.232,-1619.4049652870713,-357.2650581210869,0.025917013262548767,1.4849354775286245,-0.08267965882988636,-4.737195502534039,540.4146880029352,540.4146880029352,540.4146880029352
58,frame_000058.png,59,0.23600000000000002,-1620.5834934341335,-234.72140125449909,0.025576133125774354,1.4654044843716083,-0.08746837146762357,-5.01156852597734,624.4453897338049,624.4453897338049,624.4453897338049
59,frame_000059.png,60,0.24,-1621.282660491329,-117.46700879040912,0.02521708932434427,1.4448327898893314,-0.09177607076463459,-5.258381515107544,704.6161791817867,704.6161791817867,704.6161791817867
60,frame_000060.png,61,0.244,-1621.5232206269277,-5.304814021991945,0.0248417470254369,1.4233272602892013,-0.09563158523141455,-5.479286221905667,781.0764268634421,781.0764268634421,781.0764268634421
61,frame_000061.png,62,0.248,-1621.3251533865857,101.95557591459416,0.02445185896542673,1.4009883199680753,-0.09906232553165574,-5.675853161714933,853.9697346098806,853.9697346098806,853.9697346098806
62,frame_000062.png,63,0.252,-1620.7076900947507,204.49802382911048,0.02404907100784134,1.3779102699597379,-0.10209434049683633,-5.849574822640286,923.4341823176333,923.4341823176333,923.4341823176333
63,frame_000063.png,64,0.256,-1619.6893396583157,302.5000173184215,0.023634927478618374,1.3541815936226091,-0.10475237244686986,-6.0018688351881355,989.6025602785676,989.6025602785676,989.6025602785676
64,frame_000064.png,65,0.26,-1618.2879137344632,396.13283165200664,0.023210876281984275,1.329885249758003,-0.10705991155120208,-6.134081086927769,1052.6025884650512,1052.6025884650512,1052.6025884650512
65,frame_000065.png,66,0.264,-1616.5205512355972,485.5616982180196,0.022778273801218905,1.305098953403258,-0.10903924902354044,-6.24748877032485,1112.5571239616097,1112.5571239616097,1112.5571239616097
66,frame_000066.png,67,0.268,-1614.4037421533048,570.9459764852945,0.022338389589297385,1.2798954445857165,-0.11071152899214422,-6.343303354690116,1169.5843575776153,1169.5843575776153,1169.5843575776153
67,frame_000067.png,68,0.272,-1611.9533506907096,652.4393278044362,0.021892410854950393,1.2543427453550478,-0.11209679892791538,-6.422673475496163,1223.7980005423951,1223.7980005423951,1223.7980005423951
68,frame_000068.png,69,0.276,-1609.184637698658,730.18988967886,0.021441446750086968,1.2285044054344785,-0.11321405854578256,-6.486687736220351,1275.3074620711354,1275.3074620711354,1275.3074620711354
69,frame_000069.png,70,0.28,-1606.1122824161357,804.3404493939477,0.020986532464805915,1.2024397368476638,-0.11408130712221204,-6.536377419438489,1324.218018493721,1324.218018493721,1324.218018493721
70,frame_000070.png,71,0.28400000000000003,-1602.7504035193135,875.0286161074306,0.020528633136404628,1.1762040378883951,-0.11471558919407437,-6.572719105177015,1370.6309745566223,1370.6309745566223,1370.6309745566223
71,frame_000071.png,72,0.28800000000000003,-1599.1125794868435,942.3869906834964,0.020068647578895836,1.1498488068061692,-0.11513303862235866,-6.596637195577853,1414.6438174379932,1414.6438174379932,1414.6438174379932
72,frame_000072.png,73,0.292,-1595.2118682915923,1006.5433327026226,0.0196074118395784,1.123421945582684,-0.11534892101903423,-6.609006345778532,1456.3503639562323,1456.3503639562323,1456.3503639562323
73,frame_000073.png,74,0.296,-1591.0608264310176,1067.6207242035937,0.019145702589190506,1.0969679541733086,-0.11537767454728953,-6.6106538015936716,1495.8409014009776,1495.8409014009776,1495.8409014009776
74,frame_000074.png,75,0.3,-1586.671527309951,1125.7377298175581,0.018684240352113298,1.070528115584119,-0.11523294911490482,-6.602361645129822,1533.2023223713777,1533.2023223713777,1533.2023223713777
75,frame_000075.png,76,0.304,-1582.0555789907426,1181.0085530397555,0.01822369258299831,1.0441406721496649,-0.11492764398804661,-6.58486894989714,1568.5182539685898,1568.5182539685898,1568.5182539685898
76,frame_000076.png,77,0.308,-1577.2241413265883,1233.5431884554941,0.01776467659607089,1.0178409933696915,-0.11447394385864196,-6.558873847317714,1601.8691816565934,1601.8691816565934,1601.8691816565934
77,frame_000077.png,78,0.312,-1572.1879424944814,1283.4475697955336,0.01730776235321989,0.9916617356549138,-0.11388335340298555,-6.525035506787893,1633.332568077064,1633.332568077064,1633.332568077064
78,frame_000078.png,79,0.316,-1566.9572949446235,1330.823713744188,0.01685347511682639,0.9656329943229041,-0.11316673037258809,-6.483976031644244,1662.9829670793433,1662.9829670793433,1662.9829670793433
79,frame_000079.png,80,0.32,-1561.5421107833658,1375.7698594629378,0.016402297973115022,0.9397824481754754,-0.11233431726069079,-6.4362822735211775,1690.89213320504,1690.89213320504,1690.89213320504
80,frame_000080.png,81,0.324,-1555.9519166068221,1418.3806038245336,0.01595467423163463,0.9141354969787939,-0.11139577158951308,-6.3825075676824214,1717.1291268479013,1717.1291268479013,1717.1291268479013
81,frame_000081.png,82,0.328,-1550.1958678022738,1458.747032378679,0.015511009706292237,0.8887153921569998,-0.11036019486431123,-6.323173391966376,1741.760415293155,1741.760415293155,1741.760415293155
82,frame_000082.png,83,0.332,-1544.2827623343526,1496.9568460914043,0.01507167488317921,0.8635433609994968,-0.10923616024081631,-6.258770952013541,1764.8499698257751,1764.8499698257751,1764.8499698257751
83,frame_000083.png,84,0.336,-1538.2210540327842,1533.094483917034,0.014637006980241866,0.8386387246713849,-0.10803173895269402,-6.189762695448424,1786.4593590843042,1786.4593590843042,1786.4593590843042
84,frame_000084.png,85,0.34,-1532.0188653982188,1567.2412412748936,0.014207311903662737,0.8140190103058501,-0.10675452554540163,-6.116583757673046,1806.647838825254,1806.647838825254,1806.647838825254
85,frame_000085.png,86,0.34400000000000003,-1525.683999942357,1599.4753845132216,0.013782866105634254,0.7897000574467559,-0.10541166196228186,-6.039643341898468,1825.472438252872,1825.472438252872,1825.472438252872
86,frame_000086.png,87,0.34800000000000003,-1519.2239540782398,1629.8722614506175,0.013363918348024709,0.765696119099259,-0.10400986052798218,-5.959326035997711,1842.9880430597896,1842.9880430597896,1842.9880430597896
87,frame_000087.png,88,0.352,-1512.6459285761946,1658.504408091208,0.01295069137625784,0.7420199576360458,-0.10255542587336987,-5.875993068710858,1859.2474753156853,1859.2474753156853,1859.2474753156853
88,frame_000088.png,89,0.356,-1505.9568396005402,1685.4416516138772,0.012543383507552831,0.7186829357967802,-0.10105427584506638,-5.789983507673124,1874.3015703336087,1874.3015703336087,1874.3015703336087
89,frame_000089.png,90,0.36,-1499.1633293417385,1710.75120973871,0.012142170137501242,0.6956951030086036,-0.09951196144158175,-5.7016154016712175,1888.1992506366455,1888.1992506366455,1888.1992506366455
90,frame_000090.png,91,0.364,-1492.2717762582752,1734.497786575442,0.011747205168791963,0.6730652772460454,-0.09793368581681636,-5.611186869463787,1900.9875971413535,1900.9875971413535,1900.9875971413535
91,frame_000091.png,92,0.368,-1485.288304942121,1756.7436650594466,0.011358622365734742,0.6508011226395033,-0.09632432239043733,-5.518977137429556,1912.7119176686065,1912.7119176686065,1912.7119176686065
92,frame_000092.png,93,0.372,-1478.2187956212117,1777.5487960807577,0.010976536638077364,0.6289092230325506,-0.09468843210334536,-5.425247528232742,1923.415812887115,1923.415812887115,1923.415812887115
93,frame_000093.png,94,0.376,-1471.0688933119584,1796.970884410982,0.010601045257461422,0.6073951516797167,-0.09303027985514267,-5.330242402620598,1933.1412397900212,1933.1412397900212,1933.1412397900212
94,frame_000094.png,95,0.38,-1463.8440166343826,1815.0654715318267,0.010232229009716477,0.5862635372680799,-0.09135385015920244,-5.234190056392824,1941.9285728002965,1941.9285728002965,1941.9285728002965
95,frame_000095.png,96,0.384,-1456.549366302065,1831.886015467434,0.009870153286052796,0.5655181264380059,-0.08966286204963812,-5.137303574507983,1949.8166625964573,1949.8166625964573,1949.8166625964573
96,frame_000096.png,97,0.388,-1449.1899332986843,1847.483967720885,0.009514869116078139,0.5451618429706495,-0.08796078327318083,-5.039781644218189,1956.8428927460795,1956.8428927460795,1956.8428927460795
97,frame_000097.png,98,0.392,-1441.7705067525292,1861.9088474131531,0.009166414145434672,0.5251968438024239,-0.08625084379770476,-4.941809329050596,1963.0432342308322,1963.0432342308322,1963.0432342308322
98,frame_000098.png,99,0.396,-1434.2956815199775,1875.2083127205362,0.008824813560727587,0.5056245720195067,-0.08453604866789596,-4.843558805382964,1968.4522979432436,1968.4522979432436,1968.4522979432436
99,frame_000099.png,100,0.4,-1426.7698654885592,1887.4282297041996,0.008490080964297538,0.4864458069786091,-0.08281919023734434,-4.745190063290901,1973.1033852320588,1973.1033852320588,1973.1033852320588
100,frame_000100.png,101,0.404,-1419.1972866098429,1898.6127386229791,0.008162219201274237,0.4676607116936556,-0.08110285980515439,-4.646851573276552,1977.0285365699078,1977.0285365699078,1977.0285365699078
101,frame_000101.png,102,0.40800000000000003,-1411.5819996720386,1908.8043178180449,0.007841221141238515,0.4492688776217217,-0.07938945868401928,-4.548680920422528,1980.2585784140101,1980.2585784140101,1980.2585784140101
102,frame_000102.png,103,0.41200000000000003,-1403.927892821849,1918.0438452554383,0.007527070416714639,0.43126936697552665,-0.07768120872558701,-4.45080540745096,1982.8231683278377,1982.8231683278377,1982.8231683278377
103,frame_000103.png,104,0.41600000000000004,-1396.2386938447673,1926.3706578099063,0.007219742120613527,0.41366075268398605,-0.0759801623278661,-4.35334262810562,1984.7508384289008,1984.7508384289008,1984.7508384289008
104,frame_000104.png,105,0.42,-1388.5179762126943,1933.8226083708528,0.006919203464650662,0.39644115611677966,-0.07428821194837512,-4.256401012215229,1986.0690372253653,1986.0690372253653,1986.0690372253653
105,frame_000105.png,106,0.424,-1380.7691649074222,1940.4361208486632,0.006625414400669681,0.3796082826835705,-0.07260709914573144,-4.160080343738336,1986.8041699016444,1986.8041699016444,1986.8041699016444
106,frame_000106.png,107,0.428,-1372.995542028232,1946.2462431571066,0.0063383282067138455,0.363159455413427,-0.07093842317140311,-4.064472253034443,1986.981637110868,1986.981637110868,1986.981637110868
107,frame_000107.png,108,0.432,-1365.20025219155,1951.2866982450175,0.00605789203960258,0.34709164661512604,-0.06928364913241195,-3.9696606845524323,1986.6258723298572,1986.6258723298572,1986.6258723298572
108,frame_000108.png,109,0.436,-1357.386307730319,1955.5899332480021,0.005784047455688922,0.3314015077143573,-0.06764411574487471,-3.8757223410757615,1985.7603778301163,1985.7603778301163,1985.7603778301163
109,frame_000109.png,110,0.44,-1349.556593700469,1959.1871668285064,0.0055167309013959675,0.31608539735939123,-0.06602104269740401,-3.782727105614254,1984.4077593163097,1984.4077593163097,1984.4077593163097
110,frame_000110.png,111,0.444,-1341.713872701594,1962.1084347702338,0.005255874175055961,0.30113940788250976,-0.06441553764255777,-3.6907384419846445,1982.589759281738,1982.589759281738,1982.589759281738
111,frame_000111.png,112,0.448,-1333.8607895186915,1964.3826338906088,0.005001404861504563,0.2865593902004235,-0.06282860283372717,-3.599813775076251,1980.3272891284435,1980.3272891284435,1980.3272891284435
112,frame_000112.png,113,0.452,-1325.9998755915647,1966.037564332757,0.004753246740814818,0.272340977233003,-0.06126114142408619,-3.5100048517541964,1977.640460097794,1977.640460097794,1977.640460097794
113,frame_000113.png,114,0.456,-1318.1335533182485,1967.0999702963015,0.00451132017249033,0.2584796059159265,-0.059713963443489976,-3.4213580833104595,1974.5486130556674,1974.5486130556674,1974.5486130556674
114,frame_000114.png,115,0.46,-1310.2641401985861,1967.5955792641778,0.004275542456375056,0.2449705378792876,-0.0581877914685036,-3.333914870332595,1971.070347174677,1971.070347174677,1971.070347174677
115,frame_000115.png,116,0.464,-1302.3938528238623,1967.549139780626,0.004045828171477756,0.23180887886080653,-0.05668326600006644,-3.2477119108212027,1967.2235475543262,1967.2235475543262,1967.2235475543262
116,frame_000116.png,117,0.468,-1294.5248107181762,1966.9844578335517,0.0038220894938524323,0.21898959691903738,-0.05520095056264947,-3.1627814923501214,1963.0254118184253,1963.0254118184253,1963.0254118184253
117,frame_000117.png,118,0.47200000000000003,-1286.6590400370349,1965.9244318925248,0.003604236494621925,0.20650753950886253,-0.05374133653814159,-3.0791517690277153,1958.492475727647,1958.492475727647,1958.492475727647
118,frame_000118.png,119,0.47600000000000003,-1278.7984771284398,1964.3910866518463,0.0033921774191800827,0.19435744947859865,-0.05230484774710657,-2.996847023983559,1953.6406378436716,1953.6406378436716,1953.6406378436716
119,frame_000119.png,120,0.48,-1270.9449719615538,1962.4056055263206,0.0031858189485585294,0.18253398004520927,-0.050891844789482915,-2.9158879180722206,1948.485183280046,1948.485183280046,1948.485183280046
120,frame_000120.png,121,0.484,-1263.1002914278392,1959.9883619456414,0.002985066443896845,0.17103170880141436,-0.04950262915625328,-2.8362917254545685,1943.0408065735164,1943.0408065735164,1943.0408065735164
121,frame_000121.png,122,0.488,-1255.2661225193851,1957.158949491635,0.0027898241749099426,0.1598451508059069,-0.0481374471230895,-2.758072556687195,1937.3216337084327,1937.3216337084327,1937.3216337084327
122,frame_000122.png,123,0.492,-1247.4440753889637,1953.9362109209912,0.0025999955332034115,0.14896877080542156,-0.046796493436478695,-2.6812415699218874,1931.3412433254953,1931.3412433254953,1931.3412433254953
123,frame_000123.png,124,0.496,-1239.6356862961904,1950.338266114555,0.002415483231246527,0.13839699463504865,-0.04547991480235923,-2.6058071707897437,1925.1126871450601,1925.1126871450601,1925.1126871450601
124,frame_000124.png,125,0.5,-1231.8424204440005,1946.3825389927551,0.002236189487773464,0.12812421984094088,-0.044187813186837996,-2.5317752015183412,1918.6485096340407,1918.6485096340407,1918.6485096340407
125,frame_000125.png,126,0.504,-1224.065674709499,1942.085783435295,0.0020620162003458257,0.11814482556741822,-0.042920248938123254,-2.4591491198053155,1911.9607669443708,1911.9607669443708,1911.9607669443708
126,frame_000126.png,127,0.508,-1216.3067802730955,1937.4641082418357,0.0018928651057739305,0.10845318174843037,-0.04167724373838949,-2.387930167947755,1905.061045149981,1905.061045149981,1905.061045149981
127,frame_000127.png,128,0.512,-1208.567005149679,1932.533001169054,0.0017286379290602297,0.09904365764138616,-0.040458783393890904,-2.31811753270393,1897.9604778082248,1897.9604778082248,1897.9604778082248
128,frame_000128.png,129,0.516,-1200.8475566254695,1927.307352078161,0.001569236521495746,0.08991062973949653,-0.03926482047125793,-2.249708496341955,1890.6697628707393,1890.6697628707393,1890.6697628707393
129,frame_000129.png,130,0.52,-1193.1495836040249,1921.8014752257136,0.0014145629885094226,0.08104848909700268,-0.03809527678754566,-2.182698579309059,1883.1991789677859,1883.1991789677859,1883.1991789677859
130,frame_000130.png,131,0.524,-1185.4741788647768,1916.0291307293442,0.001264519807840705,0.07245164809996625,-0.03695004576125401,-2.117081674935112,1875.5586010892498,1875.5586010892498,1875.5586010892498
131,frame_000131.png,132,0.528,-1177.8223812373242,1910.003545238873,0.0011190099385774773,0.06411454671368293,-0.03582899463120524,-2.0528501765649456,1867.757515684607,1867.757515684607,1867.757515684607
132,frame_000132.png,133,0.532,-1170.195177694609,1903.737431842147,0.0009779369215745814,0.05603165823623969,-0.034731966549845464,-1.9899950974956964,1859.8050352033329,1859.8050352033329,1859.8050352033329
133,frame_000133.png,134,0.536,-1162.5935053679748,1897.2430092338634,0.0008412049717424918,0.04819749458626646,-0.03365878255723164,-1.9285061840779254,1851.7099120964454,1851.7099120964454,1851.7099120964454
134,frame_000134.png,135,0.54,-1155.0182534870005,1890.5320201746035,0.0007087190626712736,0.04060661115153166,-0.03260924344167444,-1.8683720223226046,1843.4805522991255,1843.4805522991255,1843.4805522991255
135,frame_000135.png,136,0.544,-1147.4702652468968,1883.6157492662949,0.0005803850040316268,0.03325361122369548,-0.031583131492728476,-1.8095801383400574,1835.1250282135802,1835.1250282135802,1835.1250282135802
136,frame_000136.png,137,0.548,-1139.9503396061461,1876.505040069353,0.0004561095121726009,0.02613315004326088,-0.030580212151955357,-1.752117092921715,1826.6510912106323,1826.6510912106323,1826.6510912106323
137,frame_000137.png,138,0.552,-1132.459233016969,1869.2103115858279,0.00033580027431436964,0.019239938477548683,-0.029600235566631286,-1.6959685705610035,1818.0661836678523,1818.0661836678523,1818.0661836678523
138,frame_000138.png,139,0.556,-1124.997661091108,1861.7415741319764,0.0002193660067142686,0.01256874635336607,-0.02864293805132736,-1.6411194631957282,1809.377450561342,1809.377450561342,1809.377450561342
139,frame_000139.png,140,0.56,-1117.5663002033227,1854.1084446228272,0.00010671650716505251,0.006114405464935118,-0.027708043462059316,-1.5875539489410528,1800.5917506276937,1800.5917506276937,1800.5917506276937
140,frame_000140.png,141,0.5640000000000001,-1110.1657890349036,1846.3201612904622,-2.237297834007239e-06,-0.00012818772340237542,-0.02679526448748188,-1.5352555660694867,1791.7156671120288,1791.7156671120288,1791.7156671120288
141,frame_000141.png,142,0.5680000000000001,-1102.7967300594287,1838.3855978569477,-0.00010758331091003546,-0.006164069661188776,-0.025904303861390792,-1.484207282482134,1782.7555181173852,1782.7555181173852,1782.7555181173852
142,frame_000142.png,143,0.5720000000000001,-1095.4596909729012,1830.313277182066,-0.00020940822634697,-0.011998207565001629,-0.025034855500594238,-1.4343915609039237,1773.717366570248,1773.717366570248,1773.717366570248
143,frame_000143.png,144,0.5760000000000001,-1088.1552060703316,1822.1113844052638,-0.00030779749702283024,-0.017635497524098695,-0.024186605572021867,-1.3857904200244533,1764.6070298163777,1764.6070298163777,1764.6070298163777
144,frame_000144.png,145,0.58,-1080.8837775707464,1813.787779600511,-0.00040283530547828485,-0.023080762842768974,-0.023359233492755656,-1.338385491795536,1755.4300888606308,1755.4300888606308,1755.4300888606308
145,frame_000145.png,146,0.584,-1073.6458768925374,1805.3500099620733,-0.000494604538855346,-0.028338752604425664,-0.022552412866490887,-1.2921580750864627,1746.1918972639405,1746.1918972639405,1746.1918972639405
146,frame_000146.png,147,0.588,-1066.4419458809912,1796.8053215385453,-0.0005831867674587087,-0.03341414044326139,-0.021765812359767572,-1.2470891858883648,1736.8975897101254,1736.8975897101254,1736.8975897101254
147,frame_000147.png,148,0.592,-1059.272397989771,1788.1606705318377,-0.0006686622267052911,-0.03831152351003303,-0.020999096521152307,-1.2031596042498767,1727.5520902547491,1727.5520902547491,1727.5520902547491
148,frame_000148.png,149,0.596,-1052.137619418061,1779.4227341772098,-0.0007511098022399404,-0.04303542161925449,-0.020251926546397705,-1.1603499181175416,1718.1601202677944,1718.1601202677944,1718.1601202677944
149,frame_000149.png,150,0.6,-1045.0379702050138,1770.5979212198313,-0.0008306070180070799,-0.047590276565752446,-0.019523960992460246,-1.1186405642460222,1708.726206081467,1708.726206081467,1708.726206081467
150,frame_000150.png,151,0.604,-1037.9737852830867,1761.6923820027966,-0.0009072300270793157,-0.05198045159918417,-0.01881485644311833,-1.0780118663352043,1699.2546863540529,1699.2546863540529,1699.2546863540529
151,frame_000151.png,152,0.608,-1030.9453754917904,1752.7120181809573,-0.0009810536050547146,-0.056210231045729475,-0.018124268128798932,-1.0384440705436488,1689.7497191603156,1689.7497191603156,1689.7497191603156
152,frame_000152.png,153,0.612,-1023.9530285533195,1743.6624920744089,-0.001052151145844646,-0.06028382006675175,-0.01745185050309475,-0.9999173785205917,1680.215288818571,1680.215288818571,1680.215288818571
153,frame_000153.png,154,0.616,-1016.9970100114793,1734.5492356749583,-0.0011205946596837561,-0.06420534454477801,-0.016797257778332332,-0.9624119780917363,1670.6552124641635,1670.6552124641635,1670.6552124641635
154,frame_000154.png,155,0.62,-1010.077564135268,1725.3774593184069,-0.0011864547732028552,-0.06797885108767489,-0.016160144422436205,-0.9259080717274719,1661.073146378736,1661.073146378736,1661.073146378736
155,frame_000155.png,156,0.624,-1003.1949147884286,1716.1521600350068,-0.0012498007314142526,-0.07160830714240005,-0.015540165619224167,-0.8903859029158503,1651.4725920843412,1651.4725920843412,1651.4725920843412
156,frame_000156.png,157,0.628,-996.349266266234,1706.878129589995,-0.0013107004014674003,-0.07509760121018465,-0.014936977694163057,-0.8558257805565953,1641.85690221106,1641.85690221106,1641.85690221106
157,frame_000157.png,158,0.632,-989.540804100718,1697.559962225669,-0.001369220278040621,-0.07845054315545669,-0.014350238507515024,-0.8222081014867244,1632.2292861465648,1632.2292861465648,1632.2292861465648
158,frame_000158.png,159,0.636,-982.7696958355267,1688.2020621160418,-0.0014254254902422228,-0.08167086460124567,-0.013779607816707694,-0.7895133712428297,1622.5928154756343,1622.5928154756343,1622.5928154756343
159,frame_000159.png,160,0.64,-976.036091771517,1678.808650544711,-0.0014793798099014504,-0.08476221940421914,-0.013224747609671253,-0.7577222231598866,1612.9504292174433,1612.9504292174433,1612.9504292174433
160,frame_000160.png,161,0.644,-969.3401256841887,1669.383772816181,-0.001531145661136515,-0.08772818420289041,-0.012685322410798184,-0.7268154359014547,1603.3049388680947,1603.3049388680947,1603.3049388680947
161,frame_000161.png,162,0.648,-962.6819155139957,1659.9313049104946,-0.0015807841310934048,-0.09057225903290714,-0.012160999561098368,-0.6967739495113829,1593.6590332555875,1593.6590332555875,1593.6590332555875
162,frame_000162.png,163,0.652,-956.0615640305444,1650.4549598906815,-0.0016283549817553067,-0.09329786800368124,-0.011651449474043642,-0.6675788800726236,1584.0152832141926,1584.0152832141926,1584.0152832141926
163,frame_000163.png,164,0.656,-949.4791594716492,1640.9582940721561,-0.001673916662728289,-0.09590836003095464,-0.011156345868520216,-0.6392115330544211,1574.3761460849,1574.3761460849,1574.3761460849
164,frame_000164.png,165,0.66,-942.9347761581774,1631.4447129628825,-0.0017175263249144285,-0.09840700962021169,-0.010675365980235671,-0.6116534154250429,1564.7439700483778,1564.7439700483778,1564.7439700483778
165,frame_000165.png,166,0.664,-936.4284750855879,1621.9174769827857,-0.0017592398349888076,-0.10079701769615004,-0.010208190752859142,-0.5848862466033032,1555.1209982966666,1555.1209982966666,1555.1209982966666
166,frame_000166.png,167,0.668,-929.9603044930235,1612.3797069705768,-0.0017991117906017943,-0.10308151247370714,-0.009754505010107457,-0.5588919683183737,1545.5093730495387,1545.5093730495387,1545.5093730495387
167,frame_000167.png,168,0.672,-923.5303004107968,1602.8343894858622,-0.0018371955362327384,-0.10526355036641002,-0.009313997609928541,-0.5336527534438414,1535.9111394213141,1535.9111394213141,1535.9111394213141
168,frame_000168.png,169,0.676,-917.1384871870696,1593.2843819141094,-0.001873543179625704,-0.10734611692807353,-0.00888636158187388,-0.5091510138685712,1526.3282491436512,1526.3282491436512,1526.3282491436512
169,frame_000169.png,170,0.68,-910.7848779945008,1583.7324173817703,-0.0019082056087421104,-0.10933212782411499,-0.00847129424869544,-0.4853694074636963,1516.7625641496415,1516.7625641496415,1516.7625641496415
170,frame_000170.png,171,0.684,-904.4694753176077,1574.1811094885852,-0.001941232509169186,-0.11122442982898524,-0.008068497333148999,-0.4622908442019978,1507.2158600243629,1507.2158600243629,1507.2158600243629
171,frame_000171.png,172,0.6880000000000001,-898.192271421558,1564.632956863835,-0.0019726723819269635,-0.11302580184643422,-0.007677677050934339,-0.43989849148298604,1497.6898293268127,1497.6898293268127,1497.6898293268127
172,frame_000172.png,173,0.6920000000000001,-891.9532488030827,1555.0903475530613,-0.002002572561620169,-0.11473895594953766,-0.007298544190654453,-0.4181757787142254,1488.1860847880102,1488.1860847880102,1488.1860847880102
173,frame_000173.png,174,0.6960000000000001,-885.7523806241772,1545.5555632415267,-0.0020309792348847866,-0.11636653843760736,-0.006930814181629269,-0.3971064011967747,1478.7061623898348,1478.7061623898348,1478.7061623898348
174,frame_000174.png,175,0.7000000000000001,-879.5896311292291,1536.030783320462,-0.002057937459082341,-0.11791113090729467,-0.006574207150355392,-0.37667432336009177,1469.2515243290304,1469.2515243290304,1469.2515243290304
175,frame_000175.png,176,0.704,-873.4649560461904,1526.5180888019192,-0.00208349118119801,-0.11937525133537263,-0.0062284479663612755,-0.3568637813893416,1459.8235618706208,1459.8235618706208,1459.8235618706208
176,frame_000176.png,177,0.708,-867.3783029723886,1517.0194660878378,-0.0021076832569016084,-0.12076135517084981,-0.005893266278167435,-0.3376592852857646,1450.4235980948451,1450.4235980948451,1450.4235980948451
177,frame_000177.png,178,0.712,-861.329611745549,1507.536810598721,-0.0021305554697332316,-0.12207183643422678,-0.005568396540022976,-0.31904562039856693,1441.052890541548,1441.052890541548,1441.052890541548
178,frame_000178.png,179,0.716,-855.3188148005776,1498.0719302671214,-0.002152148550377969,-0.12330902882185585,-0.005253578030053734,-0.3010078484647321,1431.7126337558238,1431.7126337558238,1431.7126337558238
179,frame_000179.png,180,0.72,-849.3458375126379,1488.626548900942,-0.002172502195996564,-0.12447520681350628,-0.004948554860422892,-0.2835313081911819,1422.4039617385902,1422.4039617385902,1422.4039617385902
180,frame_000180.png,181,0.724,-843.4105985270286,1479.2023094213744,-0.002191655089581236,-0.12557258678137118,-0.004653075980071844,-0.2666016154118158,1413.127950305582,1413.127950305582,1413.127950305582
181,frame_000181.png,182,0.728,-837.513010076358,1469.800776980118,-0.0022096449193080843,-0.1266033280988786,-0.0043668951705785955,-0.25020466285021525,1403.8856193582064,1403.8856193582064,1403.8856193582064
182,frame_000182.png,183,0.732,-831.652978285487,1460.4234419603506,-0.0022265083978595846,-0.12756953424778894,-0.004089771035640469,-0.23432661951704664,1394.677935069471,1394.677935069471,1394.677935069471
183,frame_000183.png,184,0.736,-825.8304034646965,1451.0717228657572,-0.0022422812816926597,-0.12847325392217426,-0.00382146698466063,-0.21895392976963898,1385.50581198819,1385.50581198819,1385.50581198819
184,frame_000184.png,185,0.74,-820.0451803915189,1441.746969101764,-0.0022569983902296685,-0.12931648212798083,-0.0035617512108904285,-0.20407331205963197,1376.3701150644451,1376.3701150644451,1376.3701150644451
185,frame_000185.png,186,0.744,-814.2971985816581,1432.450463652971,-0.0022706936249514134,-0.13010116127697782,-0.003310396664554578,-0.18967175739316225,1367.271661599263,1367.271661599263,1367.271661599263
186,frame_000186.png,187,0.748,-808.5863425494027,1423.183425660629,-0.002283399988372917,-0.1308291822739894,-0.0030671810213617375,-0.17573652752665275,1358.21122312129,1358.21122312129,1358.21122312129
187,frame_000187.png,188,0.752,-802.9124920579271,1413.9470129038655,-0.002295149602884306,-0.13150238559639765,-0.0028318866467803502,-0.16225515291996898,1349.1895271931917,1349.1895271931917,1349.1895271931917
188,frame_000188.png,189,0.756,-797.2755223598565,1404.7423241882261,-0.002305973729440584,-0.13212256236498787,-0.0026043005564374486,-0.14921543046743765,1340.2072591503684,1340.2072591503684,1340.2072591503684
189,frame_000189.png,190,0.76,-791.6753044284607,1395.570401644964,-0.0023159027860854857,-0.13269145540528704,-0.002384214372977648,-0.13660542102604914,1331.2650637745041,1331.2650637745041,1331.2650637745041
190,frame_000190.png,191,0.764,-786.1117051798259,1386.43223294439,-0.002324966366295906,-0.13321076029862242,-0.0021714242796997824,-0.12441344675903233,1322.3635469043656,1322.3635469043656,1322.3635469043656
191,frame_000191.png,192,0.768,-780.5845876863434,1377.3287534264637,-0.0023331932571346303,-0.13368212642219618,-0.0019657309712699973,-0.11262808831192293,1313.503276986181,1313.503276986181,1313.503276986181
192,frame_000192.png,193,0.772,-775.0938113818371,1368.2608481516963,-0.0023406114572002484,-0.13410715797753975,-0.0017669396017921772,-0.10123818183721807,1304.6847865658283,1304.6847865658283,1304.6847865658283
193,frame_000193.png,194,0.776,-769.6392322586457,1359.2293538753202,-0.0023472481943642293,-0.13448741500677347,-0.0015748597305002172,-0.0902328158827727,1295.908573725018,1295.908573725018,1295.908573725018
194,frame_000194.png,195,0.78,-764.2207030569591,1350.2350609475657,-0.0023531299432861504,-0.1348244143961552,-0.0013893052653200129,-0.07960132815813979,1287.1751034635113,1287.1751034635113,1287.1751034635113
195,frame_000195.png,196,0.784,-758.8380734466982,1341.2787151427904,-0.002358282442699053,-0.13511963086645815,-0.0012100944045345396,-0.06933330219222562,1278.484809029415,1278.484809029415,1278.484809029415
196,frame_000196.png,197,0.788,-753.4911902022196,1332.3610194200955,-0.0023627307124577733,-0.1353744979497685,-0.0010370495767705844,-0.05941856389478274,1269.8380931994498,1269.8380931994498,1269.8380931994498
197,frame_000197.png,198,0.792,-748.1798973701117,1323.4826356179713,-0.0023664990703439696,-0.13559040895234237,-0.0008699973795122801,-0.049847178033495004,1261.2353295110693,1261.2353295110693,1261.2353295110693
198,frame_000198.png,199,0.796,-742.9040364303423,1314.6441860854175,-0.0023696111486223486,-0.13576871790320783,-0.0007087685163336167,-0.040609444637665394,1252.6768634482014,1252.6768634482014,1252.6768634482014
199,frame_000199.png,200,0.8,-737.6634464510073,1305.846255251898,-0.002372089910343336,-0.13591074048823898,-0.0005531977330299059,-0.03169589533881847,1244.1630135823507,1244.1630135823507,1244.1630135823507
200,frame_000200.png,201,0.804,-732.4579642369193,1297.089391138394,-0.0023739576653881394,-0.1360177549694705,-0.00040312375281649146,-0.023097289657859992,1235.694072670702,1235.694072670702,1235.694072670702
201,frame_000201.png,202,0.808,-727.2874244722685,1288.374106811745,-0.002375236086252797,-0.13609100308945685,-0.0002583892107521843,-0.014804611247816511,1227.2703087128389,1227.2703087128389,1227.2703087128389
202,frame_000202.png,203,0.812,-722.1516598575772,1279.700881784379,-0.002375946223568416,-0.13613169096051655,-0.00011884058753425936,-0.0068090641005680835,1218.891965967594,1218.891965967594,1218.891965967594
203,frame_000203.png,204,0.8160000000000001,-717.0505012411635,1271.070163361461,-0.002376108521355372,-0.13614098993873347,1.567185719770353e-05,0.0008979312745601338,1210.5592659315366,1210.5592659315366,1210.5592659315366
204,frame_000204.png,205,0.8200000000000001,-711.9837777453199,1262.4823679374085,-0.0023757428320097746,-0.13612003748261783,0.00014529415192141015,0.008324741693029403,1202.2724082805012,1202.2724082805012,1202.2724082805012
205,frame_000205.png,206,0.8240000000000001,-706.9513168874051,1253.9378822436552,-0.0023748684310209824,-0.13606993799635797,0.0002701686805357921,0.01547952515131912,1194.0315717755439,1194.0315717755439,1194.0315717755439
206,frame_000206.png,207,0.8280000000000001,-701.9529446960411,1245.437064549471,-0.002373504031419435,-0.13599176365761997,0.0003904342497987219,0.022370234690823276,1185.8369151346383,1185.8369151346383,1185.8369151346383
207,frame_000207.png,208,0.8320000000000001,-696.9884858225989,1236.9802458175836,-0.0023716677979544703,-0.1358865552298768,0.0005062261567956028,0.029004622263515897,1177.6885778713959,1177.6885778713959,1177.6885778713959
208,frame_000208.png,209,0.836,-692.0577636481515,1228.5677308162763,-0.002369377361002208,-0.13575532285927136,0.0006176762563435238,0.035390242593924655,1169.5866811020264,1169.5866811020264,1169.5866811020264
209,frame_000209.png,210,0.84,-687.1606003860638,1220.1997991895803,-0.0023666498302039396,-0.13559904685603863,0.0007249130282426623,0.0415344570323524,1161.5313283217247,1161.5313283217247,1161.5313283217247
210,frame_000210.png,211,0.844,-682.2968171803835,1211.8767064871183,-0.002363501807835808,-0.1354186784605319,0.0008280616442933146,0.04744443739467016,1153.5226061516146,1153.5226061516146,1153.5226061516146
211,frame_000211.png,212,0.848,-677.4662342001935,1203.5986851550963,-0.0023599494019108753,-0.135215140593916,0.0009272440350030636,0.05312716978435632,1145.5605850573584,1145.5605850573584,1145.5605850573584
212,frame_000212.png,213,0.852,-672.6686707300754,1195.3659454898884,-0.0023560082390149577,-0.13498932859360638,0.0010225789559147151,0.05858945839280744,1137.6453200404658,1137.6453200404658,1137.6453200404658
213,frame_000213.png,214,0.856,-667.9039452568335,1187.1786765556026,-0.0023516934768778868,-0.13474211093354937,0.0011141820534909669,0.06383792927425173,1129.776851303343,1129.776851303343,1129.776851303343
214,frame_000214.png,215,0.86,-663.1718755526183,1179.0370470669675,-0.0023470198166820866,-0.13447432992945174,0.001202165930497382,0.06887903409191745,1121.9552048890264,1121.9552048890264,1121.9552048890264
215,frame_000215.png,216,0.864,-658.4722787545878,1170.941206238829,-0.0023420015151105946,-0.13418680242908138,0.001286640210829873,0.07371905383237416,1114.1803932965763,1114.1803932965763,1114.1803932965763
216,frame_000216.png,217,0.868,-653.8049714412357,1162.891284603495,-0.0023366523961368467,-0.13388032048777226,0.0013677116037377098,0.07836410248524003,1106.4524160730198,1106.4524160730198,1106.4524160730198
217,frame_000217.png,218,0.872,-649.1697697055139,1154.8873947971285,-0.00233098586255874,-0.13355565202927758,0.0014454839673975275,0.08282013068570422,1098.77126038271,1098.77126038271,1098.77126038271
218,frame_000218.png,219,0.876,-644.5664892248702,1146.9296323163335,-0.002325014907279659,-0.1332135414921249,0.0015200583717978784,0.08709292931754616,1091.1369015549594,1091.1369015549594,1091.1369015549594
219,frame_000219.png,220,0.88,-639.9949453283187,1139.0180762460475,-0.002318752124339299,-0.13285471046163574,0.0015915331608977543,0.0911881330745567,1083.5493036107428,1083.5493036107428,1083.5493036107428
220,frame_000220.png,221,0.884,-635.4549530606545,1131.152789959805,-0.0023122097196972597,-0.13247985828778008,0.001660004014026266,0.09511122397848054,1076.0084197692527,1076.0084197692527,1076.0084197692527
221,frame_000221.png,222,0.888,-630.946327243922,1123.3338217934004,-0.0023053995217725124,-0.1320896626890433,0.0017255640064939692,0.09886753485178941,1068.5141929350648,1068.5141929350648,1068.5141929350648
222,frame_000222.png,223,0.892,-626.4688825362417,1115.561205692939,-0.002298332991741951,-0.13168478034248968,0.001788303669389672,0.1024622527437867,1061.0665561666265,1061.0665561666265,1061.0665561666265
223,frame_000223.png,224,0.896,-622.0224334880934,1107.8349618382313,-0.0022910212336013295,-0.13126584746021164,0.0018483110485395544,0.10590042230871631,1053.6654331267687,1053.6654331267687,1053.6654331267687
224,frame_000224.png,225,0.9,-617.6067945961562,1100.1550972424457,-0.0022834750039919883,-0.13083348035235973,0.0019056717626082745,0.10918694913471065,1046.3107385159126,1046.3107385159126,1046.3107385159126
225,frame_000225.png,226,0.904,-613.2217803547954,1092.521606328905,-0.0022757047217968397,-0.13038827597695207,0.001960469060324377,0.11232660302256518,1039.0023784886143,1039.0023784886143,1039.0023784886143
226,frame_000226.png,227,0.908,-608.8672053052883,1084.9344714858762,-0.0022677204775091477,-0.12993081247666588,0.0020127838768148262,0.11532402121346934,1031.7402510540733,1031.7402510540733,1031.7402510540733
227,frame_000227.png,228,0.912,-604.5428840828724,1077.393663600176,-0.002259532042377696,-0.12946164970281704,0.002062694889035885,0.11818371156496188,1024.5242464611908,1024.5242464611908,1024.5242464611908
228,frame_000228.png,229,0.916,-600.2486314617033,1069.8991425703764,-0.0022511488773319806,-0.12898132972673595,0.002110278570289637,0.12091005567449763,1017.3542475687741,1017.3542475687741,1017.3542475687741
229,frame_000229.png,230,0.92,-595.9842623977976,1062.4508578003743,-0.0022425801416911142,-0.128490377338751,0.0021556092438175314,0.1235073119501314,1010.2301302014212,1010.2301302014212,1010.2301302014212
230,frame_000230.png,231,0.924,-591.7495920700414,1055.0487486740556,-0.0022338347016601394,-0.12798930053499138,0.002198759135464235,0.12597961862793433,1003.1517634916386,1003.1517634916386,1003.1517634916386
231,frame_000231.png,232,0.928,-587.5444359193376,1047.6927450117566,-0.0022249211386174902,-0.1274785909922238,0.0022397984254069053,0.128330996735863,996.1190102086889,996.1190102086889,996.1190102086889
232,frame_000232.png,233,0.932,-583.3686096859624,1040.3827675092045,-0.0022158477571973477,-0.1269587245309372,0.0022787952989465118,0.13056535300388786,989.1317270746772,989.1317270746772,989.1317270746772
233,frame_000233.png,234,0.936,-579.2219294452004,1033.118728159587,-0.0022066225931706477,-0.12643016156689138,0.002315815996359478,0.13268648272028172,982.1897650683488,982.1897650683488,982.1897650683488
234,frame_000234.png,235,0.9400000000000001,-575.1042116413261,1025.9005306593815,-0.0021972534211285016,-0.12589334755134446,0.002350924861809314,0.13469807253404997,975.2929697170564,975.2929697170564,975.2929697170564
235,frame_000235.png,236,0.9440000000000001,-571.0152731199919,1018.728070798552,-0.002187747761971795,-0.12534871340017528,0.0023841843913192003,0.13660370320355728,968.4411813773381,968.4411813773381,968.4411813773381
236,frame_000236.png,237,0.9480000000000001,-566.954931159088,1011.6012368356916,-0.0021781128902107127,-0.12479667591211548,0.0024156552798077647,0.13840685229147887,961.6342355045376,961.6342355045376,961.6342355045376
237,frame_000237.png,238,0.9520000000000001,-562.9230034981301,1004.5199098586777,-0.002168355841077938,-0.12423763817630572,0.0024453964671913124,0.14011089680626387,954.8719629118723,954.8719629118723,954.8719629118723
238,frame_000238.png,239,0.9560000000000001,-558.9193083662337,997.4839641313781,-0.0021584834174592513,-0.12367198996938969,0.0024734651835570335,0.1417191157903695,948.1541900193406,948.1541900193406,948.1541900193406
239,frame_000239.png,240,0.96,-554.9436645087288,990.4932674269292,-0.0021485021966452366,-0.12310010814235851,0.002499916993412345,0.1432346928555614,941.4807390928613,941.4807390928613,941.4807390928613
240,frame_000240.png,241,0.964,-550.9958912124677,983.5476813480875,-0.002138418536907782,-0.12252235699735638,0.0025248058390167673,0.14466071866564753,934.8514284739958,934.8514284739958,934.8514284739958
241,frame_000241.png,242,0.968,-547.0758083298767,976.6470616351396,-0.002128238583905028,-0.12193908865465702,0.0025481840828032697,0.14600019336704204,928.2660728006163,928.2660728006163,928.2660728006163
242,frame_000242.png,243,0.972,-543.1832363018021,969.7912584618314,-0.002117968276918397,-0.12135064341001936,0.0025701025488969083,0.14725602896760814,921.7244832188558,921.7244832188558,921.7244832188558
243,frame_000243.png,244,0.976,-539.3179961791936,962.9801167197686,-0.0021076133549252987,-0.12075735008262763,0.0025906105637392342,0.14843105166426507,915.2264675866647,915.2264675866647,915.2264675866647
244,frame_000244.png,245,0.98,-535.4799096436749,956.2134762917178,-0.002097179362511067,-0.12015952635382064,0.002609755995827457,0.14952800411987457,908.7718306692982,908.7718306692982,908.7718306692982
245,frame_000245.png,246,0.984,-531.6687990270419,949.4911723142228,-0.00208667165562366,-0.11955747909681166,0.0026275852945781414,0.15054954768996665,902.3603743270198,902.3603743270198,902.3603743270198
246,frame_000246.png,247,0.988,-527.884487329732,942.8130354299368,-0.0020760954071746014,-0.11895150469759883,0.0026441435283254735,0.15149826459987986,895.991897695332,895.991897695332,895.991897695332
247,frame_000247.png,248,0.992,-524.1267982383035,936.1788920300553,-0.002065455612489601,-0.11834188936726259,0.002659474421464726,0.1523766600729251,889.6661973580033,889.6661973580033,889.6661973580033
248,frame_000248.png,249,0.996,-520.3955561419658,929.5885644872208,-0.002054757094612266,-0.11772890944584602,0.0026736203907519428,0.15318716441020433,883.3830675131644,883.3830675131644,883.3830675131644
249,frame_000249.png,250,1.0,-516.6905861481958,923.0418713792545,-0.002044004509464241,-0.11711283169800915,0.0026866225807711582,0.15393213502273248,877.1423001327385,877.1423001327385,877.1423001327385
250,frame_000250.png,251,1.004,-513.0117140974783,916.5386277040611,-0.0020332023508651,-0.11649391360064741,0.0026985208985809243,0.15461385841653744,870.9436851154483,870.9436851154483,870.9436851154483
251,frame_000251.png,252,1.008,-509.3587665772029,910.078645086036,-0.002022354955415237,-0.11587240362266085,0.002709354047551996,0.15523455213141632,864.7870104336498,864.7870104336498,864.7870104336498
252,frame_000252.png,253,1.012,-505.73157093475373,903.6617319742932,-0.0020114665072449743,-0.11524854149705785,0.0027191595604084927,0.15579636663405486,858.6720622742207,858.6720622742207,858.6720622742207
253,frame_000253.png,254,1.016,-502.1299552898207,897.2876938330228,-0.0020005410426330535,-0.11462255848557526,0.0027279738314849138,0.156301387166218,852.5986251737249,852.5986251737249,852.5986251737249
254,frame_000254.png,255,1.02,-498.55374854596585,890.956333324271,-0.001989582454497615,-0.1139946776359925,0.002735832148211553,0.1567516355487315,846.5664821480777,846.5664821480777,846.5664821480777
255,frame_000255.png,256,1.024,-495.00278040147293,884.6674504834291,-0.0019785944967627314,-0.11336511403231553,0.002742768721841161,0.1571490719419898,840.5754148169076,840.5754148169076,840.5754148169076
256,frame_000256.png,257,1.028,-491.4768813595099,878.4208428877039,-0.001967580788603507,-0.11273407503800319,0.0027488167174295874,0.15749559656372036,834.6252035228267,834.6252035228267,834.6252035228267
257,frame_000257.png,258,1.032,-487.9758827376306,872.2163058178343,-0.001956544818572699,-0.11210176053240502,0.0027540082830834894,0.15779305136475402,828.7156274457889,828.7156274457889,828.7156274457889
258,frame_000258.png,259,1.036,-484.4996166766439,866.0536324133076,-0.0019454899486117659,-0.11146836314057759,0.00275837457848801,0.15804322166354043,822.8464647127346,822.8464647127346,822.8464647127346
259,frame_000259.png,260,1.04,-481.04791614887347,859.9326138213194,-0.001934419417949208,-0.11083406845664286,0.0027619458027275563,0.15824783774016124,817.0174925026895,817.0174925026895,817.0174925026895
260,frame_000260.png,261,1.044,-477.62061496583533,853.853039339714,-0.0019233363468889877,-0.11019905526084865,0.0027647512214127503,0.15840857639059,811.2284871474956,811.2284871474956,811.2284871474956
261,frame_000261.png,262,1.048,-474.2175477853545,847.8146965541305,-0.00191224374049179,-0.1095634957304894,0.0027668191931266486,0.1585270624419488,805.4792242283356,805.4792242283356,805.4792242283356
262,frame_000262.png,263,1.052,-470.8385501181449,841.8173714695735,-0.0019011444921518171,-0.10892755564484138,0.0027681771952032547,0.15860487022950834,799.7694786682177,799.7694786682177,799.7694786682177
263,frame_000263.png,264,1.056,-467.483458333874,835.8608486366189,-0.0018900413870717634,-0.10829139458426404,0.002768851848851478,0.15864352503618462,794.0990248205594,794.0990248205594,794.0990248205594
264,frame_000264.png,265,1.06,-464.152109666733,829.9449112724565,-0.0018789371056385626,-0.10765516612361616,0.002768868943637393,0.15864450449526923,788.4676365540365,788.4676365540365,788.4676365540365
265,frame_000265.png,266,1.064,-460.84434222053295,824.0693413769638,-0.00186783422670245,-0.1070190180201322,0.0027682534613378794,0.1586092399571421,782.8750873338217,782.8750873338217,782.8750873338217
266,frame_000266.png,267,1.068,-457.5599949733466,818.2339198440009,-0.00185673523076183,-0.10638309239590184,0.002767029599178388,0.1585391178206975,777.3211502993634,777.3211502993634,777.3211502993634
267,frame_000267.png,268,1.072,-454.2989077817143,812.4384265681032,-0.0018456425030563836,-0.10574752591509193,0.0027652207924676684,0.1584354808302183,771.8055983388278,771.8055983388278,771.8055983388278
268,frame_000268.png,269,1.076,-451.0609213844324,806.6826405467502,-0.0018345583365708077,-0.10511244995604807,0.0027628497366420646,0.1582996293384213,766.3282041603379,766.3282041603379,766.3282041603379
269,frame_000269.png,270,1.08,-447.8458774059406,800.9663399783744,-0.0018234849349515214,-0.10447799077840964,0.002759938408732076,0.1581328225364003,760.8887403601188,760.8887403601188,760.8887403601188
270,frame_000270.png,271,1.084,-444.6536183593268,795.2893023562729,-0.001812424415338626,-0.10384426968536906,0.002756508088263443,0.1579362796511703,755.486979487689,755.486979487689,755.486979487689
271,frame_000271.png,272,1.088,-441.4839876489632,789.6513045585764,-0.001801378811115357,-0.10321140318120386,0.0027525793776052663,0.1577111811115287,750.1226941081836,750.1226941081836,750.1226941081836
272,frame_000272.png,273,1.092,-438.3368295727909,784.0521229344266,-0.001790350074577213,-0.10257950312420648,0.0027481722217772026,0.15745866968292418,744.795656861942,744.795656861942,744.795656861942
273,frame_000273.png,274,1.096,-435.21198932426745,778.4915333865035,-0.0017793400795229094,-0.10194867687513498,0.002743305927727804,0.15717985157202402,739.5056405214541,739.5056405214541,739.5056405214541
274,frame_000274.png,275,1.1,-432.10931299399056,772.9693114500424,-0.0017683506237692393,-0.10131902744130393,0.002737999183095991,0.1568757975016674,734.2524180457617,734.2524180457617,734.2524180457617
275,frame_000275.png,276,1.104,-429.02864757101383,767.4852323684743,-0.0017573834315918915,-0.100690653616433,0.0027322700744672676,0.15654754375686958,729.0357626324237,729.0357626324237,729.0357626324237
276,frame_000276.png,277,1.108,-425.9698409438656,762.0390711658173,-0.0017464401560942256,-0.10006365011636782,0.002726136105136376,0.1561960932025468,723.8554477671291,723.8554477671291,723.8554477671291
277,frame_000277.png,278,1.112,-422.93274190128517,756.6306027159424,-0.0017355223815059488,-0.09943810771078439,0.0027196142123876946,0.1558224162736104,718.7112472710551,718.7112472710551,718.7112472710551
278,frame_000278.png,279,1.116,-419.91720013268775,751.2596018088343,-0.001724631625413611,-0.09881411335098704,0.0027127207843047844,0.1554274519380827,713.6029353460474,713.6029353460474,713.6029353460474
279,frame_000279.png,280,1.12,-416.92306622837066,745.92584321396,-0.0017137693409247704,-0.09819175029390605,0.002705471676119963,0.15501210863385867,708.5302866177224,708.5302866177224,708.5302866177224
280,frame_000280.png,281,1.124,-413.95019167947135,740.6291017408561,-0.0017029369187676544,-0.0975710982223993,0.0026978822261150386,0.15457726517975096,703.4930761765486,703.4930761765486,703.4930761765486
281,frame_000281.png,282,1.1280000000000001,-410.99842887768887,735.3691522970416,-0.0016921356893280872,-0.09695223336195966,0.0026899672710837524,0.1541237716614224,698.4910796170107,698.4910796170107,698.4910796170107
282,frame_000282.png,283,1.1320000000000001,-408.06763111477875,730.1457699433577,-0.0016813669246254174,-0.09633522859392722,0.0026817411613665985,0.15365245029281796,693.5240730749074,693.5240730749074,693.5240730749074
283,frame_000283.png,284,1.1360000000000001,-405.15765258183154,724.958729946833,-0.0016706318402291357,-0.09572015356530353,0.002673217775468348,0.15316409625368688,688.5918332628717,688.5918332628717,688.5918332628717
284,frame_000284.png,285,1.1400000000000001,-402.26834836834496,719.8078078311701,-0.0016599315971178308,-0.09510707479526183,0.002664410534268514,0.15265947850378264,683.6941375041711,683.6941375041711,683.6941375041711
285,frame_000285.png,286,1.1440000000000001,-399.39957446109867,714.6927794249423,-0.0016492673034820926,-0.0944960557784458,0.002655332414834694,0.15213934057430908,678.830763764865,678.830763764865,678.830763764865
286,frame_000286.png,287,1.1480000000000001,-396.5511877428407,709.6134209075916,-0.0016386400164729328,-0.09388715708514675,0.0026459959638487247,0.15160440133718228,674.0014906843712,674.0014906843712,674.0014906843712
287,frame_000287.png,288,1.1520000000000001,-393.72304599079416,704.5695088533096,-0.0016280507438972511,-0.09328043645844655,0.0026364133106552435,0.15105535575265824,669.206097604512,669.206097604512,669.206097604512
288,frame_000288.png,289,1.156,-390.915007874993,699.5608202728838,-0.0016175004458618383,-0.09267594890841224,0.0026265961799420996,0.15049287559586683,664.4443645970991,664.4443645970991,664.4443645970991
289,frame_000289.png,290,1.16,-388.1269329564538,694.5871326535887,-0.0016069900363673729,-0.09207374680342514,0.002616555904061981,0.14991761016278904,659.7160724901057,659.7160724901057,659.7160724901057
290,frame_000290.png,291,1.164,-385.358681685192,689.6482239971949,-0.0015965203848538258,-0.09147387995872613,0.0026063034350042973,0.1493301869561953,655.0210028924919,655.0210028924919,655.0210028924919
291,frame_000291.png,292,1.168,-382.61011539809033,684.743872856171,-0.0015860923176986561,-0.09087639572225592,0.0025958493560262596,0.1487312123520573,650.3589382177288,650.3589382177288,650.3589382177288
292,frame_000292.png,293,1.172,-379.8810963166253,679.8738583681468,-0.0015757066196691435,-0.09028133905786752,0.0025852038929519063,0.1481212722469345,645.7296617060747,645.7296617060747,645.7296617060747
293,frame_000293.png,294,1.176,-377.17148754445947,675.0379602887057,-0.001565364035330167,-0.08968875262598605,0.0025743769251476787,0.14750093268682823,641.1329574456511,641.1329574456511,641.1329574456511
294,frame_000294.png,295,1.18,-374.4811530649059,670.2359590225709,-0.0015550652704087108,-0.08909867686178924,0.002563377996182793,0.14687074047797608,636.5686103923729,636.5686103923729,636.5686103923729
295,frame_000295.png,296,1.184,-371.8099577382712,665.4676356532478,-0.0015448109931163378,-0.08851115005097943,0.0025522163241828606,0.1462312237800706,632.0364063887589,632.0364063887589,632.0364063887589
296,frame_000296.png,297,1.188,-369.1577672990825,660.732771971183,-0.0015346018354308443,-0.0879262084032171,0.002540900811884553,0.14558289268234922,627.5361321816945,627.5361321816945,627.5361321816945
297,frame_000297.png,298,1.192,-366.52444835320523,656.0311505004958,-0.001524438394338276,-0.0873438861232831,0.0025294400563993045,0.14492623976301305,623.0675754391634,623.0675754391634,623.0675754391634
298,frame_000298.png,299,1.196,-363.9098683748566,651.3625545243419,-0.0015143212330364518,-0.0867642154800355,0.002517842358693732,0.1442617406324152,618.6305247660016,618.6305247660016,618.6305247660016
299,frame_000299.png,300,1.2,-361.31389570352025,646.7267681089579,-0.0015042508821011176,-0.08618722687322522,0.0025061157327942677,0.14358985446044709,614.2247697187122,614.2247697187122,614.2247697187122
300,frame_000300.png,301,1.204,-358.73639954076725,642.1235761264413,-0.0014942278406158143,-0.0856129488982328,0.002494267914723368,0.1429110244885457,609.8501008193718,609.8501008193718,609.8501008193718
301,frame_000301.png,302,1.208,-356.1772499469888,637.5527642763154,-0.001484252577266523,-0.08504140840878688,0.0024823063711744992,0.1422256785267336,605.5063095686733,605.5063095686733,605.5063095686733
302,frame_000302.png,303,1.212,-353.6363178380446,633.0141191059251,-0.0014743255314021149,-0.0844726305777235,0.002470238307932927,0.14153422943609453,601.1931884581315,601.1931884581315,601.1931884581315
303,frame_000303.png,304,1.216,-351.1134749818322,628.507428029712,-0.0014644471140616133,-0.08390663895584391,0.0024580706780491374,0.14083707559707614,596.9105309814938,596.9105309814938,596.9105309814938
304,frame_000304.png,305,1.22,-348.60859399478164,624.0324793474099,-0.0014546177089692395,-0.0833434555289265,0.0024458101897716546,0.14013460136400677,592.658131645378,592.658131645378,592.658131645378
305,frame_000305.png,306,1.224,-346.1215483382789,619.5890622612073,-0.0014448376734981956,-0.08278310077294744,0.002433463314245746,0.13942717750619882,588.4357859791771,588.4357859791771,588.4357859791771
306,frame_000306.png,307,1.228,-343.6522123150231,615.1769668919144,-0.0014351073396041056,-0.082225593707563,0.0024210362929844836,0.13871516163600914,584.2432905442538,584.2432905442538,584.2432905442538
307,frame_000307.png,308,1.232,-341.20046106532106,610.7959842941746,-0.0014254270147290135,-0.0816709519479047,0.002408535145118308,0.1379988986242083,580.0804429424622,580.0804429424622,580.0804429424622
308,frame_000308.png,309,1.236,-338.7661705633226,606.4459064707611,-0.001415796982676814,-0.08111919175473797,0.0023959656744292675,0.1372787210030129,575.9470418240132,575.9470418240132,575.9470418240132
309,frame_000309.png,310,1.24,-336.3492176132006,602.1265263859916,-0.0014062175044609626,-0.08057032808303217,0.002383333476175864,0.13655494935712034,571.8428868947176,571.8428868947176,571.8428868947176
310,frame_000310.png,311,1.244,-333.94947984527926,597.8376379782986,-0.0013966888191252924,-0.08002437462899008,0.002370643943714298,0.13582789270307835,567.7677789226309,567.7677789226309,567.7677789226309
311,frame_000311.png,312,1.248,-331.56683571211346,593.5790361719885,-0.0013872111445387423,-0.07948134387558235,0.002357902274921747,0.13509784885731163,563.7215197441262,563.7215197441262,563.7215197441262
312,frame_000312.png,313,1.252,-329.20116448452274,589.350516888221,-0.0013777846781647732,-0.07894124713663193,0.0023451134784272624,0.13436510479312597,559.7039122694123,559.7039122694123,559.7039122694123
313,frame_000313.png,314,1.256,-326.8523462475833,585.1518770552425,-0.0013684095978062374,-0.07840409459949184,0.0023322823796556175,0.1336299369869952,555.7147604875277,555.7147604875277,555.7147604875277
314,frame_000314.png,315,1.26,-324.5202618965797,580.9829146179013,-0.0013590860623264318,-0.0778698953663585,0.0023194136266893855,0.13289261175443368,551.753869470826,551.753869470826,551.753869470826
315,frame_000315.png,316,1.264,-322.204793132921,576.843428546475,-0.0013498142123470587,-0.07733865749426196,0.0023065116959543556,0.13215338557574632,547.8210453789802,547.8210453789802,547.8210453789802
316,frame_000316.png,317,1.268,-319.9058224600218,572.7332188448374,-0.0013405941709237847,-0.07681038803377256,0.002293580897733281,0.13141250541194346,543.916095462519,543.916095462519,543.916095462519
317,frame_000317.png,318,1.272,-317.62323317915275,568.6520865579922,-0.001331426044200079,-0.07628509306646312,0.0022806253815128314,0.13067020901109844,540.0388280659192,540.0388280659192,540.0388280659192
318,frame_000318.png,319,1.276,-315.3569093852619,564.5998337789991,-0.001322309922039988,-0.07576277774116423,0.0022676491411684346,0.12992672520541712,536.1890526302757,536.1890526302757,536.1890526302757
319,frame_000319.png,320,1.28,-313.10673596276916,560.5762636553173,-0.0013132458786404833,-0.0752434463090492,0.002254656019991759,0.12918227419929154,532.3665796955543,532.3665796955543,532.3665796955543
320,frame_000320.png,321,1.284,-310.8725985813375,556.5811803945902,-0.001304233973124007,-0.07472710215758445,0.002241649715565147,0.12843706784858439,528.5712209024653,528.5712209024653,528.5712209024653
321,frame_000321.png,322,1.288,-308.6543836916208,552.6143892698944,-0.0012952742501118146,-0.07421374784337957,0.0022286337844875694,0.127691309931406,524.8027889939526,524.8027889939526,524.8027889939526
322,frame_000322.png,323,1.292,-306.4519785209929,548.6756966244759,-0.0012863667402787024,-0.07370338512397097,0.00221561164695621,0.12694519641062021,521.0610978163334,521.0610978163334,521.0610978163334
323,frame_000323.png,324,1.296,-304.26527106925806,544.7649098759925,-0.0012775114608896897,-0.07319601498857135,0.0022025865912079744,0.1261989156883237,517.3459623200861,517.3459623200861,517.3459623200861
324,frame_000324.png,325,1.3,-302.0941501043456,540.881837520287,-0.001268708416319205,-0.07269163768781702,0.0021895617778248597,0.12545264885252572,513.6571985603202,513.6571985603202,513.6571985603202
325,frame_000325.png,326,1.304,-299.93850515799045,537.0262891347062,-0.0012599575985533169,-0.07219025276254354,0.002176540243907176,0.12470656991625598,509.99462369692696,509.99462369692696,509.99462369692696
326,frame_000326.png,327,1.308,-297.7982265214012,533.1980753809884,-0.0012512589876755268,-0.07169185907161957,0.002163524907118468,0.12396084604932166,506.35805599443006,506.35805599443006,506.35805599443006
327,frame_000327.png,328,1.312,-295.6732052409174,529.3970080077361,-0.0012426125523366314,-0.0711964548188681,0.0021505185696058396,0.12321563780292537,502.7473148215529,502.7473148215529,502.7473148215529
328,frame_000328.png,329,1.316,-293.563333113658,525.6228998524913,-0.001234018250209146,-0.07070403757910289,0.002137523921799323,0.12247109932735305,499.16222065051033,499.16222065051033,499.16222065051033
329,frame_000329.png,330,1.32,-291.46850268316206,521.875564843431,-0.0012254760284267645,-0.0702146043233077,0.002124543546093852,0.12172737858293539,495.6025950560389,495.6025950560389,495.6025950560389
330,frame_000330.png,331,1.324,-289.38860723502336,518.1548180006989,-0.0012169858240093196,-0.06972815144298479,0.0021115799204172213,0.12098461754447704,492.06826071417856,492.06826071417856,492.06826071417856
331,frame_000331.png,332,1.328,-287.32354079252076,514.4604754373889,-0.0012085475642736924,-0.06924467477369817,0.002098635421687451,0.12024295239934875,488.5590414008143,488.5590414008143,488.5590414008143
332,frame_000332.png,333,1.332,-285.273198112245,510.7923543601952,-0.0012001611672311072,-0.06876416961783703,0.002085712329162777,0.11950251373942784,485.074761989991,485.074761989991,485.074761989991
333,frame_000333.png,334,1.336,-283.2374746797234,507.1502730697441,-0.0011918265419712346,-0.06828663076662321,0.0020728128276874093,0.11876342674706651,481.61524845201143,481.61524845201143,481.61524845201143
334,frame_000334.png,335,1.34,-281.2162667050444,503.5340509606215,-0.0011835435890335136,-0.0678120525213863,0.0020599390108361907,0.11802581137526728,478.1803278513278,478.1803278513278,478.1803278513278
335,frame_000335.png,336,1.344,-279.2094711184821,499.94350852110813,-0.0011753122007660919,-0.06734042871412954,0.0020470928839611,0.117289782522235,474.76982834423484,474.76982834423484,474.76982834423484
336,frame_000336.png,337,1.348,-277.2169855661225,496.378467332637,-0.00116713226167277,-0.06687175272740813,0.0020342763671425705,0.11655545020047482,471.38357917637416,471.38357917637416,471.38357917637416
337,frame_000337.png,338,1.352,-275.23870840549273,492.838750068985,-0.0011590036487483257,-0.06640601751354198,0.0020214912980483857,0.11582291970059488,468.02141068006256,468.02141068006256,468.02141068006256
338,frame_000338.png,339,1.356,-273.27453870119365,489.3241804952099,-0.0011509262318025809,-0.06594321561318335,0.002008739434702974,0.11509229174997522,464.68315427144626,464.68315427144626,464.68315427144626
339,frame_000339.png,340,1.36,-271.3243762205377,485.83458346634495,-0.0011428998737735671,-0.06548333917325992,0.0019960224581697245,0.11436366266645312,461.3686424474947,461.3686424474947,461.3686424474947
340,frame_000340.png,341,1.364,-269.3881214291919,482.3697849258622,-0.0011349244310301287,-0.06502637996431267,0.00198334197514897,0.11363712450717657,458.0777087828403,458.0777087828403,458.0777087828403
341,frame_000341.png,342,1.368,-267.4656754868276,478.9296119039142,-0.0011269997536642992,-0.06457232939724777,0.0019706995204941185,0.11291276521276808,454.8101879264709,454.8101879264709,454.8101879264709
342,frame_000342.png,343,1.372,-265.55694024277796,475.51389251536546,-0.0011191256857737712,-0.06412117853952104,0.0019580965596484347,0.11219066874694177,451.5659155982828,451.5659155982828,451.5659155982828
343,frame_000343.png,344,1.3760000000000001,-263.66181823170365,472.1224559576224,-0.0011113020657347733,-0.06367291813077249,0.0019455344910048519,0.11147091523171083,448.3447285855009,448.3447285855009,448.3447285855009
344,frame_000344.png,345,1.3800000000000001,-261.78021266926726,468.7551325082721,-0.0011035287264656584,-0.0632275385979289,0.001933014648191094,0.11075358107831532,445.1464647389754,445.1464647389754,445.1464647389754
345,frame_000345.png,346,1.3840000000000001,-259.91202744781776,465.41175352253833,-0.001095805495681494,-0.06278503006979076,0.001920538302282419,0.11003873911400293,441.97096296935706,441.97096296935706,441.97096296935706
346,frame_000346.png,347,1.3880000000000001,-258.0571671320859,462.0921514305639,-0.0010881321961399451,-0.06234538239112034,0.0019081066639441294,0.10932645870478591,438.81806324316176,438.81806324316176,438.81806324316176
347,frame_000347.png,348,1.3920000000000001,-256.2155369548899,458.7961597345273,-0.0010805086458787212,-0.06190858513624636,0.0018957208855060201,0.1086168058742981,435.68760657872576,435.68760657872576,435.68760657872576
348,frame_000348.png,349,1.3960000000000001,-254.3870428128539,455.5236130056021,-0.0010729346584448583,-0.06147462762220089,0.0018833820629707808,0.10790984341886799,432.57943504206287,432.57943504206287,432.57943504206287
349,frame_000349.png,350,1.4000000000000001,-252.57159126213836,452.2743468807668,-0.0010654100431160966,-0.0610434989214034,0.0018710912379584022,0.10720563101892486,429.493391742624,429.493391742624,429.493391742624
350,frame_000350.png,351,1.4040000000000001,-250.76908951418363,449.04819805947216,-0.001057934605114602,-0.06061518787390605,0.0018588493995885195,0.10650422534684927,426.4293208289679,426.4293208289679,426.4293208289679
351,frame_000351.png,352,1.408,-248.9794454314673,445.8450043001736,-0.0010505081458132828,-0.06018968309921478,0.001846657486302571,0.10580568017137494,423.3870674843463,423.3870674843463,423.3870674843463
352,frame_000352.png,353,1.412,-247.20256752327532,442.6646044167355,-0.0010431304629349317,-0.059766973007699335,0.0018345163876276604,0.1051100464586507,420.3664779222081,420.3664779222081,420.3664779222081
353,frame_000353.png,354,1.416,-245.43836494148815,439.5068382747133,-0.0010358013507444268,-0.05934704581160553,0.0018224269458838377,0.10441737247006037,417.3673993816308,417.3673993816308,417.3673993816308
354,frame_000354.png,355,1.42,-243.68674747638167,436.3715467875212,-0.0010285206002342117,-0.058929889535682484,0.001810389957836605,0.10372770385690452,414.38968012267696,414.38968012267696,414.38968012267696
355,frame_000355.png,356,1.424,-241.94762555244398,433.25857191248986,-0.0010212879993032754,-0.05851549202743744,0.0017984061762962656,0.10304108375203629,411.4331694216892,411.4331694216892,411.4331694216892
356,frame_000356.png,357,1.428,-240.22091022420784,430.1677566468212,-0.0010141033329298342,-0.058103840967029696,0.0017864763116657951,0.10235755285854793,408.49771756651853,408.49771756651853,408.49771756651853
357,frame_000357.png,358,1.432,-238.50651317209977,427.0989450234453,-0.001006966383337925,-0.057694923876815685,0.0017746010334387984,0.10167714953559742,405.583175851697,405.583175851697,405.583175851697
358,frame_000358.png,359,1.436,-236.80434669830575,424.05198210678515,-0.0009998769301581025,-0.05728872813055625,0.0017627809716490956,0.10099990988146361,402.6893965735553,402.6893965735553,402.6893965735553
359,frame_000359.png,360,1.44,-235.11432372265406,421.0267139884338,-0.0009928347505824319,-0.0568852409622971,0.0017510167182734574,0.100325867813917,399.8162330252874,399.8162330252874,399.8162330252874
360,frame_000360.png,361,1.444,-233.43635777851566,418.0229877827501,-0.0009858396195139623,-0.05648444947493295,0.0017393088285888921,0.09965505514798666,396.9635394919719,396.9635394919719,396.9635394919719
361,frame_000361.png,362,1.448,-231.77036300872226,415.04065162237623,-0.0009788913097108596,-0.05608634064846579,0.0017276578224859158,0.09898750167120496,394.1311712455472,394.1311712455472,394.1311712455472
362,frame_000362.png,363,1.452,-230.1162541615025,412.0795546536832,-0.00097198959192537,-0.05569090134796686,0.001716064185739205,0.09832323521641065,391.31898453974486,391.31898453974486,391.31898453974486
363,frame_000363.png,364,1.456,-228.47394658643648,409.1395470321475,-0.0009651342350377863,-0.05529811833125237,0.0017045283712368714,0.09766228173218111,388.52683660498974,388.52683660498974,388.52683660498974
364,frame_000364.png,365,1.46,-226.84335623042892,406.22047991766385,-0.0009583250061855756,-0.05490797825628199,0.001693050800169761,0.09700466535097423,385.75458564326004,385.75458564326004,385.75458564326004
365,frame_000365.png,366,1.464,-225.22439963370124,403.3222054697978,-0.000951561670887828,-0.0545204676882892,0.0016816318631819012,0.09635040845504403,383.002090822922,383.002090822922,383.002090822922
366,frame_000366.png,367,1.468,-223.61699392580266,400.4445768429822,-0.0009448439931651799,-0.05413557310665241,0.0016702719214834044,0.09569953174020548,380.26921227353023,380.26921227353023,380.26921227353023
367,frame_000367.png,368,1.472,-222.02105682164063,397.58744818166116,-0.0009381717356553576,-0.05375328091151512,0.001658971307926969,0.09505205427751343,377.5558110806048,377.5558110806048,377.5558110806048
368,frame_000368.png,369,1.476,-220.43650661753082,394.7506746153855,-0.0009315446597244862,-0.05337357743016346,0.0016477303280490845,0.09440799357291915,374.8617492803851,374.8617492803851,374.8617492803851
369,frame_000369.png,370,1.48,-218.8632621872669,391.9341122538624,-0.0009249625255743022,-0.05299644892316899,0.0016365492610771028,0.09376736562497148,372.1868898545606,372.1868898545606,372.1868898545606
370,frame_000370.png,371,1.484,-217.30124297820998,389.1376181819634,-0.0009184250923454042,-0.05262188159030455,0.0016254283609031884,0.09313018498061988,369.53109672498545,369.53109672498545,369.53109672498545
371,frame_000371.png,372,1.488,-215.75036900739838,386.3610504546931,-0.0009119321182166722,-0.05224986157624057,0.0016143678570262566,0.09249646478918361,366.89423474837236,366.89423474837236,366.89423474837236
372,frame_000372.png,373,1.492,-214.21056085767736,383.60426809212254,-0.0009054833605009817,-0.051880374976029084,0.0016033679554628448,0.09186621685454076,364.2761697109761,364.2761697109761,364.2761697109761
373,frame_000373.png,374,1.496,-212.6817396738493,380.86713107428926,-0.0008990785757373343,-0.05151340784038239,0.0015924288396279157,0.0912394516855946,361.6767683232629,361.6767683232629,361.6767683232629
374,frame_000374.png,375,1.5,-211.16382715884438,378.1495003360674,-0.0008927175197795238,-0.0511489461807533,0.0015815506711865431,0.09061617854507154,359.0958982145702,359.0958982145702,359.0958982145702
375,frame_000375.png,376,1.504,-209.65674556991166,375.4512377620103,-0.0008863999478814524,-0.05078697597422336,0.001570733590877428,0.08999640549670518,356.53342792775425,356.53342792775425,356.53342792775425
376,frame_000376.png,377,1.508,-208.16041771483106,372.77220618116854,-0.0008801256147792074,-0.05042748316820549,0.0015599777193090773,0.08938013945085392,353.98922691383666,353.98922691383666,353.98922691383666
377,frame_000377.png,378,1.512,-206.674766948146,370.11226936188507,-0.0008738942747700064,-0.050070453684967264,0.0015492831577295528,0.0887673862086044,351.4631655266419,351.4631655266419,351.4631655266419
378,frame_000378.png,379,1.516,-205.19971716741685,367.47129200657093,-0.000867705681788115,-0.049715873425980606,0.0015386499887706127,0.08815815050440762,348.95511501743215,348.95511501743215,348.95511501743215
379,frame_000379.png,380,1.52,-203.73519280949546,364.8491397464628,-0.000861559589477838,-0.04936372827610393,0.001528078277167064,0.0875524360472948,346.4649475295414,346.4649475295414,346.4649475295414
380,frame_000380.png,381,1.524,-202.2811188468205,362.24567913636514,-0.0008554557512636811,-0.049014004107602066,0.0015175680704521228,0.0869502455607186,343.99253609300695,343.99253609300695,343.99253609300695
381,frame_000381.png,382,1.528,-200.83742078373407,359.6607776493789,-0.0008493939204177782,-0.048666686784009615,0.0015071193996295138,0.08635158082106163,341.5377546192052,341.5377546192052,341.5377546192052
382,frame_000382.png,383,1.532,-199.40402465281932,357.0943036716185,-0.0008433738501246751,-0.04832176216384272,0.0014967322798230811,0.08575644269485629,339.1004778954873,339.1004778954873,339.1004778954873
383,frame_000383.png,384,1.536,-197.98085701125908,354.54612649691956,-0.0008373952935435594,-0.047979216104164626,0.0014864067109046208,0.08516483117475705,336.6805815798193,336.6805815798193,336.6805815798193
384,frame_000384.png,385,1.54,-196.5678449372159,352.0161163215385,-0.0008314580038680204,-0.04763903446400965,0.0014761426781006214,0.08457674541430406,334.2779421954277,334.2779421954277,334.2779421954277
385,frame_000385.png,386,1.544,-195.16491602623336,349.5041442388465,-0.0008255617343834242,-0.04730120310767051,0.001465940152578584,0.08399218376151682,331.8924371254516,331.8924371254516,331.8924371254516
386,frame_000386.png,387,1.548,-193.7719983876581,347.01008223401874,-0.0008197062385219829,-0.0469657079078536,0.0014557990920136005,0.0834111437913567,329.5239446076006,329.5239446076006,329.5239446076006
387,frame_000387.png,388,1.552,-192.3890206410839,344.53380317872126,-0.0008138912699155952,-0.04663253474870651,0.0014457194411357857,0.08283362233709257,327.1723437288233,327.1723437288233,327.1723437288233
388,frame_000388.png,389,1.556,-191.01591191281622,342.07518082579634,-0.0008081165824465359,-0.04630166952872233,0.001435701132259215,0.08225961552060662,324.83751441998345,324.83751441998345,324.83751441998345
389,frame_000389.png,390,1.56,-189.65260183235858,339.6340898039482,-0.000802381930296065,-0.04597309816352473,0.0014257440857929219,0.08168911878167238,322.51933745054873,322.51933745054873,322.51933745054873
390,frame_000390.png,391,1.564,-188.29902052891993,337.2104056124305,-0.0007966870679910277,-0.045646806588537946,0.0014158482107345738,0.08112212690624025,320.21769442328787,320.21769442328787,320.21769442328787
391,frame_000391.png,392,1.568,-186.9550986279432,334.80400461573663,-0.0007910317504485136,-0.0453227807615456,0.0014060134051473517,0.08055863405376075,317.93246776898354,317.93246776898354,317.93246776898354
392,frame_000392.png,393,1.572,-185.6207672476553,332.4147640382944,-0.0007854157330186415,-0.045001006665142014,0.0013962395566205826,0.07999863378357672,315.66354074115634,315.66354074115634,315.66354074115634
393,frame_000393.png,394,1.576,-184.29595799563825,330.0425619591661,-0.0007798387715255325,-0.044681470309079895,0.0013865265427146587,0.0794421190804154,313.4107974108035,313.4107974108035,313.4107974108035
394,frame_000394.png,395,1.58,-182.98060296542133,327.68727730675533,-0.0007743006223065351,-0.044364157732517666,0.0013768742313907505,0.07888908237900913,311.17412266115196,311.17412266115196,311.17412266115196
395,frame_000395.png,396,1.584,-181.6746347330946,325.3487898535216,-0.0007688010422497605,-0.044049055006170165,0.0013672824814257864,0.07833951558787193,308.95340218242757,308.95340218242757,308.95340218242757
396,frame_000396.png,397,1.588,-180.3779863539435,323.0269802107036,-0.0007633397888299868,-0.043736148234365745,0.0013577511428131874,0.07779341011225993,306.748522466641,306.748522466641,306.748522466641
397,frame_000397.png,398,1.592,-179.0905913591044,320.72172982305227,-0.0007579166201429884,-0.04342542355701323,0.0013482800571498477,0.07725075687634371,304.559370802388,304.559370802388,304.559370802388
398,frame_000398.png,399,1.596,-177.8123837522414,318.43292096357527,-0.0007525312949383431,-0.04311686715148163,0.0013388690580097371,0.07671154634461412,302.3858352696716,302.3858352696716,302.3858352696716
399,frame_000399.png,400,1.6,-176.54329800624396,316.1604367282922,-0.0007471835726507736,-0.04281046523439585,0.0013295179713046223,0.07617576854255015,300.2278047347387,300.2278047347387,300.2278047347387
400,frame_000400.png,401,1.604,-175.28326905994552,313.90416103100324,-0.0007418732134300679,-0.04250620406335103,0.0013202266156323228,0.07564341307657245,298.085168844936,298.085168844936,298.085168844936
401,frame_000401.png,402,1.608,-174.0322323148632,311.6639785980707,-0.0007365999781696334,-0.04220406993854857,0.0013109948026128583,0.0751144691533032,295.9578180235874,295.9578180235874,295.9578180235874
402,frame_000402.png,403,1.612,-172.79012363195798,309.43977496321514,-0.0007313636285337299,-0.04190404920435643,0.001301822337212934,0.07458892559815777,293.8456434648888,293.8456434648888,293.8456434648888
403,frame_000403.png,404,1.616,-171.55687932841604,307.23143646232626,-0.0007261639269834256,-0.04160612825079636,0.0012927090180591154,0.07406677087328822,291.7485371288242,291.7485371288242,291.7485371288242
404,frame_000404.png,405,1.62,-170.33243617445055,305.03885022828956,-0.0007210006368013252,-0.041310293514960676,0.0012836546377400756,0.07354799309490093,289.66639173610247,289.66639173610247,289.66639173610247
405,frame_000405.png,406,1.624,-169.11673139012427,302.8619041858293,-0.0007158735221151077,-0.04101653148236087,0.0012746589830982613,0.07303258004996771,287.5991007631152,287.5991007631152,287.5991007631152
406,frame_000406.png,407,1.6280000000000001,-167.9097026421928,300.70048704636866,-0.0007107823479199205,-0.04072482868821073,0.0012657218355113277,0.07252051921235088,285.54655843691637,285.54655843691637,285.54655843691637
407,frame_000407.png,408,1.6320000000000001,-166.71128804096807,298.5544883029074,-0.0007057268800996666,-0.04043517171864598,0.001256842971163694,0.07201179775836229,283.5086597302229,283.5086597302229,283.5086597302229
408,frame_000408.png,409,1.6360000000000001,-165.52142613720264,296.42379822491756,-0.000700706885447225,-0.040147547211882836,0.0012480221613085114,0.07150640258177293,281.4853003564392,281.4853003564392,281.4853003564392
409,frame_000409.png,410,1.6400000000000001,-164.34005591899404,294.30830785325855,-0.0006957221316836417,-0.03986194185931756,0.001239259172520396,0.07100432030829346,279.4763767647024,279.4763767647024,279.4763767647024
410,frame_000410.png,411,1.6440000000000001,-163.1671168087098,292.20790899511076,-0.000690772387476329,-0.03957834240656922,0.0012305537669391716,0.07050553730953966,277.48178613495384,277.48178613495384,277.48178613495384
411,frame_000411.png,412,1.6480000000000001,-162.00254865993224,290.1224942189295,-0.0006858574224563062,-0.03929673565446747,0.001221905702505014,0.07001003971650524,275.50142637302815,275.50142637302815,275.50142637302815
412,frame_000412.png,413,1.6520000000000001,-160.84629175442385,288.05195684941896,-0.0006809770072345171,-0.03901710845998756,0.0012133147331851654,0.06951781343255155,273.5351961057729,273.5351961057729,273.5351961057729
413,frame_000413.png,414,1.6560000000000001,-159.69828679911234,285.99619096252695,-0.0006761309134172572,-0.03873944773713413,0.0012047806091926047,0.06902884414593648,271.5829946761853,271.5829946761853,271.5829946761853
414,frame_000414.png,415,1.6600000000000001,-158.55847492309604,283.9550913804608,-0.0006713189136207423,-0.03846374045777601,0.0011963030771968445,0.0685431173418923,269.6447221385789,269.6447221385789,269.6447221385789
415,frame_000415.png,416,1.6640000000000001,-157.42679767466888,281.92855366672455,-0.0006665407814848479,-0.03818997365243343,0.0011878818805271954,0.06806061831427179,267.7202792537694,267.7202792537694,267.7202792537694
416,frame_000416.png,417,1.668,-156.30319701836535,279.9164741211785,-0.0006617962916860525,-0.03791813441101958,0.0011795167593686897,0.06758133217677383,265.8095674842888,265.8095674842888,265.8095674842888
417,frame_000417.png,418,1.672,-155.1876153320251,277.9187497751203,-0.0006570852199496097,-0.037648209883538036,0.001171207450950936,0.067105243873764,263.91248898962226,263.91248898962226,263.91248898962226
418,frame_000418.png,419,1.676,-154.0799954038773,275.9352783863892,-0.0006524073430609798,-0.03738018728073776,0.001162953689730134,0.06663233819070331,262.0289466214699,262.0289466214699,262.0289466214699
419,frame_000419.png,420,1.68,-152.98028042964427,273.96595843449285,-0.0006477624388765468,-0.03711405387472709,0.0011547552075644799,0.06616259976419805,260.1588439190342,260.1588439190342,260.1588439190342
420,frame_000420.png,421,1.684,-151.88841400966487,272.01068911575726,-0.0006431502863336457,-0.03684979699954833,0.0011466117338831592,0.0656960130916825,258.3020851043327,258.3020851043327,258.3020851043327
421,frame_000421.png,422,1.688,-150.80434014603702,270.0693703385004,-0.0006385706654599278,-0.036587404051714276,0.0011385229958491777,0.06523256254074843,256.458575077535,256.458575077535,256.458575077535
422,frame_000422.png,423,1.692,-149.72800323977958,268.14190271822906,-0.000634023357382086,-0.0363268624907082,0.0011304887185162107,0.0647722323581318,254.62821941232573,254.62821941232573,254.62821941232573
423,frame_000423.png,424,1.696,-148.65934808801336,266.22818757286007,-0.0006295081443339645,-0.03606815983944843,0.0011225086249796773,0.0643150066783688,252.81092435129335,252.81092435129335,252.81092435129335
424,frame_000424.png,425,1.7,-147.59831988116113,264.3281269179653,-0.0006250248096640759,-0.035811283684719135,0.0011145824365222227,0.06386086953213134,251.0065968013447,251.0065968013447,251.0065968013447
425,frame_000425.png,426,1.704,-146.5448642001668,262.441623462041,-0.0006205731378425471,-0.03555622167756822,0.0011067098727538154,0.063409804854254,249.2151443291442,249.2151443291442,249.2151443291442
426,frame_000426.png,427,1.708,-145.49892701373332,260.5685806018019,-0.0006161529144675152,-0.03530296153367382,0.0010988906517466275,0.06296179649146211,247.4364751565796,247.4364751565796,247.4364751565796
427,frame_000427.png,428,1.712,-144.46045467557926,258.7089024174996,-0.0006117639262709949,-0.03505149103368047,0.0010911244901648698,0.06251682820981075,245.67049815625387,245.67049815625387,245.67049815625387
428,frame_000428.png,429,1.716,-143.42939392171422,256.86249366826604,-0.0006074059611242356,-0.03480179802350606,0.0010834111033897554,0.062074883701844656,243.91712284700225,243.91712284700225,243.91712284700225
429,frame_000429.png,430,1.72,-142.40569186773297,255.02925978748195,-0.0006030788080425891,-0.03455387041462068,0.0010757502056397642,0.0616359465934889,242.17625938943576,242.17625938943576,242.17625938943576
430,frame_000430.png,431,1.724,-141.38929600612755,253.20910687817013,-0.0005987822571899043,-0.03430769618429851,0.0010681415100863485,0.06120000045067822,240.44781858151072,240.44781858151072,240.44781858151072
431,frame_000431.png,432,1.728,-140.3801542036184,251.40194170841434,-0.0005945160998824697,-0.03406326337584361,0.0010605847289652391,0.06076702878573451,238.7317118541245,238.7317118541245,238.7317118541245
432,frame_000432.png,433,1.732,-139.37821469850311,249.6076717068031,-0.0005902801285925182,-0.03382056009879081,0.001053079573683525,0.060337015063501975,237.02785126673587,237.02785126673587,237.02785126673587
433,frame_000433.png,434,1.736,-138.38342609802393,247.82620495789922,-0.0005860741369513124,-0.03357957452908241,0.0010456257549226007,0.05990994270724558,235.3361495030141,235.3361495030141,235.3361495030141
434,frame_000434.png,435,1.74,-137.39573737575293,246.05745019773462,-0.0005818979197518254,-0.033340294909221864,0.0010382229827371708,0.05948579510432361,233.65651986651142,233.65651986651142,233.65651986651142
435,frame_000435.png,436,1.744,-136.41509786899536,244.30131680933087,-0.0005777512729510352,-0.033102709548405156,0.0010308709666504126,0.059064555611640084,231.98887627636316,231.98887627636316,231.98887627636316
436,frame_000436.png,437,1.748,-135.44145727621074,242.55771481824513,-0.000573633993671844,-0.03286680682263083,0.0010235694157454435,0.05864620756088543,230.3331332630134,230.3331332630134,230.3331332630134
437,frame_000437.png,438,1.752,-134.47476565445177,240.82655488814214,-0.0005695458802046403,-0.032632575174789465,0.0010163180387532007,0.05823073426357164,228.68920596396754,228.68920596396754,228.68920596396754
438,frame_000438.png,439,1.756,-133.514973416821,239.10774831639156,-0.0005654867320085161,-0.032400003114733414,0.0010091165441368875,0.05781811901587071,227.05701011956876,227.05701011956876,227.05701011956876
439,frame_000439.png,440,1.76,-132.56203132994477,237.40120702969134,-0.0005614563497121534,-0.03216907921932759,0.0010019646401730614,0.057408345103260594,225.43646206880362,225.43646206880362,225.43646206880362
440,frame_000440.png,441,1.764,-131.615890511465,235.7068435797167,-0.0005574545351143923,-0.031939792132482034,0.0009948620350295227,0.05700139580498791,223.82747874513018,223.82747874513018,223.82747874513018
441,frame_000441.png,442,1.768,-130.67650242754803,234.02457113879504,-0.0005534810911844949,-0.031712130565167036,0.0009878084368400673,0.056597254398351005,222.2299776723355,222.2299776723355,222.2299776723355
442,frame_000442.png,443,1.772,-129.74381889041072,232.3543034956066,-0.0005495358220621156,-0.031486083295411416,0.0009808035537762568,0.05619590416281199,220.6438769604158,220.6438769604158,220.6438769604158
443,frame_000443.png,444,1.776,-128.81779205586392,230.69595505091098,-0.0005456185330569905,-0.03126163916828475,0.0009738470941162616,0.055797328383941254,219.0690953014854,219.0690953014854,219.0690953014854
444,frame_000444.png,445,1.78,-127.89837442087273,229.0494408132995,-0.0005417290306483575,-0.031038787095864107,0.0009669387663109297,0.055401510357202866,217.5055519657086,217.5055519657086,217.5055519657086
445,frame_000445.png,446,1.784,-126.9855188211339,227.41467639497327,-0.0005378671224841172,-0.03081751605718602,0.0009600782790471171,0.05500843339158314,215.95316679726056,215.95316679726056,215.95316679726056
446,frame_000446.png,447,1.788,-126.07917842866988,225.79157800754712,-0.0005340326173797466,-0.030597815098184218,0.0009532653413084312,0.05461808081307104,214.41186021031024,214.41186021031024,214.41186021031024
447,frame_000447.png,448,1.792,-125.17930674943972,224.1800624578794,-0.0005302253253169742,-0.030379673331613698,0.0009464996624334336,0.05423043596799286,212.8815531850321,212.8815531850321,212.8815531850321
448,frame_000448.png,449,1.796,-124.28585762096658,222.5800471439273,-0.0005264450574422272,-0.03016307993696181,0.0009397809521714158,0.053845482226208004,211.36216726364137,211.36216726364137,211.36216726364137
449,frame_000449.png,450,1.8,-123.39878520998178,220.9914500506281,-0.0005226916260648623,-0.029948024160346826,0.0009331089207358146,0.05346320298416944,209.85362454645588,209.85362454645588,209.85362454645588
450,frame_000450.png,451,1.804,-122.51804401008518,219.4141897458059,-0.0005189648446551849,-0.02973449531440449,0.0009264832788553686,0.05308358166785476,208.35584768798225,208.35584768798225,208.35584768798225
451,frame_000451.png,452,1.808,-121.64358883942201,217.8481853761042,-0.0005152645278422699,-0.02952248277816316,0.0009199037378230675,0.05270660173557076,206.8687598930287,206.8687598930287,206.8687598930287
452,frame_000452.png,453,1.812,-120.77537483837582,216.2933566629437,-0.000511590491411591,-0.029311975996907956,0.000913370009543002,0.05233224668063774,205.39228491284166,205.39228491284166,205.39228491284166
453,frame_000453.png,454,1.816,-119.91335746727762,214.7496238985061,-0.0005079425523024661,-0.029102964482034383,0.0009068818065751556,0.051960500033955886,203.9263470412689,203.9263470412689,203.9263470412689
454,frame_000454.png,455,1.82,-119.05749250413095,213.2169079417429,-0.0005043205286053281,-0.028895437810892002,0.0009004388421782333,0.051591345366459186,202.47087111094703,202.47087111094703,202.47087111094703
455,frame_000455.png,456,1.824,-118.2077360423529,211.69513021441003,-0.0005007242395588286,-0.02868938562661846,0.0008940408303505973,0.05122476629146086,201.02578248951318,201.02578248951318,201.02578248951318
456,frame_000456.png,457,1.828,-117.36404448853105,210.18421269712732,-0.0004971535055467813,-0.02848479763796433,0.000887687485869342,0.0508607464668922,199.59100707584366,199.59100707584366,199.59100707584366
457,frame_000457.png,458,1.832,-116.52637456019588,208.68407792546373,-0.0004936081480949521,-0.02828166361910926,0.0008813785243276307,0.0504992695974418,198.16647129631468,198.16647129631468,198.16647129631468
458,frame_000458.png,459,1.836,-115.69468328360902,207.19464898604738,-0.0004900879898677052,-0.02807997340946976,0.0008751136621702967,0.05014031943659533,196.75210210109037,196.75210210109037,196.75210210109037
459,frame_000459.png,460,1.84,-114.8689279915669,205.71584951270106,-0.00048659285466450886,-0.02787971691349901,0.0008688926167278108,0.04978387978858179,195.34782696043328,195.34782696043328,195.34782696043328
460,frame_000460.png,461,1.844,-114.04906632121978,204.24760368260237,-0.0004831225674163085,-0.027680884100479062,0.0008627151062486475,0.049429934510227896,193.95357386104104,193.95357386104104,193.95357386104104
461,frame_000461.png,462,1.848,-113.23505621190617,202.78983621246914,-0.00047967695418177456,-0.027483465004305846,0.0008565808499301298,0.04907846751272537,192.5692713024058,192.5692713024058,192.5692713024058
462,frame_000462.png,463,1.852,-112.42685590300239,201.34247235476957,-0.0004762558421434294,-0.02728744972326727,0.0008504895679477772,0.04872946276331249,191.19484829319958,191.19484829319958,191.19484829319958
463,frame_000463.png,464,1.856,-111.6244239317873,199.90543789395718,-0.00047285905960365974,-0.02709282841981474,0.000844440981483242,0.04838290428687467,189.830234347682,189.830234347682,189.830234347682
464,frame_000464.png,465,1.86,-110.82771913132197,198.47865914273032,-0.00046948643598062066,-0.02689959132032848,0.0008384348127508674,0.04803877616746616,188.47535948213306,188.47535948213306,188.47535948213306
465,frame_000465.png,466,1.864,-110.0367006283443,197.06206293831642,-0.0004661378018040357,-0.026707728714876897,0.0008324707850229066,0.04769706254975501,187.13015421131036,187.13015421131036,187.13015421131036
466,frame_000466.png,467,1.868,-109.25132784117852,195.65557663878076,-0.00046281298871089923,-0.02651723095697034,0.0008265486226534681,0.04735774764039499,185.79454954492923,185.79454954492923,185.79454954492923
467,frame_000467.png,468,1.872,-108.47156047765921,194.25912811935945,-0.0004595118294410854,-0.02632808846330952,0.0008206680511012344,0.047020815709327306,184.46847698416616,184.46847698416616,184.46847698416616
468,frame_000468.png,469,1.8760000000000001,-107.69735853307019,192.87264576881677,-0.0004562341578328686,-0.02614029171352884,0.0008148287969509797,0.04668625109101346,183.15186851818726,183.15186851818726,183.15186851818726
469,frame_000469.png,470,1.8800000000000001,-106.92868228809769,191.4960584858268,-0.0004529798088183606,-0.025953831249934972,0.000809030587933946,0.04635403818560273,181.84465662069908,181.84465662069908,181.84465662069908
470,frame_000470.png,471,1.8840000000000001,-106.16549230679817,190.12929567537915,-0.00044974861841886834,-0.025768697677240875,0.00080327315294711,0.04602416146003607,180.54677424652317,180.54677424652317,180.54677424652317
471,frame_000471.png,472,1.8880000000000001,-105.40774943458028,188.77228724520833,-0.0004465404237401769,-0.025584881662295528,0.00079755622207139,0.04569660544908928,179.2581548281936,179.2581548281936,179.2581548281936
472,frame_000472.png,473,1.8920000000000001,-104.65541479620114,187.42496360224737,-0.0004433550629677618,-0.02540237393380961,0.0007918795265888204,0.04537135475635706,177.978732272578,177.978732272578,177.978732272578
473,frame_000473.png,474,1.8960000000000001,-103.90844979377678,186.08725564910506,-0.00044019237536193495,-0.025221165282077396,0.0007862427989987425,0.04504839405518066,176.7084409575209,176.7084409575209,176.7084409575209
474,frame_000474.png,475,1.9000000000000001,-103.16681610480659,184.7590947805668,-0.0004370522012529275,-0.025041246558695017,0.0007806457730330286,0.04472770808952011,175.44721572851142,175.44721572851142,175.44721572851142
475,frame_000475.png,476,1.9040000000000001,-102.43047568021166,183.440412880119,-0.0004339343820359142,-0.02486260867627537,0.0007750881836704076,0.044409281674775127,174.19499189537112,174.19499189537112,174.19499189537112
476,frame_000476.png,477,1.9080000000000001,-101.69939074238712,182.13114231649686,-0.0004308387601659819,-0.024685242608159852,0.0007695697671498886,0.04409309969855412,172.95170522896728,172.95170522896728,172.95170522896728
477,frame_000477.png,478,1.9120000000000001,-100.9735237832681,180.8312159402556,-0.0004277651791530464,-0.024509139388127106,0.000764090260983345,0.043779147121395266,171.7172919579465,171.7172919579465,171.7172919579465
478,frame_000478.png,479,1.9160000000000001,-100.25283756240941,179.54056708036464,-0.0004247134835567208,-0.02433429011009899,0.0007586494039672612,0.043467408977439524,170.4916887654926,170.4916887654926,170.4916887654926
479,frame_000479.png,480,1.92,-99.53729510507881,178.25912954082517,-0.0004216835189811386,-0.024160685927843983,0.0007532469361937054,0.04315787037505933,169.2748327861047,169.2748327861047,169.2748327861047
480,frame_000480.png,481,1.924,-98.82685970036377,176.98683759731026,-0.00041867513206973435,-0.02398831805467812,0.0007478825990605317,0.042850516497443175,168.06666160239917,168.06666160239917,168.06666160239917
481,frame_000481.png,482,1.928,-98.12149489929158,175.72362599382814,-0.000415688170499985,-0.02381717776316371,0.0007425561352808552,0.04254533260313841,166.8671132419321,166.8671132419321,166.8671132419321
482,frame_000482.png,483,1.932,-97.42116451296279,174.46942993940803,-0.00041272248297811526,-0.023647256384805963,0.0007372672888918161,0.04224230402655346,165.6761261740453,165.6761261740453,165.6761261740453
483,frame_000483.png,484,1.936,-96.72583261069788,173.22418510480867,-0.0004097779192337692,-0.023478545309747696,0.0007320158052626685,0.041941416178421266,164.4936393067324,164.4936393067324,164.4936393067324
484,frame_000484.png,485,1.94,-96.03546351819698,171.98782761924912,-0.0004068543300146507,-0.023311035986462256,0.0007268014311022138,0.041642654546225136,163.3195919835278,163.3195919835278,163.3195919835278
485,frame_000485.png,486,1.944,-95.3500218157127,170.7602940671621,-0.00040395156708113606,-0.023144719921444856,0.0007216239144656059,0.04134600469458873,162.15392398041627,162.15392398041627,162.15392398041627
486,frame_000486.png,487,1.948,-94.66947233623586,169.54152148496956,-0.00040106948320086,-0.02297958867890235,0.0007164830047605569,0.04105145226563158,160.99657550276413,160.99657550276413,160.99657550276413
487,frame_000487.png,488,1.952,-93.99378016369408,168.33144735788005,-0.00039820793214327883,-0.022815633880441753,0.0007113784527529518,0.04075898297929078,159.8474871822724,159.8474871822724,159.8474871822724
488,frame_000488.png,489,1.956,-93.32291063116314,167.13000961670852,-0.0003953667686742118,-0.022652847204757465,0.0007063100105719087,0.040468582633610924,158.70660007394974,158.70660007394974,158.70660007394974
489,frame_000489.png,490,1.96,-92.65682931909099,165.93714663471764,-0.000392545848550364,-0.022491220387317462,0.0007012774317142999,0.04018023710500317,157.57385565310778,157.57385565310778,157.57385565310778
490,frame_000490.png,491,1.964,-91.99550205353438,164.75279722448096,-0.0003897450285138316,-0.02233074522004848,0.0006962804710487608,0.0398939323484749,156.4491958123757,156.4491958123757,156.4491958123757
491,frame_000491.png,492,1.968,-91.33889490440804,163.5769006347676,-0.0003869641662865929,-0.022171413551020352,0.0006913188848191917,0.03960965439783036,155.33256285873745,155.33256285873745,155.33256285873745
492,frame_000492.png,493,1.972,-90.68697418374612,162.40939654744864,-0.000384203120564986,-0.022013217284129624,0.0006863924306477909,0.03932738936584448,154.22389951058767,154.22389951058767,154.22389951058767
493,frame_000493.png,494,1.976,-90.03970644397616,161.25022507442446,-0.0003814617510141753,-0.021856148378782497,0.0006815008675376258,0.03904712344441013,153.12314889480962,153.12314889480962,153.12314889480962
494,frame_000494.png,495,1.98,-89.39705847620515,160.0993267545738,-0.00037873991826260913,-0.021700198849577274,0.0006766439558747598,0.03876884290466004,152.03025454387245,152.03025454387245,152.03025454387245
495,frame_000495.png,496,1.984,-88.75899730851785,158.95664255072353,-0.00037603748389646925,-0.021545360765986347,0.0006718214574299572,0.03849253409706445,150.94516039294933,150.94516039294933,150.94516039294933
496,frame_000496.png,497,1.988,-88.12549020428712,157.82211384663952,-0.00037335431045411506,-0.021391626252037863,0.0006670331353599806,0.03821818345150545,149.8678107770554,149.8678107770554,149.8678107770554
497,frame_000497.png,498,1.992,-87.49650466049627,156.69568244403848,-0.0003706902614205231,-0.02123898748599714,0.0006622787542085104,0.037945777477329655,148.79815042820485,148.79815042820485,148.79815042820485
498,frame_000498.png,499,1.996,-86.87200840607336,155.57729055962028,-0.0003680452012217239,-0.02108743670004791,0.0006575580799066615,0.03767530276337785,147.7361244725904,147.7361244725904,147.7361244725904
499,frame_000499.png,500,2.0,-86.25196940023729,154.46688082212125,-0.0003654189952192374,-0.02093696617997351,0.0006528708797731687,0.03740674597799555,146.6816784277791,146.6816784277791,146.6816784277791
500,frame_000500.png,501,2.004,-85.63635583085555,153.36439626938744,-0.00036281150970450846,-0.020787568264838043,0.0006482169225142122,0.037140093869023075,145.63475819993033,145.63475819993033,145.63475819993033
501,frame_000501.png,502,2.008,-85.02513611281387,152.26978034546875,-0.0003602226118933445,-0.02063923534666769,0.0006435959782229101,0.03687533326376639,144.59531008103244,144.59531008103244,144.59531008103244
502,frame_000502.png,503,2.012,-84.41827888639716,151.18297689773289,-0.0003576521699203546,-0.020491959870132092,0.0006390078183785021,0.03661245106895041,143.56328074615817,143.56328074615817,143.56328074615817
503,frame_000503.png,504,2.016,-83.8157530156822,150.1039301739997,-0.000355100052833394,-0.020345734332226025,0.0006344522158452282,0.03635143427065471,142.5386172507399,142.5386172507399,142.5386172507399
504,frame_000504.png,505,2.02,-83.21752758694161,149.03258481969516,-0.00035256613058801237,-0.020200551281951345,0.0006299289448709069,0.03609226993423207,141.52126702786416,141.52126702786416,141.52126702786416
505,frame_000505.png,506,2.024,-82.62357190705919,147.96888587502573,-0.00035005027404190974,-0.020056403319999305,0.0006254377810852429,0.03583494520421152,140.51117788558457,140.51117788558457,140.51117788558457
506,frame_000506.png,507,2.028,-82.03385550195655,146.9127787721718,-0.00034755235494939897,-0.01991328309843329,0.0006209785014978605,0.03557944730418568,139.50829800425424,139.50829800425424,139.50829800425424
507,frame_000507.png,508,2.032,-81.44834811503092,145.8642093325013,-0.00034507224595587695,-0.01977118332037204,0.0006165508844960914,0.035325763536683936,138.51257593387584,138.51257593387584,138.51257593387584
508,frame_000508.png,509,2.036,-80.86701970560406,144.82312376380239,-0.0003426098205923053,-0.019630096739673416,0.0006121547098425,0.03507388128303077,137.5239605914722,137.5239605914722,137.5239605914722
509,frame_000509.png,510,2.04,-80.28984044738218,143.78946865753574,-0.00034016495326970146,-0.019490016160618767,0.0006077897586721933,0.034823788003191504,136.54240125847286,136.54240125847286,136.54240125847286
510,frame_000510.png,511,2.044,-79.7167807269268,142.76319098610588,-0.0003377375192736412,-0.019350934437597937,0.0006034558134898906,0.034575471235604505,135.56784757812136,135.56784757812136,135.56784757812136
511,frame_000511.png,512,2.048,-79.14781114213658,141.74423810015185,-0.0003353273947587731,-0.01921284447479498,0.0005991526581667938,0.0343289185970018,134.60024955289884,134.60024955289884,134.60024955289884
512,frame_000512.png,513,2.052,-78.58290250073985,140.73255772585657,-0.00033293445674334655,-0.01907573922587463,0.0005948800779372338,0.034084117782216976,133.63955754196792,133.63955754196792,133.63955754196792
513,frame_000513.png,514,2.056,-78.02202581879789,139.7280979622754,-0.000330558583103753,-0.01893961169366953,0.000590637859395141,0.03384105656398292,132.68572225863176,132.68572225863176,132.68572225863176
514,frame_000514.png,515,2.06,-77.46515231921886,138.73080727868307,-0.00032819965256908226,-0.01880445492986836,0.000586425790490316,0.033599722792718154,131.73869476781385,131.73869476781385,131.73869476781385
515,frame_000515.png,516,2.064,-76.91225343028233,137.7406345119396,-0.00032585754471569413,-0.018670262034704774,0.0005822436605245258,0.033360104396303186,130.79842648355367,130.79842648355367,130.79842648355367
516,frame_000516.png,517,2.068,-76.3633007841743,136.75752886387437,-0.0003235321399618059,-0.01853702615664732,0.0005780912601474288,0.03312218937984699,129.86486916652086,129.86486916652086,129.86486916652086
517,frame_000517.png,518,2.072,-75.81826621553256,135.78143989868892,-0.0003212233195620966,-0.01840474049209027,0.0005739683813523453,0.03288596582544473,128.93797492154619,128.93797492154619,128.93797492154619
518,frame_000518.png,519,2.076,-75.27712176000254,134.81231754037762,-0.000318930965602329,-0.018273398285045483,0.0005698748174718536,0.03265142189192536,128.0176961951716,128.0176961951716,128.0176961951716
519,frame_000519.png,520,2.08,-74.73983965280337,133.8501120701669,-0.0003166549609939886,-0.018142992826835253,0.0005658103631732648,0.032418545814592414,127.10398577321484,127.10398577321484,127.10398577321484
520,frame_000520.png,521,2.084,-74.2063923273041,132.894774123972,-0.0003143951894689422,-0.018013517455786252,0.0005617748144539408,0.032187325904955724,126.19679677835393,126.19679677835393,126.19679677835393
521,frame_000521.png,522,2.088,-73.6767524136102,131.94625468987226,-0.00031215153557411505,-0.017884965556924568,0.0005577679686364803,0.03195775055045559,125.29608266772723,125.29608266772723,125.29608266772723
522,frame_000522.png,523,2.092,-73.15089273715994,131.00450510560347,-0.0003099238846661874,-0.01775733056167183,0.0005537896243637886,0.03172980821418031,124.40179723055056,124.40179723055056,124.40179723055056
523,frame_000523.png,524,2.096,-72.62878631733088,130.06947705606842,-0.0003077121229063114,-0.017630605947542507,0.0005498395815940137,0.031503487434576045,123.51389458575198,123.51389458575198,123.51389458575198
524,frame_000524.png,525,2.1,-72.11040636605628,129.14112257086484,-0.00030551613725484874,-0.01750478523784241,0.0005459176415953794,0.031278776825150754,122.63232917962205,122.63232917962205,122.63232917962205
525,frame_000525.png,526,2.104,-71.59572628645132,128.21939402183062,-0.0003033358154661286,-0.017379862001368332,0.0005420236069409023,0.031055665074171533,121.75705578348206,121.75705578348206,121.75705578348206
526,frame_000526.png,527,2.108,-71.08471967144914,127.30424412060661,-0.00030117104608322776,-0.017255829852108974,0.0005381572815030154,0.030834140944356544,120.8880294913672,120.8880294913672,120.8880294913672
527,frame_000527.png,528,2.112,-70.57736030244652,126.39562591621637,-0.0002990217184327721,-0.017132682448947095,0.0005343184704480813,0.03061419327256066,120.02520571772823,120.02520571772823,120.02520571772823
528,frame_000528.png,529,2.116,-70.07362214795934,125.4934927926631,-0.00029688772261976043,-0.017010413495362937,0.0005305069802308327,0.030395810969456916,119.16854019514653,119.16854019514653,119.16854019514653
529,frame_000529.png,530,2.12,-69.57347936228747,124.59779846654362,-0.0002947689495224104,-0.01688901673913892,0.0005267226185887096,0.030178983019212065,118.31798897206849,118.31798897206849,118.31798897206849
530,frame_000530.png,531,2.124,-69.07690628418932,123.70849698467904,-0.00029266529078702825,-0.016768485972065695,0.0005229651945361231,0.029963698479157915,117.4735084105535,117.4735084105535,117.4735084105535
531,frame_000531.png,532,2.128,-68.58387743556567,122.82554272176226,-0.0002905766388229008,-0.01664881502964948,0.0005192345183586422,0.029749946479458257,116.635055184039,116.635055184039,116.635055184039
532,frame_000532.png,533,2.132,-68.09436752015299,121.94889037802213,-0.00028850288679721134,-0.01652999779082077,0.0005155304016071082,0.02953771622277165,115.80258627512123,115.80258627512123,115.80258627512123
533,frame_000533.png,534,2.136,-67.60835142222604,121.07849497690404,-0.0002864439286299794,-0.016412028177644387,0.000511852657091674,0.029326996983909885,114.97605897335194,114.97605897335194,114.97605897335194
534,frame_000534.png,535,2.14,-67.12580420530973,120.21431186276696,-0.00028439965898902406,-0.016294900155030923,0.0005082010988757975,0.029117778109493845,114.15543087304945,114.15543087304945,114.15543087304945
535,frame_000535.png,536,2.144,-66.64670111090012,119.35629669859674,-0.0002823699732849522,-0.016178607730449567,0.000504575542270156,0.02891004901760481,113.34065987112734,113.34065987112734,113.34065987112734
536,frame_000536.png,537,2.148,-66.17101755719455,118.50440546373565,-0.00028035476766617067,-0.016063144953642337,0.0005009758038265174,0.028703799197433322,112.53170416493651,112.53170416493651,112.53170416493651
537,frame_000537.png,538,2.152,-65.69872913783082,117.65859445162789,-0.00027835393901392343,-0.01594850591633972,0.0004974017013315549,0.02849901820892479,111.72852225012394,111.72852225012394,111.72852225012394
538,frame_000538.png,539,2.156,-65.2298116206354,116.81882026758116,-0.00027636738493735366,-0.015834684751977763,0.0004938530538006142,0.02829569568242237,110.93107291850583,110.93107291850583,110.93107291850583
539,frame_000539.png,540,2.16,-64.76424094638045,115.98503982654401,-0.0002743950037685907,-0.015721675635416568,0.0004903296814714382,0.028093821318307406,110.13931525595615,110.13931525595615,110.13931525595615
540,frame_000540.png,541,2.164,-64.30199322754986,115.15721035089895,-0.00027243669455786275,-0.015609472782660259,0.00048683140579784917,0.027893384886637472,109.35320864031007,109.35320864031007,109.35320864031007
541,frame_000541.png,542,2.168,-63.84304474711389,114.33528936827122,-0.00027049235706863426,-0.015498070450578404,0.00048335804944339223,0.027694376226782145,108.57271273928251,108.57271273928251,108.57271273928251
542,frame_000542.png,543,2.172,-63.387371957312745,113.51923470935307,-0.0002685618917727696,-0.015387462936628885,0.000479909436274943,0.027496785247056763,107.79778750840114,107.79778750840114,107.79778750840114
543,frame_000543.png,544,2.176,-62.93495147844864,112.70900450574342,-0.0002666451998457221,-0.015277644578582265,0.0004764853913562892,0.027300601924354687,107.02839318895408,107.02839318895408,107.02839318895408
544,frame_000544.png,545,2.18,-62.485760097686615,111.90455718780294,-0.0002647421831617486,-0.015168609754247605,0.0004730857409416737,0.02710581630377732,106.26449030595262,106.26449030595262,106.26449030595262
545,frame_000545.png,546,2.184,-62.03977476786382,111.10585148252419,-0.000262852744289151,-0.015060352881199803,0.0004697103124693188,0.02691241849826309,105.50603966610788,105.50603966610788,105.50603966610788
546,frame_000546.png,547,2.188,-61.59697260630732,110.31284641141698,-0.00026097678648554244,-0.014952868416508402,0.0004663589345549298,0.026720398688215248,104.7530023558216,104.7530023558216,104.7530023558216
547,frame_000547.png,548,2.192,-61.1573308936603,109.52550128840873,-0.0002591142136931406,-0.014846150856467882,0.0004630314369851662,0.026529747121127753,104.0053397391925,104.0053397391925,104.0053397391925
548,frame_000548.png,549,2.196,-60.72082707271669,108.74377571775963,-0.000257264930534087,-0.014740194736329489,0.00045972765071110246,0.02634045411121065,103.26301345603537,103.26301345603537,103.26301345603537
549,frame_000549.png,550,2.2,-60.28743874726402,107.96762959199268,-0.00025542884230579204,-0.014634994630034535,0.0004564474078416754,0.026152510039014597,102.52598541991463,102.52598541991463,102.52598541991463
550,frame_000550.png,551,2.204,-59.85714368093462,107.19702308983837,-0.0002536058549763071,-0.014530545149949224,0.00045319054163710844,0.02596590535105412,101.79421781619266,101.79421781619266,101.79421781619266
551,frame_000551.png,552,2.208,-59.42991979606493,106.43191667419404,-0.0002517958751797226,-0.014426840946600985,0.00044995688650233253,0.025780630559430653,101.06767310009087,101.06767310009087,101.06767310009087
552,frame_000552.png,553,2.212,-59.005745172562975,105.67227109009758,-0.00024999881021159267,-0.014323876708416327,0.00044674627798039286,0.025596676241454775,100.34631399476518,100.34631399476518,100.34631399476518
553,frame_000553.png,554,2.216,-58.58459804678394,104.91804736271564,-0.000248214568024386,-0.014221647161460195,0.0004435585527458516,0.02541403303926821,99.63010348939508,99.63010348939508,99.63010348939508
554,frame_000554.png,555,2.22,-58.166456810413706,104.1692067953461,-0.0002464430572229635,-0.014120147069176848,0.00044039354859817803,0.025232691659465113,98.91900483728654,98.91900483728654,98.91900483728654
555,frame_000555.png,556,2.224,-57.75130000936041,103.42571096743468,-0.00024468418706008216,-0.014019371232132259,0.000437251104455144,0.025052642872713658,98.21298155398756,98.21298155398756,98.21298155398756
556,frame_000556.png,557,2.228,-57.33910634265387,102.68752173260572,-0.0002429378674319257,-0.013919314487758037,0.0004341310603462121,0.024873877513377204,97.51199741541814,97.51199741541814,97.51199741541814
557,frame_000557.png,558,2.232,-56.92985466135285,101.95460121670682,-0.00024120400887366145,-0.013819971710096858,0.00043103325740592334,0.02469638647913544,96.81601645601302,96.81601645601302,96.81601645601302
558,frame_000558.png,559,2.236,-56.523523967460164,101.22691181586757,-0.00023948252255502408,-0.013721337809549424,0.0004279575378672907,0.024520160730605867,96.12500296687733,96.12500296687733,96.12500296687733
559,frame_000559.png,560,2.24,-56.12009341284546,100.50441619457186,-0.0002377733202759254,-0.013623407732622928,0.00042490374505518803,0.024345191290964997,95.43892149395649,95.43892149395649,95.43892149395649
560,frame_000560.png,561,2.244,-55.71954229817576,99.7870772837441,-0.00023607631446209102,-0.013526176461681055,0.00042187172337974986,0.024171469245570204,94.75773683621767,94.75773683621767,94.75773683621767
561,frame_000561.png,562,2.248,-55.32185007185352,99.07485827884886,-0.0002343914181607233,-0.013429639014695483,0.0004188613183297744,0.02399898574158174,94.08141404384531,94.08141404384531,94.08141404384531
562,frame_000562.png,563,2.2520000000000002,-54.92699632896238,98.36772263800417,-0.0002327185450361908,-0.013333790444998907,0.00041587237646613547,0.023827731987585265,93.40991841644887,93.40991841644887,93.40991841644887
563,frame_000563.png,564,2.2560000000000002,-54.53496081022037,97.66563408010809,-0.000231057609365744,-0.013238625841039573,0.00041290474541520023,0.0236576992532147,92.74321550128369,92.74321550128369,92.74321550128369
564,frame_000564.png,565,2.2600000000000002,-54.14572340094055,96.96855658297876,-0.00022940852603525755,-0.013144140326137322,0.0004099582738622586,0.02348887886877579,92.08127109148421,92.08127109148421,92.08127109148421
565,frame_000565.png,566,2.2640000000000002,-53.75926412999917,96.27645438150756,-0.00022777121053499887,-0.01305032905824115,0.0004070328115449635,0.02332126222487022,91.42405122431012,91.42405122431012,91.42405122431012
566,frame_000566.png,567,2.2680000000000002,-53.375563168811084,95.58929196582545,-0.00022614557895542283,-0.012957187229688256,0.0004041282092467828,0.023154840772020464,90.7715221794046,90.7715221794046,90.7715221794046
567,frame_000567.png,568,2.2720000000000002,-52.99460083031253,94.90703407948234,-0.00022453154798299279,-0.01286471006696462,0.0004012443187904663,0.02298960602029547,90.12365047706515,90.12365047706515,90.12365047706515
568,frame_000568.png,569,2.2760000000000002,-52.616357567951134,94.22964571763944,-0.00022292903489602782,-0.012772892830467045,0.000398380993031524,0.022825549538936986,89.480402876527,89.480402876527,89.480402876527
569,frame_000569.png,570,2.2800000000000002,-52.24081397468315,93.55709212527447,-0.00022133795756057602,-0.012681730814266736,0.00039553808585172175,0.022662662955986877,88.8417463742581,88.8417463742581,88.8417463742581
570,frame_000570.png,571,2.2840000000000003,-51.86795078197783,92.88933879539955,-0.00021975823442631386,-0.012591219345874335,0.00039271545215259366,0.022500937957915437,88.20764820226691,88.20764820226691,88.20764820226691
571,frame_000571.png,572,2.2880000000000003,-51.49774885882891,92.22635146729195,-0.00021818978452247152,-0.01250135378600647,0.00038991294784897126,0.022340366289250624,87.57807582642178,87.57807582642178,87.57807582642178
572,frame_000572.png,573,2.2920000000000003,-51.130189210773146,91.56809612473724,-0.00021663252745378412,-0.012412129528353768,0.0003871304298625289,0.022180939752208237,86.95299694478268,86.95299694478268,86.95299694478268
573,frame_000573.png,574,2.2960000000000003,-50.765252978915804,90.91453899428511,-0.00021508638339646884,-0.012323541999350368,0.00038436775611535223,0.02202265020632342,86.33237948594433,86.33237948594433,86.33237948594433
574,frame_000574.png,575,2.3000000000000003,-50.402921438963205,90.26564654351743,-0.00021355127309422768,-0.012235586657944898,0.00038162478552352264,0.021865489568083082,85.71619160739166,85.71619160739166,85.71619160739166
575,frame_000575.png,576,2.3040000000000003,-50.043176000262086,89.62138547932885,-0.00021202711785427608,-0.012148258995372923,0.0003789013779907219,0.021709449810559465,85.10440169386672,85.10440169386672,85.10440169386672
576,frame_000576.png,577,2.308,-49.685998204845816,88.98172274621943,-0.00021051383954339686,-0.012061554534930857,0.00037619739440186424,0.021554522963045282,84.49697835574685,84.49697835574685,84.49697835574685
577,frame_000577.png,578,2.312,-49.33136972648748,88.3466255245996,-0.00020901136058401997,-0.011975468831751353,0.0003735126966167425,0.021400701110689688,83.89389042743542,83.89389042743542,83.89389042743542
578,frame_000578.png,579,2.316,-48.97927236975965,87.71606122910707,-0.00020751960395032747,-0.01188999747258013,0.0003708471474637004,0.021247976394135705,83.29510696576295,83.29510696576295,83.29510696576295
579,frame_000579.png,580,2.32,-48.62968806910091,87.08999750693577,-0.00020603849316438392,-0.01180513607555426,0.00036820061073332975,0.021096341009159112,82.70059724840021,82.70059724840021,82.70059724840021
580,frame_000580.png,581,2.324,-48.28259888788901,86.46840223617674,-0.0002045679522922918,-0.011720880289981894,0.0003655729511721892,0.02094578720630856,82.11033077228242,82.11033077228242,82.11033077228242
581,frame_000581.png,582,2.328,-47.93798701752065,85.85124352417073,-0.00020310790594037237,-0.011637225796123439,0.0003629640344765478,0.020796307290547093,81.52427725204493,81.52427725204493,81.52427725204493
582,frame_000582.png,583,2.332,-47.595834776497824,85.2384897058726,-0.00020165827925137136,-0.011554168304974157,0.00036037372728615273,0.020647893620895065,80.94240661846982,80.94240661846982,80.94240661846982
583,frame_000583.png,584,2.336,-47.25612460952069,84.63010934222737,-0.00020021899790068957,-0.011471703558048203,0.00035780189717802397,0.020500538610074615,80.36468901694346,80.36468901694346,80.36468901694346
584,frame_000584.png,585,2.34,-46.9188390865869,84.02607121855785,-0.00019878998809263844,-0.011389827327164072,0.0003552484126602754,0.02035423472415562,79.7910948059253,79.7910948059253,79.7910948059253
585,frame_000585.png,586,2.344,-46.58396090209736,83.42634434296369,-0.00019737117655672026,-0.011308535414231487,0.0003527131431659608,0.02020897448220313,79.2215945554276,79.2215945554276,79.2215945554276
586,frame_000586.png,587,2.348,-46.25147287396838,82.8308979447319,-0.00019596249054393297,-0.011227823651039663,0.00035019595904694405,0.020064750455926112,78.65615904550592,78.65615904550592,78.65615904550592
587,frame_000587.png,588,2.352,-45.92135794275014,82.2397014727587,-0.00019456385782309956,-0.011147687899047009,0.00034769673156780415,0.019921555269328275,78.09475926475997,78.09475926475997,78.09475926475997
588,frame_000588.png,589,2.356,-45.593599170751475,81.65272459398251,-0.00019317520667722172,-0.011068124049172203,0.00034521533289975925,0.01977938159835992,77.53736640884605,77.53736640884605,77.53736640884605
589,frame_000589.png,590,2.36,-45.26817974117085,81.06993719182827,-0.00019179646589985788,-0.010989128021586669,0.00034275163611462525,0.019638222170571793,76.98395187899911,76.98395187899911,76.98395187899911
590,frame_000590.png,591,2.364,-44.945082957233616,80.49130936466274,-0.00019042756479152557,-0.010910695765508448,0.00034030551517879844,0.019498069764770327,76.43448728056603,76.43448728056603,76.43448728056603
591,frame_000591.png,592,2.368,-44.624292241335354,79.91681142426077,-0.00018906843315612742,-0.01083282325899742,0.0003378768449472671,0.019358917210674516,75.88894442154921,75.88894442154921,75.88894442154921
592,frame_000592.png,593,2.372,-44.30579113419137,79.34641389428263,-0.00018771900129740154,-0.010755506508751933,0.0003354655011576547,0.019220757388574646,75.34729531116014,75.34729531116014,75.34729531116014
593,frame_000593.png,594,2.376,-43.98956329399221,78.7800875087621,-0.00018637920001539558,-0.010678741549906775,0.000333071360424291,0.019083583228992552,74.8095121583838,74.8095121583838,74.8095121583838
594,frame_000594.png,595,2.38,-43.67559249556529,78.21780321060527,-0.00018504896060296427,-0.010602524445832498,0.00033069430023231045,0.018947387712343507,74.27556737055312,74.27556737055312,74.27556737055312
595,frame_000595.png,596,2.384,-43.36386262954241,77.65953215010023,-0.00018372821484229098,-0.010526851287936123,0.0003283341989317827,0.01881216386859993,73.7454335519335,73.7454335519335,73.7454335519335
596,frame_000596.png,597,2.388,-43.05435770153325,77.10524568343726,-0.00018241689500143242,-0.01045171819546316,0.0003259909357318739,0.018677904776956838,73.21908350231735,73.21908350231735,73.21908350231735
597,frame_000597.png,598,2.392,-42.7470618313048,76.55491537123953,-0.00018111493383088676,-0.010377121315300983,0.0003236643906950325,0.018544603565498717,72.69649021562927,72.69649021562927,72.69649021562927
598,frame_000598.png,599,2.396,-42.44195925196659,76.00851297710436,-0.00017982226456018515,-0.010303056821783526,0.0003213544447312124,0.018412253410868544,72.17762687854011,72.17762687854011,72.17762687854011
599,frame_000599.png,600,2.4,-42.13903430916174,75.46601046615484,-0.00017853882089450605,-0.010229520916497314,0.00031906097959212175,0.018280847537938266,71.66246686909193,71.66246686909193,71.66246686909193
600,frame_000600.png,601,2.404,-41.83827146026382,74.92738000360181,-0.00017726453701131292,-0.010156509828088805,0.00031678387786550355,0.01815037921948109,71.15098375533219,71.15098375533219,71.15098375533219
601,frame_000601.png,602,2.408,-41.53965527357942,74.39259395331602,-0.00017599934755701437,-0.010084019812073039,0.0003145230229694509,0.018020841775845786,70.64315129395769,70.64315129395769,70.64315129395769
602,frame_000602.png,603,2.412,-41.24317042755638,73.86162487641052,-0.00017474318764364744,-0.010012047150643594,0.0003122782991467432,0.017892228574632164,70.13894342896876,70.13894342896876,70.13894342896876
603,frame_000603.png,604,2.416,-40.94880170999773,73.33444552983316,-0.00017349599284558314,-0.00994058815248384,0.0003100495914592255,0.017764533030369036,69.63833429033201,69.63833429033201,69.63833429033201
604,frame_000604.png,605,2.42,-40.6565340172812,72.81102886496913,-0.00017225769919625478,-0.009869639152579473,0.0003078367857822107,0.0176377486041935,69.14129819265364,69.14129819265364,69.14129819265364
605,frame_000605.png,606,2.424,-40.36635235358428,72.29134802625343,-0.0001710282431849085,-0.009799196512032341,0.00030563976879891376,0.017511868803532022,68.64780963386181,68.64780963386181,68.64780963386181
606,frame_000606.png,607,2.428,-40.078241830114884,71.77537634979323,-0.00016980756175337608,-0.009729256617875546,0.0003034584279949209,0.017386887181783557,68.15784329389808,68.15784329389808,68.15784329389808
607,frame_000607.png,608,2.432,-39.792187664347416,71.26308736200014,-0.00016859559229286984,-0.009659815882889791,0.0003012926516526885,0.01726279733800436,67.6713740334186,67.6713740334186,67.6713740334186
608,frame_000608.png,609,2.436,-39.508175179264356,70.75445477823207,-0.00016739227264079957,-0.009590870745421014,0.00029914232884607013,0.0171395929165944,67.18837689250475,67.18837689250475,67.18837689250475
609,frame_000609.png,610,2.44,-39.226189802603216,70.24945250144498,-0.00016619754107761138,-0.009522417669199264,0.00029700734943488105,0.01701726760698594,66.70882708938211,66.70882708938211,66.70882708938211
610,frame_000610.png,611,2.444,-38.94621706610889,69.74805462085405,-0.00016501133632364817,-0.009454453143158818,0.00029488760405948827,0.01689581514333356,66.23270001914969,66.23270001914969,66.23270001914969
611,frame_000611.png,612,2.448,-38.66824260479134,69.25023541060455,-0.0001638335975360317,-0.00938697368125954,0.00029278298413543634,0.01677522930420624,65.75997125251729,65.75997125251729,65.75997125251729
612,frame_000612.png,613,2.452,-38.392252156188555,68.75596932845207,-0.00016266426430556637,-0.009319975822309477,0.00029069338184810106,0.016655503912281044,65.29061653455253,65.29061653455253,65.29061653455253
613,frame_000613.png,614,2.456,-38.118231559634815,68.26523101445227,-0.00016150327665366408,-0.009253456129788673,0.00028861869014738036,0.01653663283403893,64.82461178343618,64.82461178343618,64.82461178343618
614,frame_000614.png,615,2.46,-37.846166755534135,67.77799528965987,-0.00016035057502929043,-0.009187411191674188,0.0002865588027424088,0.016418609979461905,64.36193308922716,64.36193308922716,64.36193308922716
615,frame_000615.png,616,2.464,-37.576043784638905,67.294237154837,-0.0001592061003059322,-0.009121837620266358,0.0002845136140963107,0.01630142930173241,63.902556712635544,63.902556712635544,63.902556712635544
616,frame_000616.png,617,2.468,-37.3078487873337,66.81393178917071,-0.0001580697937785854,-0.00905673205201622,0.00028248301942098266,0.016185084796934375,63.44645908380471,63.44645908380471,63.44645908380471
617,frame_000617.png,618,2.472,-37.04156800292415,66.33705454899966,-0.00015694159716076464,-0.008992091147354157,0.0002804669146719051,0.01606957050375595,62.993616801102405,62.993616801102405,62.993616801102405
618,frame_000618.png,619,2.476,-36.77718776893098,65.86358096654989,-0.00015582145258153296,-0.008927911590519725,0.00027846519654298706,0.01595488050319412,62.54400662992005,62.54400662992005,62.54400662992005
619,frame_000619.png,620,2.48,-36.51469452038895,65.39348674867958,-0.00015470930258255222,-0.008864190089392649,0.00027647776246144556,0.01584100891826133,62.09760550148049,62.09760550148049,62.09760550148049
620,frame_000620.png,621,2.484,-36.25407478915093,64.92674777563279,-0.00015360509011515415,-0.008800923375325013,0.0002745045105827104,0.01572794991369355,61.65439051165495,61.65439051165495,61.65439051165495
621,frame_000621.png,622,2.488,-35.99531520319685,64.46334009980208,-0.00015250875853743158,-0.008738108202974592,0.00027254533978536316,0.015615697695660272,61.214338919787764,61.214338919787764,61.214338919787764
622,frame_000622.png,623,2.492,-35.738402485947674,64.00323994449997,-0.00015142025161135007,-0.008675741350139361,0.00027060014966611063,0.015504246511476551,60.77742814752946,60.77742814752946,60.77742814752946
623,frame_000623.png,624,2.496,-35.483323455584134,63.546423702739084,-0.00015033951349987943,-0.008613819617593155,0.0002686688405347836,0.015393590649316436,60.343635777678884,60.343635777678884,60.343635777678884
624,frame_000624.png,625,2.5,-35.23006502437047,63.09286793602117,-0.0001492664887641454,-0.008552339828922454,0.00026675131340937253,0.015283724437928529,59.912939553032686,59.912939553032686,59.912939553032686
625,frame_000625.png,626,2.504,-34.97861419798289,62.64254937313457,-0.00014820112236060105,-0.008491298830364332,0.00026484747001108996,0.015174642246353093,59.48531737524374,59.48531737524374,59.48531737524374
626,frame_000626.png,627,2.508,-34.72895807484292,62.19544490896037,-0.00014714335963821794,-0.008430693490645512,0.00026295721275946583,0.015066338483641032,59.06074730368731,59.06074730368731,59.06074730368731
627,frame_000627.png,628,2.512,-34.48108384545538,61.751531603287034,-0.0001460931463356969,-0.00837052070082256,0.0002610804447674743,0.014958807598574674,58.63920755433534,58.63920755433534,58.63920755433534
628,frame_000628.png,629,2.516,-34.23497879175122,61.310786679633544,-0.0001450504285786983,-0.008310777374123193,0.00025921706983669075,0.014852044079390295,58.22067649863892,58.22067649863892,58.22067649863892
629,frame_000629.png,630,2.52,-33.990630286434964,60.87318752408085,-0.0001440151528770916,-0.008251460445788684,0.0002573669924524802,0.014746042453502427,57.80513266241863,57.80513266241863,57.80513266241863
630,frame_000630.png,631,2.524,-33.74802579233684,60.438711684111716,-0.00014298726612222416,-0.00819256687291738,0.00025553011777921576,0.014640797287229904,57.39255472476276,57.39255472476276,57.39255472476276
631,frame_000631.png,632,2.528,-33.50715286176952,60.007336867458854,-0.00014196671558420917,-0.008134093634309317,0.00025370635165552645,0.014536303185523571,56.982921516933644,56.982921516933644,56.982921516933644
632,frame_000632.png,633,2.532,-33.26799913588946,59.57904094096123,-0.00014095344890923257,-0.008076037730311904,0.0002518956005895804,0.014432554791696047,56.57621202128128,56.57621202128128,56.57621202128128
633,frame_000633.png,634,2.536,-33.03055234406282,59.153801929428546,-0.00013994741411687886,-0.008018396182666716,0.0002500977717543913,0.014329546787152793,56.17240537016538,56.17240537016538,56.17240537016538
634,frame_000634.png,635,2.54,-32.79480030323584,58.73159801451386,-0.0001389485595974754,-0.00796116603435733,0.0002483127729831616,0.014227273891125294,55.77148084488451,55.77148084488451,55.77148084488451
635,frame_000635.png,636,2.544,-32.5607309173098,58.312407533594154,-0.00013795683410945585,-0.007904344349458258,0.00024654051276465404,0.014125730860405876,55.3734178746131,55.3734178746131,55.3734178746131
636,frame_000636.png,637,2.548,-32.328332176520355,57.896208978659025,-0.0001369721867767414,-0.007847928212984905,0.0002447809002385907,0.014024912489084093,54.97819603534626,54.97819603534626,54.97819603534626
637,frame_000637.png,638,2.552,-32.09759215682139,57.482980995207186,-0.000135994567086141,-0.007791914730744617,0.00024303384519108523,0.013924813608285002,54.585795048851764,54.585795048851764,54.585795048851764
638,frame_000638.png,639,2.556,-31.868499019273187,57.07270238115091,-0.00013502392488476959,-0.007736301029188748,0.00024129925805010336,0.013825429085909077,54.196194781629714,54.196194781629714,54.196194781629714
639,frame_000639.png,640,2.56,-31.64104100943499,56.665352085728244,-0.00013406021037748437,-0.007681084255265775,0.00023957704988095444,0.01372675382637389,53.80937524387953,53.80937524387953,53.80937524387953
640,frame_000640.png,641,2.564,-31.415206456761933,56.26090920842302,-0.00013310337412433923,-0.007626261576275447,0.0002378671323818106,0.013628782770357385,53.42531658847449,53.42531658847449,53.42531658847449
641,frame_000641.png,642,2.568,-31.190983774006245,55.859352997892564,-0.000132153367038057,-0.007571830179723954,0.00023616941787925816,0.013531510894542978,53.04399910994326,53.04399910994326,53.04399910994326
642,frame_000642.png,643,2.572,-30.968361456622723,55.460662850903034,-0.00013121014038151957,-0.007517787273180125,0.00023448381932387574,0.013434933211366216,52.66540324345908,52.66540324345908,52.66540324345908
643,frame_000643.png,644,2.576,-30.747328082178463,55.06481831127239,-0.00013027364576527554,-0.007464130084132618,0.00023281025028584366,0.013339044768763209,52.28950956383591,52.28950956383591,52.28950956383591
644,frame_000644.png,645,2.58,-30.52787230976679,54.671799068820874,-0.00012934383514506557,-0.007410855859848145,0.0002311486249505822,0.013243840649920718,51.916298784531676,51.916298784531676,51.916298784531676
645,frame_000645.png,646,2.584,-30.309982879425394,54.281584958329006,-0.00012842066081936493,-0.007357961867230663,0.00022949885811441532,0.013149315973027704,51.54575175665913,51.54575175665913,51.54575175665913
646,frame_000646.png,647,2.588,-30.093648611558603,53.89415595850298,-0.00012750407542694373,-0.007305445392681586,0.0002278608651802706,0.013055465891028963,51.17784946800285,51.17784946800285,51.17784946800285
647,frame_000647.png,648,2.592,-29.87885840636376,53.50949219094746,-0.0001265940319444438,-0.007253303741960953,0.00022623456215340235,0.01296228559138006,50.812573042044136,50.812573042044136,50.812573042044136
648,frame_000648.png,649,2.596,-29.665601243261737,53.127573919145746,-0.0001256904836839733,-0.007201534240049605,0.00022461986563714325,0.012869770295803936,50.44990373699258,50.44990373699258,50.44990373699258
649,frame_000649.png,650,2.6,-29.45386618033148,52.74838154744715,-0.00012479338429071768,-0.0071501342310123115,0.00022301669282868606,0.012777915260049203,50.08982294482439,50.08982294482439,50.08982294482439
650,frame_000650.png,651,2.604,-29.243642353748605,52.371895620061636,-0.00012390268774056795,-0.00709910107786187,0.00022142496151489604,0.012686715773650221,49.73231219032752,49.73231219032752,49.73231219032752
651,frame_000651.png,652,2.608,-29.03491897722799,51.998096820061605,-0.00012301834833776545,-0.0070484321624241664,0.00021984459006814578,0.012596167159688448,49.37735313015408,49.37735313015408,49.37735313015408
652,frame_000652.png,653,2.612,-28.82768534147035,51.626965968390856,-0.00012214032071256335,-0.006998124885204192,0.00021827549744218356,0.012506264774555714,49.02492755187896,49.02492755187896,49.02492755187896
653,frame_000653.png,654,2.616,-28.621930813612778,51.258484022880566,-0.00012126855981890455,-0.006948176665252989,0.00021671760316802644,0.012417004007718913,48.67501737306557,48.67501737306557,48.67501737306557
654,frame_000654.png,655,2.62,-28.417644836683177,50.89263207727231,-0.00012040302093211609,-0.006898584940035559,0.0002151708273498827,0.012328380281486383,48.32760464033794,48.32760464033794,48.32760464033794
655,frame_000655.png,656,2.624,-28.214816929058614,50.52939136024808,-0.00011954365964661983,-0.006849347165299687,0.00021363509066110004,0.01224038905077574,47.982671528459775,47.982671528459775,47.982671528459775
656,frame_000656.png,657,2.628,-28.01343668392751,50.168743234467144,-0.0001186904318736593,-0.0068004608149457016,0.00021211031434014457,0.012153025802883508,47.64020033941969,47.64020033941969,47.64020033941969
657,frame_000657.png,658,2.632,-27.8134937687557,49.81066919560991,-0.0001178432938390426,-0.0067519233808971575,0.00021059642018660314,0.012066286057256053,47.30017350152339,47.30017350152339,47.30017350152339
658,frame_000658.png,659,2.636,-27.614977924756285,49.45515087142848,-0.00011700220208090126,-0.006703732372972421,0.0002090933305572164,0.01198016536526231,46.96257356849193,46.96257356849193,46.96257356849193
659,frame_000659.png,660,2.64,-27.417878966363286,49.10217002080404,-0.00011616711344746499,-0.006655885318757175,0.00020760096836193562,0.011894659309967841,46.62738321856682,46.62738321856682,46.62738321856682
660,frame_000660.png,661,2.644,-27.222186780709013,48.751708532811,-0.00011533798509485216,-0.0066083797634778245,0.00020611925706000994,0.011809763505910667,46.29458525362102,46.29458525362102,46.29458525362102
661,frame_000661.png,662,2.648,-27.02789132710521,48.40374842578777,-0.00011451477448487593,-0.006561213269875796,0.00020464812065609708,0.011725473598878405,45.9641625982768,45.9641625982768,45.9641625982768
662,frame_000662.png,663,2.652,-26.834982636527883,48.05827184641417,-0.00011369743938286582,-0.006514383418082722,0.00020318748369640147,0.011641785265687028,45.63609829902961,45.63609829902961,45.63609829902961
663,frame_000663.png,664,2.656,-26.643450811105808,47.71526106879547,-0.00011288593785550486,-0.00646788780549652,0.00020173727126484371,0.011558694213961364,45.31037552337796,45.31037552337796,45.31037552337796
664,frame_000664.png,665,2.66,-26.453286023612687,47.37469849355289,-0.00011208022826868191,-0.006421724046658335,0.00020029740897924608,0.01147619618191656,44.98697755896032,44.98697755896032,44.98697755896032
665,frame_000665.png,666,2.664,-26.26447851696293,47.03656664692066,-0.00011128026928535933,-0.006375889773130375,0.00019886782298755314,0.01139428693814153,44.665887812697235,44.665887812697235,44.665887812697235
666,frame_000666.png,667,2.668,-26.077018603711036,46.700848179849494,-0.0001104860198634556,-0.006330382633374586,0.00019744843996407724,0.011312962281383841,44.34708980993999,44.34708980993999,44.34708980993999
667,frame_000667.png,668,2.672,-25.89089666555454,46.36752586711644,-0.00010969743925374311,-0.006285200292632207,0.00019603918710576465,0.011232218040335782,44.030567193625615,44.030567193625615,44.030567193625615
668,frame_000668.png,669,2.676,-25.70610315284053,46.036582606441144,-0.00010891448699776069,-0.006240340432804168,0.00019463999212849235,0.011152050073422176,43.71630372343745,43.71630372343745,43.71630372343745
669,frame_000669.png,670,2.68,-25.52262858407566,45.708001417608365,-0.00010813712292574108,-0.00619580075233234,0.00019325078326338867,0.011072454268589577,43.404283274971874,43.404283274971874,43.404283274971874
670,frame_000670.png,671,2.684,-25.34046354543967,45.38176544159676,-0.00010736530715455303,-0.00615157896608163,0.00019187148925317902,0.01099342654309689,43.09448983891116,43.09448983891116,43.09448983891116
671,frame_000671.png,672,2.688,-25.159598690302374,45.05785793971392,-0.000106599000085658,-0.006107672805222905,0.00019050203934855832,0.01091496284330753,42.78690752020188,42.78690752020188,42.78690752020188
672,frame_000672.png,673,2.692,-24.980024738744124,44.736262292737536,-0.00010583816240308134,-0.006064080017116748,0.00018914236330458585,0.010837059144482864,42.48152053723956,42.48152053723956,42.48152053723956
673,frame_000673.png,674,2.696,-24.801732477079643,44.4169620000627,-0.00010508275507139783,-0.006020798365198044,0.0001877923913771077,0.010759711450577225,42.17831322105884,42.17831322105884,42.17831322105884
674,frame_000674.png,675,2.7,-24.624712757385304,44.099940678855376,-0.00010433273933373172,-0.005977825628861384,0.00018645205431920304,0.010682915794034306,41.87727001452956,41.87727001452956,41.87727001452956
675,frame_000675.png,676,2.704,-24.44895649702976,43.785182063211735,-0.00010358807670977064,-0.005935159603347276,0.0001851212833776537,0.010606668235584878,41.57837547155863,41.57837547155863,41.57837547155863
676,frame_000676.png,677,2.708,-24.274454678207928,43.472670003323685,-0.00010284872899379384,-0.005892798099629169,0.00018380001028944185,0.010530964864046123,41.28161425629739,41.28161425629739,41.28161425629739
677,frame_000677.png,678,2.712,-24.101198347478306,43.16238846465023,-0.00010211465825271441,-0.005850738944301277,0.00018248816727826727,0.010455801796122086,40.98697114235493,40.98697114235493,40.98697114235493
678,frame_000678.png,679,2.716,-23.929178615303574,42.85432152709477,-0.00010138582682413529,-0.005808979979467203,0.0001811856870510925,0.01038117517620573,40.69443101201675,40.69443101201675,40.69443101201675
679,frame_000679.png,680,2.72,-23.758386655594503,42.548453384188306,-0.00010066219731441918,-0.005767519062629348,0.00017989250279471056,0.010307081176182281,40.403978855469134,40.403978855469134,40.403978855469134
680,frame_000680.png,681,2.724,-23.588813705257092,42.24476834227843,-9.994373259677208e-05,-0.0057263540665791115,0.00017860854817233632,0.010233515995233925,40.11559977002901,40.11559977002901,40.11559977002901
681,frame_000681.png,682,2.728,-23.420451063742945,41.94325081972414,-9.92303958093406e-05,-0.005685482879287867,0.0001773337573202226,0.010160475859645923,39.829278959379366,39.829278959379366,39.829278959379366
682,frame_000682.png,683,2.732,-23.25329009260287,41.64388534609637,-9.852215035332258e-05,-0.005644903403798716,0.00017606806484429902,0.010087957022614037,39.545001732810064,39.545001732810064,39.545001732810064
683,frame_000683.png,684,2.736,-23.08732221504365,41.34665656138425,-9.781895989109127e-05,-0.005604613558119009,0.00017481140581683497,0.010015955764053333,39.26275350446406,39.26275350446406,39.26275350446406
684,frame_000684.png,685,2.74,-22.922538915487976,41.051549215207025,-9.712078834433281e-05,-0.005564611275113629,0.0001735637157731241,0.009944468390408207,38.982519792589144,38.982519792589144,38.982519792589144
685,frame_000685.png,686,2.744,-22.758931739137534,40.758548166031574,-9.642759989219692e-05,-0.005524894502399035,0.00017232493070819504,0.009873491234463933,38.70428621879476,38.70428621879476,38.70428621879476
686,frame_000686.png,687,2.748,-22.596492291539196,40.46763838039555,-9.573935896946078e-05,-0.005485461202238065,0.0001710949870735427,0.009803020655159372,38.42803850731438,38.42803850731438,38.42803850731438
687,frame_000687.png,688,2.7520000000000002,-22.435212238154318,40.178804932136046,-9.505603026470592e-05,-0.005446309351435471,0.00016987382177388296,0.00973305303740104,38.15376248427306,38.15376248427306,38.15376248427306
688,frame_000688.png,689,2.7560000000000002,-22.27508330393111,39.89203300162377,-9.437757871850815e-05,-0.005407436941234214,0.0001686613721639305,0.009663584791878482,37.88144407696009,37.88144407696009,37.88144407696009
689,frame_000689.png,690,2.7600000000000002,-22.116097272880047,39.60730787500268,-9.370396952164022e-05,-0.005368841977212485,0.00016745757604519872,0.009594612354880922,37.61106931310714,37.61106931310714,37.61106931310714
690,frame_000690.png,691,2.7640000000000002,-21.958245987652333,39.32461494343504,-9.303516811328736e-05,-0.00533052247918146,0.0001662623716628225,0.009526132188115224,37.34262432017117,37.34262432017117,37.34262432017117
691,frame_000691.png,692,2.7680000000000002,-21.801521349121348,39.043939702351885,-9.237114017927556e-05,-0.0052924764810837925,0.000165075697702403,0.009458140778525113,37.076095324622784,37.076095324622784,37.076095324622784
692,frame_000692.png,693,2.7720000000000002,-21.6459153159671,38.76526775070882,-9.171185165031233e-05,-0.00525470203089281,0.00016389749328687465,0.009390634638111661,36.81146865123952,36.81146865123952,36.81146865123952
693,frame_000693.png,694,2.7760000000000002,-21.491419904263633,38.488584790247145,-9.105726870024002e-05,-0.005217197190512444,0.0001627276979733937,0.009323610303755019,36.54873072240417,36.54873072240417,36.54873072240417
694,frame_000694.png,695,2.7800000000000002,-21.338027187069393,38.2138766247602,-9.04073577443016e-05,-0.005179960035677861,0.0001615662517502497,0.009257064337037458,36.287868057408176,36.287868057408176,36.287868057408176
695,frame_000695.png,696,2.7840000000000003,-21.185729294020497,37.94112915936506,-8.97620854374188e-05,-0.005142988655856806,0.00016041309503379722,0.009190993324067566,36.02886727175991,36.02886727175991,36.02886727175991
696,frame_000696.png,697,2.7880000000000003,-21.034518410926932,37.67032839977928,-8.912141867248236e-05,-0.005106281154151647,0.00015926816866541015,0.009125393875305747,35.77171507649801,35.77171507649801,35.77171507649801
697,frame_000697.png,698,2.7920000000000003,-20.884386779371603,37.40146045160292,-8.848532457865461e-05,-0.005069835647202118,0.00015813141390845747,0.009060262625390938,35.51639827750948,35.51639827750948,35.51639827750948
698,frame_000698.png,699,2.7960000000000003,-20.735326696312274,37.13451151960565,-8.785377051968405e-05,-0.005033650265088749,0.00015700277244530005,0.008995596232968549,35.262903774852745,35.262903774852745,35.262903774852745
699,frame_000699.png,700,2.8000000000000003,-20.587330513686332,36.86946790701894,-8.722672409223196e-05,-0.004997723151236988,0.00015588218637430757,0.008931391380519533,35.011218562085574,35.011218562085574,35.011218562085574
700,frame_000700.png,701,2.8040000000000003,-20.44039063801837,36.60631601483328,-8.660415312421082e-05,-0.0049620524623220025,0.00015476959820689756,0.008867644774190744,34.761329725597705,34.761329725597705,34.761329725597705
701,frame_000701.png,702,2.8080000000000003,-20.294499530030595,36.34504234110051,-8.598602567313476e-05,-0.0049266363681741655,0.00015366495086459656,0.008804353143626552,34.51322444394819,34.51322444394819,34.51322444394819
702,frame_000702.png,703,2.8120000000000003,-20.149649704255978,36.08563348024098,-8.537231002448153e-05,-0.004891473051685202,0.00015256818767611841,0.008741513241801445,34.266889987207705,34.266889987207705,34.266889987207705
703,frame_000703.png,704,2.816,-20.005833728654203,35.828076122355796,-8.476297469006627e-05,-0.004856560708715015,0.00015147925237446626,0.008679121844853971,34.022313716305305,34.022313716305305,34.022313716305305
704,frame_000704.png,705,2.82,-19.86304422423033,35.57235705254389,-8.415798840642683e-05,-0.00482189754799917,0.00015039808909405407,0.008617175751921833,33.77948308237994,33.77948308237994,33.77948308237994
705,frame_000705.png,706,2.824,-19.721273864656187,35.31846315022399,-8.355732013322054e-05,-0.004787481791057038,0.00014932464236784728,0.008555671784978049,33.538385626136645,33.538385626136645,33.538385626136645
706,frame_000706.png,707,2.828,-19.580515375894482,35.06638138846142,-8.296093905163252e-05,-0.004753311672100598,0.00014825885712452697,0.00849460678866847,33.29900897720714,33.29900897720714,33.29900897720714
707,frame_000707.png,708,2.832,-19.440761535825573,34.81609883329975,-8.236881456279514e-05,-0.004719385437943874,0.00014720067868566897,0.008433977630150165,33.06134085351533,33.06134085351533,33.06134085351533
708,frame_000708.png,709,2.836,-19.302005173876903,34.56760264309712,-8.178091628621888e-05,-0.00468570134791304,0.00014615005276294712,0.008373781198931165,32.82536906064705,32.82536906064705,32.82536906064705
709,frame_000709.png,710,2.84,-19.164239170655115,34.320880067867414,-8.119721405823433e-05,-0.004652257673757142,0.00014510692545535524,0.008314014406711307,32.591081491224244,32.591081491224244,32.591081491224244
710,frame_000710.png,711,2.844,-19.02745645758074,34.075918448626055,-8.06176779304453e-05,-0.004619052699559477,0.0001440712432464468,0.008254674187224068,32.35846612428402,32.35846612428402,32.35846612428402
711,frame_000711.png,712,2.848,-18.891650016525524,33.8327052167405,-8.004227816819286e-05,-0.004586084721649581,0.00014304295300159665,0.008195757496079679,32.127511024661686,32.127511024661686,32.127511024661686
712,frame_000712.png,713,2.852,-18.756812879452355,33.591227893285364,-7.947098524903044e-05,-0.004553352048515866,0.00014202200196528086,0.008137261310609276,31.898204342378435,31.898204342378435,31.898204342378435
713,frame_000713.png,714,2.856,-18.622938128057726,33.351474088402156,-7.890376986120975e-05,-0.004520853000718864,0.0001410083377583762,0.008079182629710163,31.670534312033297,31.670534312033297,31.670534312033297
714,frame_000714.png,715,2.86,-18.490018893416767,33.113431500663566,-7.834060290217747e-05,-0.004488585910805097,0.00014000190837547754,0.008021518473692115,31.444489252199624,31.444489252199624,31.444489252199624
715,frame_000715.png,716,2.864,-18.358048355630828,32.877087916442306,-7.778145547708261e-05,-0.004456549123221555,0.00013900266218223629,0.007964265884124877,31.22005756482551,31.22005756482551,31.22005756482551
716,frame_000716.png,717,2.868,-18.227019743477534,32.64243120928447,-7.722629889729463e-05,-0.004424740994230786,0.00013801054791271578,0.007907421923686648,30.99722773463894,30.99722773463894,30.99722773463894
717,frame_000717.png,718,2.872,-18.09692633406339,32.409449339287306,-7.667510467893203e-05,-0.004393159891826597,0.00013702551466676644,0.007850983676013678,30.775988328556792,30.775988328556792,30.775988328556792
718,frame_000718.png,719,2.876,-17.967761452478822,32.17813035248152,-7.61278445414014e-05,-0.004361804195650342,0.00013604751190741905,0.007794948245550924,30.556327995098314,30.556327995098314,30.556327995098314
719,frame_000719.png,720,2.88,-17.839518471455705,31.94846238021789,-7.558449040594693e-05,-0.004330672296907822,0.000135076489458297,0.007739312757403774,30.338235463802675,30.338235463802675,30.338235463802675
720,frame_000720.png,721,2.884,-17.712190811027313,31.72043363855834,-7.50450143942103e-05,-0.0042997625982867625,0.00013411239750104616,0.007684074357190793,30.12169954465069,30.12169954465069,30.12169954465069
721,frame_000721.png,722,2.888,-17.58577193819074,31.494032427671314,-7.45093888268007e-05,-0.004269073513874892,0.00013315518657278276,0.007629230210897501,29.906709127490714,29.906709127490714,29.906709127490714
722,frame_000722.png,723,2.892,-17.46025536657167,31.269247131231474,-7.397758622187519e-05,-0.004238603469078598,0.0001322048075635614,0.007574777504731292,29.6932531814685,29.6932531814685,29.6932531814685
723,frame_000723.png,724,2.896,-17.335634656091592,31.046066215823693,-7.344957929372911e-05,-0.0042083509005421595,0.00013126121171385785,0.0075207134449772175,29.48132075446138,29.48132075446138,29.48132075446138
724,frame_000724.png,725,2.9,-17.21190341263736,30.82447823035129,-7.292534095139647e-05,-0.004178314256067565,0.00013032435061207298,0.007467035257854969,29.27090097251613,29.27090097251613,29.27090097251613
725,frame_000725.png,726,2.904,-17.089055287733107,30.604471805448497,-7.240484429726045e-05,-0.004148491994534891,0.00012939417619205136,0.007413740189376701,29.061983039291263,29.061983039291263,29.061983039291263
726,frame_000726.png,727,2.908,-16.967083978214553,30.386035652897124,-7.188806262567368e-05,-0.004118882585823253,0.00012847064073061933,0.007360825505205978,28.85455623550294,28.85455623550294,28.85455623550294
727,frame_000727.png,728,2.912,-16.84598322590556,30.16915856504736,-7.13749694215885e-05,-0.004089484510732328,0.00012755369684513973,0.00730828849051767,28.64860991837503,28.64860991837503,28.64860991837503
728,frame_000728.png,729,2.916,-16.725746817297047,29.953829414242744,-7.086553835919683e-05,-0.004060296260904419,0.00012664329749108517,0.007256126449858907,28.444133521093008,28.444133521093008,28.444133521093008
729,frame_000729.png,730,2.92,-16.606368583228196,29.740037152249208,-7.035974330057977e-05,-0.0040313163387470895,0.00012573939595962716,0.007204336707010952,28.241116552261822,28.241116552261822,28.241116552261822
730,frame_000730.png,731,2.924,-16.487842398569896,29.527770809688228,-6.985755829436699e-05,-0.004002543257356346,0.00012484194587524265,0.00715291660485206,28.039548595367606,28.039548595367606,28.039548595367606
731,frame_000731.png,732,2.928,-16.370162181910498,29.31701949547399,-6.93589575744054e-05,-0.003973975540440363,0.00012395090119333768,0.007101863505221328,27.83941930824323,27.83941930824323,27.83941930824323
732,frame_000732.png,733,2.932,-16.253321895243765,29.107772396254592,-6.886391555843757e-05,-0.003945611722243759,0.000123066216197888,0.007051174788783512,27.640718422537617,27.640718422537617,27.640718422537617
733,frame_000733.png,734,2.936,-16.13731554365909,28.900018775857234,-6.837240684678941e-05,-0.003917450347472406,0.00012218784549909646,0.007000847854894799,27.443435743188914,27.443435743188914,27.443435743188914
734,frame_000734.png,735,2.94,-16.022137175033887,28.69374797473735,-6.788440622106731e-05,-0.0038894899712187867,0.00012131574403106678,0.006950880121469535,27.247561147901436,27.247561147901436,27.247561147901436
735,frame_000735.png,736,2.944,-15.907780879728213,28.488949409431683,-6.739988864286444e-05,-0.003861729158887862,0.00012044986704949428,0.006901269024847904,27.053084586626213,27.053084586626213,27.053084586626213
736,frame_000736.png,737,2.948,-15.794240790281538,28.28561257201528,-6.691882925247645e-05,-0.003834166486123494,0.00011959017012937287,0.0068520120196645514,26.85999608104541,26.85999608104541,26.85999608104541
737,frame_000737.png,738,2.952,-15.68151108111171,28.083727029562333,-6.644120336762613e-05,-0.0038068005387353696,0.00011873660916271792,0.006803106578718116,26.668285724060354,26.668285724060354,26.668285724060354
738,frame_000738.png,739,2.956,-15.569585968216035,27.88328242361089,-6.596698648219737e-05,-0.0037796299126264627,0.00011788914035630572,0.006754550192841708,26.477943679283186,26.477943679283186,26.477943679283186
739,frame_000739.png,740,2.96,-15.458459708874521,27.68426846963137,-6.549615426497796e-05,-0.0037526532137210035,0.00011704772022942878,0.006706340370774297,26.288960180532207,26.288960180532207,26.288960180532207
740,frame_000740.png,741,2.964,-15.348126601355224,27.4866749564989,-6.502868255841151e-05,-0.003725869057892968,0.00011621230561166697,0.006658474639033011,26.101325531330772,26.101325531330772,26.101325531330772
741,frame_000741.png,742,2.968,-15.238580984621699,27.290491745969366,-6.456454737735818e-05,-0.0036992760708950715,0.00011538285364067564,0.0066109505417864,25.915030104409723,25.915030104409723,25.915030104409723
742,frame_000742.png,743,2.972,-15.129817238042541,27.09570877215927,-6.410372490786421e-05,-0.0036728728882882713,0.00011455932175998684,0.00656376564072846,25.730064341213577,25.730064341213577,25.730064341213577
743,frame_000743.png,744,2.976,-15.021829781103,26.902316041029245,-6.364619150594039e-05,-0.0036466581553717733,0.00011374166771682952,0.006516917514953738,25.546418751409924,25.546418751409924,25.546418751409924
744,frame_000744.png,745,2.98,-14.91461307311865,26.710303629871277,-6.319192369634902e-05,-0.0036206305271135357,0.00011292984955996237,0.006470403760833161,25.3640839124026,25.3640839124026,25.3640839124026
745,frame_000745.png,746,2.984,-14.808161612951107,26.519661686799594,-6.274089817139979e-05,-0.0035947886680812724,0.00011212382563752411,0.006424221991890869,25.183050468848165,25.183050468848165,25.183050468848165
746,frame_000746.png,747,2.988,-14.70246993872577,26.330380430245174,-6.229309178975393e-05,-0.00356913125237394,0.00011132355459489798,0.006378369838681857,25.003309132175943,25.003309132175943,25.003309132175943
747,frame_000747.png,748,2.992,-14.597532627551585,26.14245014845387,-6.184848157523719e-05,-0.0035436569635537243,0.00011052899537259179,0.006332844948670515,24.824850680111382,24.824850680111382,24.824850680111382
748,frame_000748.png,749,2.996,-14.493344295242801,25.95586119898812,-6.140704471566104e-05,-0.003518364494578502,0.00010974010720413223,0.006287644986109977,24.647665956202978,24.647665956202978,24.647665956202978
749,frame_000749.png,750,3.0,-14.389899596042714,25.770604008232205,-6.09687585616525e-05,-0.0034932525477347916,0.00010895684961397559,0.006242767631922414,24.471745869352347,24.471745869352347,24.471745869352347
750,frame_000750.png,751,3.004,-14.287193222349387,25.58666907090103,-6.0533600625492116e-05,-0.0034683198345711783,0.00010817918241543245,0.0061982105835801295,24.297081393347852,24.297081393347852,24.297081393347852
751,frame_000751.png,752,3.008,-14.185219904443324,25.404046949552452,-6.0101548579960354e-05,-0.003443565075832214,0.00010740706570860675,0.006153971554987477,24.12366356640147,24.12366356640147,24.12366356640147
752,frame_000752.png,753,3.012,-14.083974410217087,25.22272827410302,-5.96725802571922e-05,-0.0034189870013927935,0.00010664045987835108,0.006110048276363705,23.95148349068893,23.95148349068893,23.95148349068893
753,frame_000753.png,754,3.016,-13.98345154490684,25.042703741347243,-5.9246673647539886e-05,-0.00339458435019299,0.00010587932559223456,0.006066438494126526,23.780532331893255,23.780532331893255,23.780532331893255
754,frame_000754.png,755,3.02,-13.883646150825825,24.863964114480247,-5.882380689844378e-05,-0.003370355870173366,0.00010512362379852644,0.006023139970776584,23.61080131875144,23.61080131875144,23.61080131875144
755,frame_000755.png,756,3.024,-13.784553107099716,24.686500222623835,-5.8403958313311284e-05,-0.0033463003182107346,0.00010437331572419364,0.005980150484782727,23.442281742604422,23.442281742604422,23.442281742604422
756,frame_000756.png,757,3.028,-13.686167329403881,24.510302960355958,-5.798710635040376e-05,-0.00332241646005439,0.00010362836287291339,0.005937467830468132,23.274964956950186,23.274964956950186,23.274964956950186
757,frame_000757.png,758,3.032,-13.588483769702506,24.33536328724353,-5.7573229621731405e-05,-0.0032987030702627826,0.00010288872702309806,0.0058950898178971416,23.108842377000272,23.108842377000272,23.108842377000272
758,frame_000758.png,759,3.036,-13.4914974159896,24.161672227378574,-5.716230689195597e-05,-0.0032751589321406557,0.00010215437022593609,0.005853014272763015,22.94390547923919,22.94390547923919,22.94390547923919
759,frame_000759.png,760,3.04,-13.395203292031825,23.98922086891767,-5.675431707730135e-05,-0.003251782837676621,0.00010142525480344558,0.005811239036276412,22.780145800987107,22.780145800987107,22.780145800987107
760,frame_000760.png,761,3.044,-13.299596457113173,23.818000363624716,-5.634923924447192e-05,-0.003228573587481189,0.00010070134334654263,0.005769761965054706,22.617554939965657,22.617554939965657,22.617554939965657
761,frame_000761.png,762,3.048,-13.204672005781473,23.648001926416942,-5.594705260957859e-05,-0.003205529990725232,9.998259871312262e-05,0.005728580931012062,22.45612455386683,22.45612455386683,22.45612455386683
762,frame_000762.png,763,3.052,-13.11042506759669,23.47921683491414,-5.5547736537072525e-05,-0.0031826508650788943,9.92689840261556e-05,0.005687693821250303,22.295846359924937,22.295846359924937,22.295846359924937
763,frame_000763.png,764,3.056,-13.016850806881035,23.311636428991154,-5.515127053868649e-05,-0.003159935036650934,9.856046267179539e-05,0.005647098537950569,22.13671213449163,22.13671213449163,22.13671213449163
764,frame_000764.png,765,3.06,-12.92394442247085,23.14525211033353,-5.475763427238372e-05,-0.0031373813399284975,9.785699829750169e-05,0.005606792998265729,21.978713712613967,21.978713712613967,21.978713712613967
765,frame_000765.png,766,3.064,-12.831701147470271,22.980055341996348,-5.436680754131426e-05,-0.0031149886177173234,9.715855481017617e-05,0.005566775134213578,21.82184298761546,21.82184298761546,21.82184298761546
766,frame_000766.png,767,3.068,-12.740116249006647,22.816037647966212,-5.397877029277887e-05,-0.0030927557210823765,9.64650963743105e-05,0.005527042892570731,21.66609191068021,21.66609191068021,21.66609191068021
767,frame_000767.png,768,3.072,-12.649185027987691,22.653190612726352,-5.359350261720019e-05,-0.0030706815092889027,9.577658741014993e-05,0.005487594234767406,21.51145249043978,21.51145249043978,21.51145249043978
768,frame_000768.png,769,3.076,-12.558902818860393,22.49150588082484,-5.321098474710131e-05,-0.003048764849743903,9.509299259186755e-05,0.005448427136782814,21.35791679256333,21.35791679256333,21.35791679256333
769,frame_000769.png,770,3.08,-12.469264989371622,22.330975156445877,-5.283119705609161e-05,-0.0030270046179380287,9.441427684575294e-05,0.005409539589041374,21.205476939350433,21.205476939350433,21.205476939350433
770,frame_000770.png,771,3.084,-12.380266940330463,22.171590202984156,-5.2454120057859836e-05,-0.0030053996973878863,9.37404053484135e-05,0.005370929596309663,21.054125109326883,21.054125109326883,21.054125109326883
771,frame_000771.png,772,3.088,-12.291904105372232,22.01334284262225,-5.2079734405174404e-05,-0.0029839489795787603,9.307134352498788e-05,0.005332595177594048,20.903853536843442,20.903853536843442,20.903853536843442
772,frame_000772.png,773,3.092,-12.204171950724186,21.856224955911024,-5.170802088889076e-05,-0.00296265136390774,9.240705704737309e-05,0.005294534366039109,20.75465451167733,20.75465451167733,20.75465451167733
773,frame_000773.png,774,3.096,-12.117065974972899,21.700228481353026,-5.133896043696589e-05,-0.002941505757627254,9.17475118324642e-05,0.005256745208826781,20.606520378636645,20.606520378636645,20.606520378636645
774,frame_000774.png,775,3.1,-12.030581708833305,21.54534541498888,-5.0972534113479775e-05,-0.002920511075789004,9.109267404040566e-05,0.0052192257670761605,20.45944353716761,20.45944353716761,20.45944353716761
775,frame_000775.png,776,3.104,-11.944714714919378,21.391567809986597,-5.0608723117663974e-05,-0.002899666241188307,9.044251007285579e-05,0.005181974115744072,20.31341644096458,20.31341644096458,20.31341644096458
776,frame_000776.png,777,3.108,-11.859460587516464,21.238887776233852,-5.024750878293699e-05,-0.0028789701843088254,8.979698657126398e-05,0.0051449883435263554,20.16843159758284,20.16843159758284,20.16843159758284
777,frame_000777.png,778,3.112,-11.774814952355227,21.08729747993315,-4.98888725759466e-05,-0.0028584218432676956,8.915607041515907e-05,0.005108266552759796,20.024481568054213,20.024481568054213,20.024481568054213
778,frame_000778.png,779,3.116,-11.690773466387206,20.936789143199867,-4.953279609561897e-05,-0.0028380201637610496,8.851972872045058e-05,0.005071806859324798,19.881558966505366,19.881558966505366,19.881558966505366
779,frame_000779.png,780,3.12,-11.607331817561992,20.787355043663204,-4.917926107221464e-05,-0.0028177640990099226,8.788792883774297e-05,0.005035607392548791,19.739656459778793,19.739656459778793,19.739656459778793
780,frame_000780.png,781,3.124,-11.524485724605967,20.63898751406995,-4.882824936639113e-05,-0.0027976526097065477,8.726063835065974e-05,0.004999666295110216,19.598766767056674,19.598766767056674,19.598766767056674
781,frame_000781.png,782,3.128,-11.442230936802652,20.491678941891077,-4.8479742968272315e-05,-0.0027776846639610336,8.66378250741817e-05,0.0049639817229433095,19.45888265948718,19.45888265948718,19.45888265948718
782,frame_000782.png,783,3.132,-11.3605632337746,20.345421768931175,-4.813372399652443e-05,-0.0027578592372484233,8.601945705299523e-05,0.004928551845143469,19.319996959813707,19.319996959813707,19.319996959813707
783,frame_000783.png,784,3.136,-11.27947842526686,20.20020849094064,-4.779017469743864e-05,-0.00273817531235613,8.540550255985412e-05,0.004893374843873389,19.18210254200647,19.18210254200647,19.18210254200647
784,frame_000784.png,785,3.14,-11.198972350931971,20.056031657230637,-4.7449077444020177e-05,-0.0027186318793317476,8.479593009395084e-05,0.004858448914269749,19.045192330897052,19.045192330897052,19.045192330897052
785,frame_000785.png,786,3.144,-11.119040880116517,19.912883870290823,-4.7110414735083984e-05,-0.0026992279354312366,8.419070837930237e-05,0.004823772264350721,18.90925930181519,18.90925930181519,18.90925930181519
786,frame_000786.png,787,3.148,-11.039679911649172,19.770757785409792,-4.677416919435677e-05,-0.002679962485067473,8.358980636314457e-05,0.004789343114923977,18.77429648022852,18.77429648022852,18.77429648022852
787,frame_000787.png,788,3.152,-10.960885373630287,19.629646110298225,-4.6440323569585536e-05,-0.002660834539759173,8.299319321433977e-05,0.004755159699495451,18.64029694138464,18.64029694138464,18.64029694138464
788,frame_000788.png,789,3.156,-10.88265322322296,19.48954160471473,-4.610886073165242e-05,-0.0026418431180801768,8.240083832179544e-05,0.004721220264178736,18.507253809955813,18.507253809955813,18.507253809955813
789,frame_000789.png,790,3.16,-10.804979446445603,19.350437080094363,-4.577976367369587e-05,-0.002622987245609094,8.181271129289379e-05,0.004687523067605103,18.37516025968622,18.37516025968622,18.37516025968622
790,frame_000790.png,791,3.164,-10.727860057966,19.212325399179786,-4.545301551023807e-05,-0.0026042659548793116,8.122878195193314e-05,0.004654066380834202,18.244009513041682,18.244009513041682,18.244009513041682
791,frame_000791.png,792,3.168,-10.651291100896811,19.07519947565508,-4.5128599476318635e-05,-0.002585678285329355,8.064902033857893e-05,0.00462084848726531,18.113794840862013,18.113794840862013,18.113794840862013
792,frame_000792.png,793,3.172,-10.57526864659256,18.93905227378213,-4.4806498926634434e-05,-0.0025672232832536063,8.007339670632816e-05,0.004587867682549351,17.98450956201563,17.98450956201563,17.98450956201563
793,frame_000793.png,794,3.176,-10.49978879444806,18.80387680803966,-4.44866973346856e-05,-0.0025489000017533733,7.950188152098256e-05,0.004555122274501411,17.856147043056836,17.856147043056836,17.856147043056836
794,frame_000794.png,795,3.18,-10.424847671698272,18.669666142764793,-4.416917829192762e-05,-0.002530707500688307,7.893444545913384e-05,0.004522610583013955,17.72870069788543,17.72870069788543,17.72870069788543
795,frame_000795.png,796,3.184,-10.35044143321961,18.536413391797204,-4.3853925506929445e-05,-0.0025126448466281665,7.837105940665964e-05,0.004490330939970647,17.602163987408794,17.602163987408794,17.602163987408794
796,frame_000796.png,797,3.188,-10.276566261332642,18.404111718125797,-4.3540922804537645e-05,-0.002494711112804927,7.781169445722957e-05,0.004458281689160756,17.476530419206398,17.476530419206398,17.476530419206398
797,frame_000797.png,798,3.192,-10.203218365606219,18.272754333537915,-4.323015412504653e-05,-0.0024769053790652325,7.725632191082281e-05,0.004426461186194214,17.35179354719665,17.35179354719665,17.35179354719665
798,frame_000798.png,799,3.196,-10.130393982662989,18.14233449827103,-4.292160352337415e-05,-0.002459226731823183,7.670491327225597e-05,0.00439486779841728,17.22794697130616,17.22794697130616,17.22794697130616
799,frame_000799.png,800,3.2,-10.0580893759863,18.012845520666957,-4.261525516824423e-05,-0.0024416742640134634,7.615744024972061e-05,0.0043634999048287335,17.104984337141424,17.104984337141424,17.104984337141424
800,frame_000800.png,801,3.204,-9.986300835728496,17.8842807568285,-4.23110933413739e-05,-0.0024242470750448046,7.561387475333225e-05,0.004332355895996747,16.982899335662722,16.982899335662722,16.982899335662722
801,frame_000801.png,802,3.208,-9.915024678520558,17.756633610278563,-4.200910243666725e-05,-0.0024069442707537764,7.50741888936896e-05,0.004301434173976333,16.861685702860406,16.861685702860406,16.861685702860406
802,frame_000802.png,803,3.212,-9.84425724728312,17.629897531621705,-4.170926695941464e-05,-0.002389764963358911,7.453835498044337e-05,0.004270733152227345,16.741337219433547,16.741337219433547,16.741337219433547
803,frame_000803.png,804,3.216,-9.773994911038827,17.504066018208086,-4.1411571525497684e-05,-0.0023727082714151537,7.400634552087645e-05,0.004240251255533125,16.621847710470796,16.621847710470796,16.621847710470796
804,frame_000804.png,805,3.22,-9.704234064726045,17.37913261379984,-4.1116000860599966e-05,-0.002355773319768639,7.347813321849247e-05,0.004209986919919635,16.503211045133618,16.503211045133618,16.503211045133618
805,frame_000805.png,806,3.224,-9.634971129013877,17.2550909082398,-4.082253979942333e-05,-0.002338959239511787,7.295369097161644e-05,0.00417993859257528,16.38542113634162,16.38542113634162,16.38542113634162
806,frame_000806.png,807,3.228,-9.56620255011852,17.131934537122614,-4.0531173284909834e-05,-0.0023222651679387263,7.243299187200417e-05,0.004150104731771235,16.268471940460316,16.268471940460316,16.268471940460316
807,frame_000807.png,808,3.232,-9.497924799620924,17.00965718146819,-4.0241886367469164e-05,-0.0023056902485010266,7.191600920346131e-05,0.004120483806782318,16.15235745699104,16.15235745699104,16.15235745699104
808,frame_000808.png,809,3.236,-9.43013437428575,16.888252567397476,-3.995466420421166e-05,-0.002289233630763754,7.140271644047344e-05,0.0040910742978085045,16.037071728263008,16.037071728263008,16.037071728263008
809,frame_000809.png,810,3.24,-9.362827795881632,16.767714465810563,-3.966949205818675e-05,-0.002272894470361838,7.08930872468451e-05,0.004061874695896945,15.92260883912769,15.92260883912769,15.92260883912769
810,frame_000810.png,811,3.244,-9.296001611002707,16.648036692067077,-3.9386355297626815e-05,-0.002256671928956748,7.038709547434847e-05,0.004032883502864544,15.808962916655297,15.808962916655297,15.808962916655297
811,frame_000811.png,812,3.248,-9.229652390891426,16.529213105668852,-3.910523939519652e-05,-0.0022405651741934807,6.988471516138192e-05,0.0040040992312211,15.69612812983345,15.69612812983345,15.69612812983345
812,frame_000812.png,813,3.2520000000000002,-9.163776731262635,16.41123760994487,-3.882612992724742e-05,-0.002224573379657855,6.938592053163837e-05,0.003975520404093004,15.584098689267996,15.584098689267996,15.584098689267996
813,frame_000813.png,814,3.2560000000000002,-9.098371252128898,16.29410415173845,-3.854901257307791e-05,-0.00220869572483411,6.889068599278284e-05,0.003947145555147475,15.472868846885948,15.472868846885948,15.472868846885948
814,frame_000814.png,815,3.2600000000000002,-9.033432597627082,16.177806721096662,-3.82738731141985e-05,-0.0021929313950628066,6.839898613513943e-05,0.003918973228517323,15.362432895640591,15.362432895640591,15.362432895640591
815,frame_000815.png,816,3.2640000000000002,-8.968957435846166,16.062339350961988,-3.80006974336023e-05,-0.0021772795814990306,6.791079573038763e-05,0.003891001978726262,15.252785169218654,15.252785169218654,15.252785169218654
816,frame_000816.png,817,3.2680000000000002,-8.904942458656292,15.94769611686613,-3.7729471515040693e-05,-0.0021617394810708917,6.742608973026813e-05,0.003863230370614747,15.14392004174956,15.14392004174956,15.14392004174956
817,frame_000817.png,818,3.2720000000000002,-8.841384381539022,15.833871136626053,-3.7460181442304185e-05,-0.0021463102964383186,6.69448432652981e-05,0.003835656979266374,15.03583192751676,15.03583192751676,15.03583192751676
818,frame_000818.png,819,3.2760000000000002,-8.77827994341882,15.720858570042175,-3.7192813398508425e-05,-0.002130991235952153,6.646703164349475e-05,0.003808280389934741,14.9285152806712,14.9285152806712,14.9285152806712
819,frame_000819.png,820,3.2800000000000002,-8.71562590649573,15.608652618598715,-3.692735366538529e-05,-0.0021157815136135277,6.599263034910881e-05,0.003781099197970883,14.821964594946706,14.821964594946706,14.821964594946706
820,frame_000820.png,821,3.2840000000000003,-8.653419056079242,15.497247525166177,-3.666378862257901e-05,-0.002100680349033543,6.552161504136655e-05,0.003754112008751196,14.716174403377515,14.716174403377515,14.716174403377515
821,frame_000821.png,822,3.2880000000000003,-8.591656200423364,15.386637573705961,-3.6402104746947384e-05,-0.0020856869673932248,6.505396155322181e-05,0.0037273174376059315,14.611139278017696,14.611139278017696,14.611139278017696
822,frame_000822.png,823,3.2920000000000003,-8.530334170562845,15.276817088977081,-3.6142288611867905e-05,-0.0020708005994037695,6.458964589011487e-05,0.0037007141097480855,14.506853829662774,14.506853829662774,14.506853829662774
823,frame_000823.png,824,3.2960000000000003,-8.46944982015059,15.167780436244975,-3.588432688654888e-05,-0.0020560204812670765,6.412864422874267e-05,0.003674300660202939,14.403312707573072,14.403312707573072,14.403312707573072
824,frame_000824.png,825,3.3000000000000003,-8.409000025296216,15.059522020992397,-3.562820633534543e-05,-0.002041345854636554,6.367093291583586e-05,0.003648075733737987,14.300510599199292,14.300510599199292,14.300510599199292
825,frame_000825.png,826,3.3040000000000003,-8.348981684405775,14.952036288632373,-3.5373913817080465e-05,-0.0020267759665782187,6.32164884669453e-05,0.00362203798479341,14.198442229909883,14.198442229909883,14.198442229909883
826,frame_000826.png,827,3.3080000000000003,-8.289391718022618,14.845317724223197,-3.5121436284370384e-05,-0.002012310069532055,6.276528756523773e-05,0.003596186077413069,14.097102362720392,14.097102362720392,14.097102362720392
827,frame_000827.png,828,3.3120000000000003,-8.230227068669386,14.73936085218547,-3.487076078295565e-05,-0.001997947421273665,6.231730706029868e-05,0.003570518685175921,13.996485798024818,13.996485798024818,13.996485798024818
828,frame_000828.png,829,3.3160000000000003,-8.171484700691142,14.634160236021156,-3.462187445103617e-05,-0.0019836872848761865,6.187252396694552e-05,0.0035450344911280122,13.896587373328757,13.896587373328757,13.896587373328757
829,frame_000829.png,830,3.3200000000000003,-8.113161600099609,14.529710478034646,-3.4374764518611334e-05,-0.0019695289286724804,6.143091546404768e-05,0.003519732187714875,13.79740196298459,13.79740196298459,13.79740196298459
830,frame_000830.png,831,3.3240000000000003,-8.05525477441853,14.4260062190558,-3.412941830682484e-05,-0.0019554716262175915,6.099245889335637e-05,0.0034946104767144834,13.698924477928422,13.698924477928422,13.698924477928422
831,frame_000831.png,832,3.3280000000000003,-7.99776125253013,14.323042138164988,-3.3885823227314176e-05,-0.0019415146562514766,6.055713175834136e-05,0.003469668069170602,13.601149865419053,13.601149865419053,13.601149865419053
832,frame_000832.png,833,3.332,-7.940678084522668,14.22081295242007,-3.364396678156474e-05,-0.0019276573026619991,6.012491172303756e-05,0.0034449036853266986,13.504073108778641,13.504073108778641,13.504073108778641
833,frame_000833.png,834,3.336,-7.884002341539085,14.119313416585346,-3.340383656026853e-05,-0.0019138988544481841,5.9695776610898545e-05,0.0034203160545602596,13.407689227135371,13.407689227135371,13.407689227135371
834,frame_000834.png,835,3.34,-7.827731115626725,14.018538322862423,-3.3165420242687496e-05,-0.00190023860568374,5.9269704403658996e-05,0.0033959039153176104,13.311993275167861,13.311993275167861,13.311993275167861
835,frame_000835.png,836,3.344,-7.771861519588136,13.918482500623012,-3.292870559602135e-05,-0.0018866758554808394,5.8846673240204944e-05,0.0033716660150491843,13.216980342851443,13.216980342851443,13.216980342851443
836,frame_000836.png,837,3.348,-7.71639068683293,13.819140816143634,-3.2693680474779945e-05,-0.0018732099079541563,5.842666141545229e-05,0.0033476011101452687,13.122645555206212,13.122645555206212,13.122645555206212
837,frame_000837.png,838,3.352,-7.661315771230699,13.720508172342207,-3.246033282016012e-05,-0.001859840072185164,5.800964737923337e-05,0.003323707965872209,13.028984072046903,13.028984072046903,13.028984072046903
838,frame_000838.png,839,3.356,-7.606633946964991,13.622579508516534,-3.222865065942698e-05,-0.0018465656621866836,5.759560973519066e-05,0.003299985356309022,12.935991087734589,12.935991087734589,12.935991087734589
839,frame_000839.png,840,3.36,-7.552342408388315,13.525349800084637,-3.199862210529958e-05,-0.0018333859968676868,5.718452723967984e-05,0.003276432064284546,12.843661830930046,12.843661830930046,12.843661830930046
840,frame_000840.png,841,3.364,-7.498438369878189,13.428814058326955,-3.177023535534104e-05,-0.0018203003999983528,5.6776378800679246e-05,0.0032530468813149593,12.751991564348998,12.751991564348998,12.751991564348998
841,frame_000841.png,842,3.368,-7.444919065694215,13.33296733013038,-3.1543478691352974e-05,-0.0018073082001753705,5.637114347670818e-05,0.003229828607541801,12.660975584519008,12.660975584519008,12.660975584519008
842,frame_000842.png,843,3.372,-7.391781749836174,13.23780469773412,-3.1318340478774244e-05,-0.0017944087307874901,5.596880047575208e-05,0.003206776051670388,12.570609221538184,12.570609221538184,12.570609221538184
843,frame_000843.png,844,3.376,-7.33902369590313,13.143321278477373,-3.109480916608403e-05,-0.0017816013299813216,5.556932915419622e-05,0.003183888030908724,12.48088783883556,12.48088783883556,12.48088783883556
844,frame_000844.png,845,3.38,-7.28664219695354,13.049512224548812,-3.0872873284209125e-05,-0.0017688853406273757,5.5172709015766135e-05,0.0031611633709067856,12.391806832933195,12.391806832933195,12.391806832933195
845,frame_000845.png,846,3.384,-7.234634565366371,12.956372722737843,-3.0652521445935493e-05,-0.0017562601102863475,5.477891971047622e-05,0.0031386009056962845,12.303361633209985,12.303361633209985,12.303361633209985
846,frame_000846.png,847,3.388,-7.182998132703197,12.86389799418765,-3.0433742345324004e-05,-0.001743724991175641,5.438794103358556e-05,0.003116199477630841,12.215547701667155,12.215547701667155,12.215547701667155
847,frame_000847.png,848,3.392,-7.131730249571286,12.772083294149994,-3.021652475713034e-05,-0.0017312793401361333,5.3999752924561723e-05,0.003093957937326611,12.128360532695382,12.128360532695382,12.128360532695382
848,frame_000848.png,849,3.396,-7.080828285487665,12.680923911741772,-3.0000857536229076e-05,-0.0017189225185991752,5.3614335466050804e-05,0.003071875143603277,12.041795652843689,12.041795652843689,12.041795652843689
849,frame_000849.png,850,3.4,-7.030289628744152,12.59041516970331,-2.978672961704181e-05,-0.0017066538925538267,5.323166888285597e-05,0.003049949963425521,11.955848620589851,11.955848620589851,11.955848620589851
850,frame_000850.png,851,3.404,-6.980111686273354,12.500552424158366,-2.957413001296944e-05,-0.0016944728325143275,5.285173354092315e-05,0.0030281812718449107,11.870515026112528,11.870515026112528,11.870515026112528
851,frame_000851.png,852,3.408,-6.930291883515619,12.411331064375878,-2.9363047815828435e-05,-0.0016823787134877994,5.247450994633299e-05,0.0030065679519421405,11.785790491065036,11.785790491065036,11.785790491065036
852,frame_000852.png,853,3.412,-6.880827664286942,12.32274651253338,-2.9153472195291166e-05,-0.0016703709149421787,5.209997874430127e-05,0.002985108894769761,11.701670668350644,11.701670668350644,11.701670668350644
853,frame_000853.png,854,3.416,-6.831716490647806,12.234794223482126,-2.8945392398330224e-05,-0.0016584488207743776,5.172812071818544e-05,0.0029638029992952583,11.61815124189959,11.61815124189959,11.61815124189959
854,frame_000854.png,855,3.42,-6.782955842772968,12.147469684513885,-2.8738797748666698e-05,-0.0016466118192786738,5.1358916788499085e-05,0.0029426491723445855,11.535227926447565,11.535227926447565,11.535227926447565
855,frame_000855.png,856,3.424,-6.73454321882217,12.060768415129399,-2.8533677646222396e-05,-0.001634859303115324,5.0992348011932615e-05,0.0029216463285460527,11.452896467315913,11.452896467315913,11.452896467315913
856,frame_000856.png,857,3.428,-6.68647613481177,11.974685966808494,-2.8330021566575967e-05,-0.0016231906692794036,5.062839558038189e-05,0.0029007933902746724,11.371152640193255,11.371152640193255,11.371152640193255
857,frame_000857.png,858,3.432,-6.6387521244872945,11.889217922781835,-2.8127819060422926e-05,-0.0016116053190698663,5.0267040819982294e-05,0.002880089287596814,11.289992250918836,11.289992250918836,11.289992250918836
858,frame_000858.png,859,3.436,-6.5913687391969,11.804359897804305,-2.7927059753039504e-05,-0.0016001026580588268,4.9908265190151885e-05,0.002859532958215384,11.209411135267203,11.209411135267203,11.209411135267203
859,frame_000859.png,860,3.44,-6.544323547765733,11.72010753793001,-2.7727733343750343e-05,-0.0015886820960610605,4.9552050282639125e-05,0.00283912334741526,11.129405158734684,11.129405158734684,11.129405158734684
860,frame_000860.png,861,3.444,-6.49761413637119,11.636456520288878,-2.752982960539999e-05,-0.0015773430471037238,4.919837782057872e-05,0.002818859408009198,11.04997021632716,11.04997021632716,11.04997021632716
861,frame_000861.png,862,3.448,-6.451238108419072,11.553402552864856,-2.7333338383828144e-05,-0.0015660849293962873,4.88472296575541e-05,0.0027987401002841153,10.971102232349459,10.971102232349459,10.971102232349459
862,frame_000862.png,863,3.452,-6.405193084420612,11.470941374275705,-2.7138249597348686e-05,-0.0015549071653006854,4.849858777666616e-05,0.002778764391947734,10.89279716019626,10.89279716019626,10.89279716019626
