frame_index,frame_filename,control_step,simulated_time_s,cart_position_steps,cart_velocity_steps_s,pole_angle_rad,pole_angle_deg,pole_angle_rate_rad_s,pole_angle_rate_deg_s,raw_control_steps_s,target_control_steps_s,applied_control_steps_s
0,frame_000000.png,1,0.004,6.622505690994441,3239.28994415018,0.08656903655958086,4.960040431377707,-0.3404940584103865,-19.508872496196076,25950.301003874953,25950.301003874953,25950.301003874953
1,frame_000001.png,2,0.008,24.857634131009164,5820.921673087125,0.0846631705669418,4.850842353681978,-0.6059697172466778,-34.71950731097049,23921.020077030767,23921.020077030767,23921.020077030767
2,frame_000002.png,3,0.012,52.29955287578534,7854.852620279604,0.08182232992209511,4.68807417446304,-0.8094342873990381,-46.377168461144194,22114.961790137633,22114.961790137633,22114.961790137633
3,frame_000003.png,4,0.016,86.94612121462322,9433.363909580763,0.07827228430281584,4.484671543399431,-0.9617762120149667,-55.10571778453705,20500.476754468164,20500.476754468164,20500.476754468164
4,frame_000004.png,5,0.02,127.13394314209782,10633.876889210376,0.07419888979180873,4.251283229626968,-1.0721041381374232,-61.42704231378495,19050.802829090753,19050.802829090753,19050.802829090753
5,frame_000005.png,6,0.024,171.48377082576238,11521.321795490967,0.06975462502577061,3.996645615494287,-1.1480320012481768,-65.77738841747819,17743.29371802058,17743.29371802058,17743.29371802058
6,frame_000006.png,7,0.028,218.8546126202292,12150.129730620336,0.06506407985982253,3.7278971738699718,-1.195918706577236,-68.52109452761991,16558.769962086983,16558.769962086983,16558.769962086983
7,frame_000007.png,8,0.032,268.3051612869953,12565.907826007182,0.06022856339572461,3.450842488711138,-1.2210696267341863,-69.96213610348367,15480.972882092872,15480.972882092872,15480.972882092872
8,frame_000008.png,9,0.036000000000000004,319.0613781128168,12806.847947741906,0.055329971690753245,3.170173858458485,-1.227905987730927,-70.35383073582477,14496.105119465792,14496.105119465792,14496.105119465792
9,frame_000009.png,10,0.04,370.48925368443685,12904.911297920025,0.05043403314958841,2.889657243294302,-1.220107250341249,-69.90699599786534,13592.44401924092,13592.44401924092,13592.44401924092
10,frame_000010.png,11,0.044,422.0719217311671,12886.82453448209,0.04559303083384812,2.612288241989326,-1.200730782000131,-68.79680614005042,12760.016285898055,12760.016285898055,12760.016285898055
11,frame_000011.png,12,0.048,473.3904333632076,12774.917370870646,0.04084808513933873,2.3404228796751663,-1.1723124317094307,-67.16855460766892,11990.324180924286,11990.324180924286,11990.324180924286
12,frame_000012.png,13,0.052000000000000005,524.1076091438961,12587.826855139323,0.03623106701556748,2.0758872272476636,-1.136951046185175,-65.14249645939407,11276.115077187194,11276.115077187194,11276.115077187194
13,frame_000013.png,14,0.056,573.954479044782,12341.089523203897,0.03176620073683112,1.820069233385789,-1.0963794825114792,-62.81791709264501,10611.18748570581,10611.18748570581,10611.18748570581
14,frame_000014.png,15,0.06,622.7188982245531,12047.639252444245,0.0274714058438671,1.5739956121446106,-1.0520242663539945,-60.276550407430655,9990.227764245385,9990.227764245385,9990.227764245385
15,frame_000015.png,16,0.064,670.2359920854698,11718.225808704157,0.023359419977546186,1.3383961765869767,-1.005055703133313,-57.585449965092224,9408.67263717852,9408.67263717852,9408.67263717852
16,frame_000016.png,17,0.068,716.3801391614518,11361.766696821333,0.019438737684140533,1.1137576283631605,-0.9564299622061171,-54.799400234267345,8862.59342987429,8862.59342987429,8862.59342987429
17,frame_000017.png,18,0.07200000000000001,761.0582467349935,10985.642920600447,0.015714394685767897,0.90036849309731,-0.9069244124196338,-51.96294116902708,8348.59857172881,8348.59857172881,8348.59857172881
18,frame_000018.png,19,0.076,804.2041130574347,10595.947572436338,0.012188622411852064,0.6983566222776896,-0.8571672841351513,-49.11206771763521,7863.751469379495,7863.751469379495,7863.751469379495
19,frame_000019.png,20,0.08,845.7737028293194,10197.694754984754,0.008861393636686555,0.5077204559862235,-0.8076625618543786,-46.275656064979685,7405.501312084307,7405.501312084307,7405.501312084307
20,frame_000020.png,21,0.084,885.7411901692145,9794.995144791093,0.005730876745711916,0.3283550504389607,-0.7588108677938212,-43.47666017324544,6971.624758521331,6971.624758521331,6971.624758521331
21,frame_000021.png,22,0.088,924.0956464884883,9391.203504815323,0.00279381335905496,0.16007371422111688,-0.7109269758186124,-40.733115256405625,6560.176780000171,6560.176780000171,6560.176780000171
22,frame_000022.png,23,0.092,960.8382701926746,8989.042609216243,4.58316912394318e-05,0.002625962475966151,-0.6642544934361709,-38.05897899649304,6169.44920905346,6169.44920905346,6169.44920905346
23,frame_000023.png,24,0.096,995.9800715329558,8590.70733424954,-0.0025182939498809456,-0.14428761490150785,-0.6189781640066765,-35.464836408339046,5797.935772820009,5797.935772820009,5797.935772820009
24,frame_000024.png,25,0.1,1029.5399397267076,8197.952072385637,-0.0049044287834105185,-0.2810030702119036,-0.5752341693821734,-32.95849013731206,5444.3025844586455,5444.3025844586455,5444.3025844586455
25,frame_000025.png,26,0.10400000000000001,1061.5430310683541,7812.1641248456435,-0.007118900950467506,-0.4078829792334584,-0.5331187526779778,-30.545454507726884,5107.363228861666,5107.363228861666,5107.363228861666
26,frame_000026.png,27,0.108,1092.0194265095427,7434.425305614636,-0.009168356514297218,-0.5253081333405054,-0.4926954299913058,-28.229368723885145,4786.057716064568,4786.057716064568,4786.057716064568
27,frame_000027.png,28,0.112,1121.0030153940127,7065.563634944085,-0.011059640883466011,-0.6336707455529396,-0.4540010170837961,-26.0123421735483,4479.434691088405,4479.434691088405,4479.434691088405
28,frame_000028.png,29,0.116,1148.5305689340794,6706.196701737478,-0.012799702306616029,-0.7333689211929633,-0.4170506610510402,-23.89524272136563,4186.63638596717,4186.63638596717,4186.63638596717
29,frame_000029.png,30,0.12,1174.6409728197546,6356.768023056962,-0.01439551378544755,-0.8248021838285399,-0.3818420367318158,-21.8779371454124,3906.885881314886,3906.885881314886,3906.885881314886
30,frame_000030.png,31,0.124,1199.3745932326192,6017.577517751667,-0.015854010339544856,-0.9083678808126895,-0.3483588421528295,-19.959491411421165,3639.476313426424,3639.476313426424,3639.476313426424
31,frame_000031.png,32,0.128,1222.7727546413505,5688.80703354615,-0.017182039050062433,-0.9844583209975476,-0.31657370589632344,-18.138337252675118,3383.7617206414916,3383.7617206414916,3383.7617206414916
32,frame_000032.png,33,0.132,1244.8773112076688,5370.541717504265,-0.01838631972401884,-1.05345852096442,-0.286450601274409,-16.412410492008398,3139.1492712654635,3139.1492712654635,3139.1492712654635
33,frame_000033.png,34,0.136,1265.7302965342053,5062.787894111916,-0.01947341436951864,-1.115744456082829,-0.25794684705423165,-14.779265674914026,2905.0926561915403,2905.0926561915403,2905.0926561915403
34,frame_000034.png,35,0.14,1285.3736389266828,4765.488009526832,-0.0204497039651625,-1.171681729495756,-0.2310147617468482,-13.23617085331466,2681.086463731243,2681.086463731243,2681.086463731243
35,frame_000035.png,36,0.14400000000000002,1303.8489313952507,4478.533111649984,-0.021321371253063,-1.2216245862320694,-0.20560302776713557,-11.780185746167943,2466.661383065646,2466.661383065646,2466.661383065646
36,frame_000036.png,37,0.148,1321.1972473455949,4201.773260911228,-0.022094388491702973,-1.2659152114969972,-0.18165781277014514,-10.408225987307027,2261.3801070453283,2261.3801070453283,2261.3801070453283
37,frame_000037.png,38,0.152,1337.458994361459,3935.0262037852945,-0.022774509278615185,-1.3048832621461832,-0.15912368790022527,-9.117115737239832,2064.833825521534,2064.833825521534,2064.833825521534
38,frame_000038.png,39,0.156,1352.6737997001796,3678.084588174405,-0.02336726369879197,-1.3388455887100372,-0.1379443763251671,-7.903630570996427,1876.639217598487,1876.639217598487,1876.639217598487
39,frame_000039.png,40,0.16,1366.8804221484506,3430.7219553217506,-0.02387795617727974,-1.368106112356462,-0.11806336007699764,-6.7645322475453025,1696.4358656728364,1696.4358656728364,1696.4358656728364
40,frame_000040.png,41,0.164,1380.116685747736,3192.6977055195152,-0.0243116655172999,-1.3929558270750215,-0.09942436872270657,-5.696596708563594,1523.884026304564,1523.884026304564,1523.884026304564
41,frame_000041.png,42,0.168,1392.4194316234968,2963.76120342216,-0.02467324669159712,-1.4136729023136365,-0.08197176960662932,-4.696636437678616,1358.662703210016,1358.662703210016,1358.662703210016
42,frame_000042.png,43,0.17200000000000001,1403.8244847615651,2743.6551623249634,-0.024967334027181258,-1.430522865450855,-0.06565087622742509,-3.761518129167206,1200.467976288086,1200.467976288086,1200.467976288086
43,frame_000043.png,44,0.176,1414.3666330869628,2532.1184245242653,-0.025198345484416965,-1.443758846969628,-0.050408188640722995,-2.8881764620127255,1049.0115478441903,1049.0115478441903,1049.0115478441903
44,frame_000044.png,45,0.18,1424.0796166306873,2328.8882361707606,-0.025370487782386163,-1.4536218741189466,-0.036191577532925914,-2.073624646557147,904.0194732798009,904.0194732798009,904.0194732798009
45,frame_000045.png,46,0.184,1432.9961249314733,2133.702099298069,-0.025487762165171294,-1.460341201297536,-0.02295042172455144,-1.3149623028621538,765.2310486513161,765.2310486513161,765.2310486513161
46,frame_000046.png,47,0.188,1441.1478011232327,1946.299270482638,-0.025553970639497447,-1.464134667444425,-0.010635707275814203,-0.609381139040736,632.3978318241298,632.3978318241298,632.3978318241298
47,frame_000047.png,48,0.192,1448.5652514139565,1766.4219644699078,-0.02557272254413767,-1.4652090724381417,0.0007999049650505748,0.04583117850895755,505.2827775854348,505.2827775854348,505.2827775854348
48,frame_000048.png,49,0.196,1455.2780588760895,1593.8163117509382,-0.025547441336558847,-1.463760565942881,0.011402037649301214,0.6532886351542259,383.65947014102585,383.65947014102585,383.65947014102585
49,frame_000049.png,50,0.2,1461.3148006482547,1428.23311121193,-0.025481371503248848,-1.459975043341085,0.02121457626949988,1.2155056844007337,267.3114389987895,267.3114389987895,267.3114389987895
50,frame_000050.png,51,0.20400000000000001,1466.703067799173,1269.4284123695193,-0.02537758551767761,-1.4540285443952474,0.03027966556329288,1.7348970418443004,156.03154641146557,156.03154641146557,156.03154641146557
51,frame_000051.png,52,0.20800000000000002,1471.4694872313235,1117.1639561482716,-0.025238990784458865,-1.446087651119072,0.03863771964938436,2.2137782659194145,49.62143637826284,49.62143637826284,49.62143637826284
52,frame_000052.png,53,0.212,1475.6397451081652,971.2074984860265,-0.02506833652046097,-1.4363098820360811,0.046327443121990414,2.6543669665224248,-52.1089632563735,-52.1089632563735,-52.1089632563735
53,frame_000053.png,54,0.216,1479.2386113778525,831.3330371267645,-0.024868220533755748,-1.4248440805847757,0.053385860796611825,3.0587845093187767,-149.3418927726152,-149.3418927726152,-149.3418927726152
54,frame_000054.png,55,0.22,1482.2899650410734,697.3209586610581,-0.024641095869722535,-1.411830795912346,0.059848354191274655,3.429058105964129,-242.25217268758752,-242.25217268758752,-242.25217268758752
55,frame_000055.png,56,0.224,1484.8168198732108,568.9581201012695,-0.024389277300616727,-1.3974026546995595,0.06574870315546281,3.7671231992664973,-331.0075811641145,-331.0075811641145,-331.0075811641145
56,frame_000056.png,57,0.228,1486.8413503634108,446.0378769487159,-0.024114947640700993,-1.3816847229911289,0.0711191313338962,4.0748260680688615,-415.76920109414914,-415.76920109414914,-415.76920109414914
57,frame_000057.png,58,0.232,1488.384917676971,328.3600677525147,-0.023820163873817423,-1.364794857279732,0.07599035438258381,4.353926589825511,-496.691740581442,-496.691740581442,-496.691740581442
58,frame_000058.png,59,0.23600000000000002,1489.468095484095,215.73096351552817,-0.023506863084214895,-1.346844044317391,0.08039163004733618,4.606101109889457,-573.9238299963749,-573.9238299963749,-573.9238299963749
59,frame_000059.png,60,0.24,1490.1106955286627,107.96318892185774,-0.02317686818467523,-1.3279367293129245,0.08435080937615977,4.832945375766487,-647.6082983106244,-647.6082983106244,-647.6082983106244
60,frame_000060.png,61,0.244,1490.331792836189,4.875621200793148,-0.022831893438620347,-1.3081711323253824,0.08789438847172182,5.035977502312978,-717.8824310264331,-717.8824310264331,-717.8824310264331
61,frame_000061.png,62,0.248,1490.1497504814167,-93.70672853126773,-0.022473549775027468,-1.2876395527862547,0.0910475603026112,5.2166409403024785,-784.8782116835305,-784.8782116835305,-784.8782116835305
62,frame_000062.png,63,0.252,1489.5822438536823,-187.95284742629485,-0.022103349896712452,-1.2664286621825476,0.09383426618599452,5.376307426164619,-848.7225486463049,-848.7225486463049,-848.7225486463049
63,frame_000063.png,64,0.256,1488.6462843728918,-278.0258632181849,-0.02172271318393091,-1.2446197850124319,0.0962772466324773,5.516279895181067,-909.5374886367767,-909.5374886367767,-909.5374886367767
64,frame_000064.png,65,0.26,1487.3582426211276,-364.08319392980957,-0.021332970396350175,-1.222289168188392,0.09839809130904595,5.637795344151239,-967.4404182781986,-967.4404182781986,-967.4404182781986
65,frame_000065.png,66,0.264,1485.7338708649784,-446.27670269072973,-0.020935368177311234,-1.1995082391124245,0.10021728793000917,5.7420276326368915,-1022.544254744199,-1022.544254744199,-1022.544254744199
66,frame_000066.png,67,0.268,1483.7883249519914,-524.7528557863933,-0.020531073364968146,-1.176343852686132,0.10175426993065532,5.83009021446149,-1074.9576264642606,-1074.9576264642606,-1074.9576264642606
67,frame_000067.png,68,0.272,1481.5361855714723,-599.6528823976246,-0.020121177115397827,-1.1528585275475116,0.10302746281539352,5.903038793263074,-1124.7850447140243,-1124.7850447140243,-1124.7850447140243
68,frame_000068.png,69,0.276,1478.991478875445,-671.1129347720404,-0.01970669884314341,-1.1291106718474593,0.10405432910270808,5.9618738976504675,-1172.127066814994,-1172.127066814994,-1172.127066814994
69,frame_000069.png,70,0.28,1476.1676964601302,-739.2642478055153,-0.019288589984913444,-1.1051547988938486,0.10485141181438527,6.007543372952414,-1217.0804515797877,-1217.0804515797877,-1217.0804515797877
70,frame_000070.png,71,0.28400000000000003,1473.077814711991,-804.2332972093703,-0.01886773759232733,-1.0810417330006814,0.10543437647705414,6.040944787728607,-1259.7383075636862,-1259.7383075636862,-1259.7383075636862
71,frame_000071.png,72,0.28800000000000003,1469.734313525349,-866.141955603832,-0.018444967759690716,-1.0568188058851513,0.10581805162086912,6.0629277541732804,-1300.1902346189445,-1300.1902346189445,-1300.1902346189445
72,frame_000072.png,73,0.292,1466.1491944009326,-925.107646015721,-0.01802104889281731,-1.032530043957337,0.10601646777377186,6.07429616232183,-1338.522459193257,-1338.522459193257,-1338.522459193257
73,frame_000073.png,74,0.296,1462.3339979365758,-981.2434923727081,-0.017596694824897393,-1.008216346846318,0.10604289496073409,6.075810328599169,-1374.817963766628,-1374.817963766628,-1374.817963766628
74,frame_000074.png,75,0.3,1458.2998207227186,-1034.658466681521,-0.01717256778535763,-0.9839156575033111,0.10590987872613988,6.068189059750199,-1409.1566107803892,-1409.1566107803892,-1409.1566107803892
75,frame_000075.png,76,0.304,1454.0573316564532,-1085.4575326563038,-0.01674928122757002,-0.9596631242174607,0.10562927470438759,6.052111633589395,-1441.6152613772042,-1441.6152613772042,-1441.6152613772042
76,frame_000076.png,77,0.308,1449.6167876886577,-1133.7417856285567,-0.016327402521156227,-0.9354912548735116,0.10521228176918665,6.028219698315609,-1472.2678892407712,-1472.2678892407712,-1472.2678892407712
77,frame_000077.png,78,0.312,1444.9880490193268,-1179.6085886239075,-0.015907455514503288,-0.911430063773146,0.10466947379615615,5.997119092374911,-1501.1856897978232,-1501.1856897978232,-1501.1856897978232
78,frame_000078.png,79,0.316,1440.180593756577,-1223.1517045352327,-0.015489922972961784,-0.887507211333447,0.10401083007641529,5.959381587030962,-1528.4371850223538,-1528.4371850223538,-1528.4371850223538
79,frame_000079.png,80,0.32,1435.2035320550092,-1264.4614243579333,-0.015075248898042215,-0.863748136967064,0.1032457644210776,5.915546553929701,-1554.0883240622193,-1554.0883240622193,-1554.0883240622193
80,frame_000080.png,81,0.324,1430.0656197491899,-1303.624691482748,-0.014663840732762537,-0.8401761854393178,0.10238315299806999,5.866122560031592,-1578.2025798909326,-1578.2025798909326,-1578.2025798909326
81,frame_000081.png,82,0.328,1424.775271497983,-1340.7252220654884,-0.014256071458132166,-0.8168127269878867,0.10143136094362576,5.811588892337851,-1600.841042172272,-1600.841042172272,-1600.841042172272
82,frame_000082.png,83,0.332,1419.340573455343,-1375.8436215124025,-0.013852281585587349,-0.7936772714809431,0.10039826779125299,5.752397014863026,-1622.0625065118852,-1622.0625065118852,-1622.0625065118852
83,frame_000083.png,84,0.336,1413.769295482997,-1409.0574971352953,-0.013452781050021474,-0.7707875768798025,0.09929129176104644,5.688971960310044,-1641.923560258194,-1641.923560258194,-1641.923560258194
84,frame_000084.png,85,0.34,1408.0689029202028,-1440.441567042728,-0.013057851007882782,-0.7481597522623317,0.09811741295196681,5.621713658889938,-1660.4786650042925,-1660.4786650042925,-1660.4786650042925
85,frame_000085.png,86,0.34400000000000003,1402.246567925481,-1470.0677653430778,-0.012667745544642478,-0.7258083556536664,0.0968831954792182,5.5509982067001395,-1677.7802359330994,-1677.7802359330994,-1677.7802359330994
86,frame_000086.png,87,0.34800000000000003,1396.3091804049054,-1498.0053437424885,-0.012282693295769014,-0.7037464869011959,0.09559480859816416,5.47717907603572,-1693.8787181394841,-1693.8787181394841,-1693.8787181394841
87,frame_000087.png,88,0.352,1390.263358541192,-1524.3209696261076,-0.011902898985180304,-0.681985875821382,0.09425804685537922,5.400588269959591,-1708.8226600554422,-1708.8226600554422,-1708.8226600554422
88,frame_000088.png,89,0.356,1384.1154589374642,-1549.0788207148407,-0.011528544884985099,-0.6605369658367792,0.0928783493064704,5.321537423402571,-1722.658784097449,-1722.658784097449,-1722.658784097449
89,frame_000089.png,90,0.36,1377.8715863891966,-1572.340676392424,-0.01115979220016838,-0.6394089933126633,0.09146081783925299,5.240318853004026,-1735.432054648752,-1735.432054648752,-1735.432054648752
90,frame_000090.png,91,0.364,1371.5376032974634,-1594.166005799132,-0.01079678238172347,-0.6186100627939598,0.09001023463974946,5.157206557839889,-1747.1857434836284,-1747.1857434836284,-1747.1857434836284
91,frame_000091.png,92,0.368,1365.1191387362219,-1614.6120527891126,-0.01043963837158609,-0.5981472183347104,0.08853107883732242,5.072457173118534,-1757.961492735256,-1757.961492735256,-1757.961492735256
92,frame_000092.png,93,0.372,1358.6215971859817,-1633.7339178483094,-0.010088465782582658,-0.5780265111041315,0.08702754236406585,4.986310878856948,-1767.7993755040047,-1767.7993755040047,-1767.7993755040047
93,frame_000093.png,94,0.376,1352.0501669458195,-1651.5846370693482,-0.009743354016467132,-0.5582530634454059,0.0855035450623782,4.89899226548092,-1776.7379541983632,-1776.7379541983632,-1776.7379541983632
94,frame_000094.png,95,0.38,1345.4098282353143,-1668.2152582787148,-0.009404377322987328,-0.5388311295557133,0.08396274907343856,4.810711158223993,-1784.8143366965355,-1784.8143366965355,-1784.8143366965355
95,frame_000095.png,96,0.384,1338.7053609976065,-1683.6749144101523,-0.009071595802793295,-0.5197641529486476,0.08240857253810818,4.7216634021312975,-1792.0642304127787,-1792.0642304127787,-1792.0642304127787
96,frame_000096.png,97,0.388,1331.941352414402,-1698.0108942165168,-0.008745056356876555,-0.5010548208530781,0.08084420264059583,4.632031609406527,-1798.521994348912,-1798.521994348912,-1798.521994348912
97,frame_000097.png,98,0.392,1325.1222041433873,-1711.2687104104239,-0.008424793585110033,-0.4827051156956948,0.07927260802405844,4.541985870773453,-1804.220689207932,-1804.220689207932,-1804.220689207932
98,frame_000098.png,99,0.396,1318.252139288159,-1723.4921653219433,-0.00811083063634414,-0.464716363807927,0.07769655060616554,4.4516844324579035,-1809.1921256434634,-1809.1921256434634,-1809.1921256434634
99,frame_000099.png,100,0.4,1311.33520911042,-1734.7234141593983,-0.007803180012404613,-0.4470892814916257,0.07611859682153788,4.361274340332043,-1813.4669107156733,-1813.4669107156733,-1813.4669107156733
100,frame_000100.png,101,0.404,1304.3752994938638,-1745.0030259570467,-0.007501844328232274,-0.4298240185718636,0.07454112831688334,4.270892052700525,-1817.0744926214243,-1817.0744926214243,-1817.0744926214243
101,frame_000101.png,102,0.40800000000000003,1297.37613716883,-1754.3700422910727,-0.007206817030303716,-0.41292019955940845,0.07296635212359423,4.180664023147381,-1820.0432037636542,-1820.0432037636542,-1820.0432037636542
102,frame_000102.png,103,0.41200000000000003,1290.3412957064963,-1762.862033842946,-0.006918083075374942,-0.39637696253986915,0.07139631033154491,4.090707254803799,-1822.400302222401,-1822.400302222401,-1822.400302222401
103,frame_000103.png,104,0.41600000000000004,1283.274201291063,-1770.5151548868207,-0.006635619571497041,-0.38019299590118827,0.06983288928683559,4.001129827340021,-1824.1720116874085,-1824.1720116874085,-1824.1720116874085
104,frame_000104.png,105,0.42,1276.1781382780766,-1777.3641957752566,-0.006359396383163949,-0.3643665730060548,0.06827782833526824,3.912031397929614,-1825.3835599098823,-1825.3835599098823,-1825.3835599098823
105,frame_000105.png,106,0.424,1269.0562545467596,-1783.4426334951859,-0.0060893767023670504,-0.3488955849109228,0.06673272813241382,3.823503677381248,-1826.0592157287297,-1826.0592157287297,-1826.0592157287297
106,frame_000106.png,107,0.428,1261.9115666539174,-1788.7826803637054,-0.005825517587249786,-0.33377757122864704,0.06519905854023748,3.7356308825819937,-1826.2223247244744,-1826.2223247244744,-1826.2223247244744
107,frame_000107.png,108,0.432,1254.7469647967275,-1793.415330930974,-0.005567770469977267,-0.3190097492272682,0.06367816612938752,3.6484901663468143,-1825.8953435519763,-1825.8953435519763,-1825.8953435519763
108,frame_000108.png,109,0.436,1247.5652175914508,-1797.3704071552381,-0.005316081635361176,-0.3045890412532001,0.06217128130542648,3.5621520257215322,-1825.0998730011509,-1825.0998730011509,-1825.0998730011509
109,frame_000109.png,110,0.44,1240.3689766748455,-1800.676601912789,-0.005070392671708727,-0.2905121005629716,0.06067952507648647,3.4766806897409186,-1823.856689832966,-1823.856689832966,-1823.856689832966
110,frame_000110.png,111,0.444,1233.160781134822,-1803.361520903506,-0.004830640895296069,-0.27677533564376217,0.05920391547906644,3.3921344875997526,-1822.1857774362563,-1822.1857774362563,-1822.1857774362563
111,frame_000111.png,112,0.448,1225.9430617766361,-1805.4517230105257,-0.004596759749801143,-0.2633749330992177,0.05774537367795412,3.3085661981526067,-1820.1063553491063,-1820.1063553491063,-1820.1063553491063
112,frame_000112.png,113,0.452,1218.7181452306884,-1806.972759170534,-0.004368679181968499,-0.25030687917345995,0.05630472975555098,3.2260233816177344,-1817.6369076869623,-1817.6369076869623,-1817.6369076869623
113,frame_000113.png,114,0.456,1211.488257907776,-1807.9492098091855,-0.004146325994718832,-0.23756697998277193,0.054882728205201875,3.144548694321671,-1814.7952105179968,-1814.7952105179968,-1814.7952105179968
114,frame_000114.png,115,0.46,1204.2555298074278,-1808.4047208942227,-0.0039296241788589,-0.22515088052117674,0.05348003314248277,3.064180187284028,-1811.5983582247713,-1811.5983582247713,-1811.5983582247713
115,frame_000115.png,116,0.464,1197.0219981847517,-1808.3620386569908,-0.003718495224492946,-0.2130540825029974,0.052097233247778374,2.9849515894063314,-1808.0627888897466,-1808.0627888897466,-1808.0627888897466
116,frame_000116.png,117,0.468,1189.789611081016,-1807.8430430312362,-0.003512858413184608,-0.20127196110250153,0.05073484645288544,2.9068925759946107,-1804.2043087407944,-1804.2043087407944,-1804.2043087407944
117,frame_000117.png,118,0.47200000000000003,1182.560230723002,-1806.868779856311,-0.003312631091868533,-0.1897997806478806,0.04939332438380732,2.830029023312777,-1800.0381156915407,-1800.0381156915407,-1800.0381156915407
118,frame_000118.png,119,0.47600000000000003,1175.3356367959789,-1805.4594918902137,-0.0031177289294633368,-0.17863270932408953,0.04807305657135839,2.7543832498324834,-1795.5788220100233,-1795.5788220100233,-1795.5788220100233
119,frame_000119.png,120,0.48,1168.117529594968,-1803.6346486762493,-0.0029280661570921522,-0.1677658329364702,0.046774374440673935,2.6799742448152073,-1790.840476147961,-1790.840476147961,-1790.840476147961
120,frame_000120.png,121,0.484,1160.907533058799,-1801.4129753055022,-0.0027435557927736375,-0.1571941677845981,0.04549755509021981,2.606817884833551,-1785.8365837616539,-1785.8365837616539,-1785.8365837616539
121,frame_000121.png,122,0.488,1153.7071976912896,-1798.812480115787,-0.002564109851404906,-0.14691267269341776,0.04424282487041692,2.5349271388113226,-1780.5801279544617,-1780.5801279544617,-1780.5801279544617
122,frame_000122.png,123,0.492,1146.518003373725,-1795.8504813662576,-0.0023896395408183114,-0.13691626024646925,0.04301036277153662,2.4643122621356466,-1775.083588769646,-1775.083588769646,-1775.083588769646
123,frame_000123.png,124,0.496,1139.3413620726549,-1792.5436329254267,-0.002220055444656297,-0.1271998072638451,0.04180030363008415,2.394980980369196,-1769.3589619612935,-1769.3589619612935,-1769.3589619612935
124,frame_000124.png,125,0.5,1132.178620446881,-1788.9079490089648,-0.002055267692772477,-0.11775816456545325,0.040612741162466964,2.32693866306659,-1763.4177770700387,-1763.4177770700387,-1763.4177770700387
125,frame_000125.png,126,0.504,1125.0310623573648,-1784.9588280023274,-0.001895186119832777,-0.10858616605819281,0.03944773083434369,2.260188488175975,-1757.2711148292906,-1757.2711148292906,-1757.2711148292906
126,frame_000126.png,127,0.508,1117.8999112836468,-1780.7110754019595,-0.0017397204127576281,-0.09967863718376964,0.03830529257366451,2.1947315974847914,-1750.9296239267242,-1750.9296239267242,-1750.9296239267242
127,frame_000127.png,128,0.512,1110.7863326502365,-1776.1789259076065,-0.0015887802476149246,-0.09103040276208506,0.03718541333504696,2.130567243547682,-1744.4035371448767,-1744.4035371448767,-1744.4035371448767
128,frame_000128.png,129,0.516,1103.6914360663045,-1771.3760646970516,-0.0014422754165435924,-0.08263629426342063,0.03608804952277939,2.0676929285143637,-1737.7026869038054,-1737.7026869038054,-1737.7026869038054
129,frame_000129.png,130,0.52,1096.6162774818852,-1766.3156479134602,-0.0013001159452591215,-0.07449115654100924,0.03501312927940892,2.00610453525606,-1730.836520227932,-1730.836520227932,-1730.836520227932
130,frame_000130.png,131,0.524,1089.56186126368,-1761.0103223943988,-0.001162212201665243,-0.06658985405402573,0.03396055464654921,1.9457964511706667,-1723.8141131583488,-1723.8141131583488,-1723.8141131583488
131,frame_000131.png,132,0.528,1082.5291421934394,-1755.4722446705227,-0.0010284749960700107,-0.05892727660954554,0.03293020360423687,1.8867616850292643,-1716.644184631101,-1716.644184631101,-1716.644184631101
132,frame_000132.png,133,0.532,1075.5190273917863,-1749.713099260908,-0.000898815673479829,-0.05149834465060288,0.03192193199487165,1.8289919772097742,-1709.335109841181,-1709.335109841181,-1709.335109841181
133,frame_000133.png,134,0.536,1068.5323781702439,-1743.7441162909956,-0.0007731461984213953,-0.04429801411613006,0.030935575337495563,1.772477903647493,-1701.8949331112708,-1701.8949331112708,-1701.8949331112708
134,frame_000134.png,135,0.54,1061.5700118141253,-1737.5760884581755,-0.000651379232719046,-0.03732128089727119,0.02997095053789798,1.7172089738168987,-1694.3313802835219,-1694.3313802835219,-1694.3313802835219
135,frame_000135.png,136,0.544,1054.632703298845,-1731.2193873690996,-0.0005334282066335709,-0.030563184913335994,0.02902785749977788,1.6631737230444466,-1686.6518706520255,-1686.6518706520255,-1686.6518706520255
136,frame_000136.png,137,0.548,1047.7211869421185,-1724.6839792719413,-0.0004192073837481275,-0.024018813829488804,0.02810608064194995,1.6103597994380756,-1678.8635284529541,-1678.8635284529541,-1678.8635284529541
137,frame_000137.png,138,0.552,1040.836157994424,-1717.9794402059497,-0.00030863191996741694,-0.01768330643715239,0.027205390326347265,1.5587540457057356,-1670.9731939287167,-1670.9731939287167,-1670.9731939287167
138,frame_000138.png,139,0.556,1033.9782741700128,-1711.1149705898329,-0.00020161791697772326,-0.01155185571704257,0.026325544201350675,1.5083425761224911,-1662.987433981908,-1662.987433981908,-1662.987433981908
139,frame_000139.png,140,0.56,1027.148157120672,-1704.0994092697038,-9.808247049773156e-05,-0.005619711603736429,0.025466288464761212,1.45911084889351,-1654.912552434193,-1654.912552434193,-1654.912552434193
140,frame_000140.png,141,0.5640000000000001,1020.3463938543589,-1696.9412470465616,2.0562863668132126e-06,0.00011781653028868696,0.02462735905052857,1.4110437341485973,-1646.7545999047493,-1646.7545999047493,-1646.7545999047493
141,frame_000141.png,142,0.5680000000000001,1013.5735381007489,-1689.6486397025417,9.887914436760152e-05,0.0056653576541283324,0.02380848274315418,1.3641255777927872,-1638.5193833223411,-1638.5193833223411,-1638.5193833223411
142,frame_000142.png,143,0.5720000000000001,1006.8301116256683,-1682.2294205444625,0.00019246578367570097,0.011027477105295561,0.023009378223501686,1.3183402614268704,-1630.212475084565,-1630.212475084565,-1630.212475084565
143,frame_000143.png,144,0.5760000000000001,1000.1166054963004,-1674.6911124825058,0.0002828947434938079,0.0162086748486312,0.02222975704957012,1.273671258541557,-1621.8392218773192,-1621.8392218773192,-1621.8392218773192
144,frame_000144.png,145,0.58,993.4334812989936,-1667.0409396612179,0.00037024339546555004,0.0212133839527691,0.021469324575615966,1.230101687179292,-1613.404753167064,-1613.404753167064,-1613.404753167064
145,frame_000145.png,146,0.584,986.7811723114264,-1659.2858386593773,0.0004545879206417976,0.026045969270403,0.020727780812848564,1.1876143592484696,-1604.9139893779793,-1604.9139893779793,-1604.9139893779793
146,frame_000146.png,147,0.588,980.1600846308226,-1651.4324692746702,0.0005360032897765256,0.030710726309322586,0.0200048212347689,1.1461918266659463,-1596.371649765666,-1596.371649765666,-1596.371649765666
147,frame_000147.png,148,0.592,973.5705982598436,-1643.487224908519,0.0006145632467367497,0.03521188028187282,0.019300137530074497,1.1058164244953137,-1587.7822599986202,-1587.7822599986202,-1587.7822599986202
148,frame_000148.png,149,0.596,967.0130681517303,-1635.4562425658507,0.000690340294822465,0.0395535853211442,0.01861341830591261,1.0664703112403393,-1579.1501594582955,-1579.1501594582955,-1579.1501594582955
149,frame_000149.png,150,0.6,960.4878252162033,-1627.345412484041,0.0007634056858033721,0.04373992385282341,0.017944349744129607,1.028135506445285,-1570.4795082681535,-1570.4795082681535,-1570.4795082681535
150,frame_000150.png,151,0.604,953.9951772875775,-1619.1603874047423,0.0008338294114895068,0.04777490611222597,0.017292616213036273,0.990793925746479,-1561.7742940617345,-1561.7742940617345,-1561.7742940617345
151,frame_000151.png,152,0.608,947.5354100564919,-1610.9065915018082,0.0009016801976627204,0.051662469796595716,0.016657900837086594,0.9544274135125029,-1553.0383384993988,-1553.0383384993988,-1553.0383384993988
152,frame_000152.png,153,0.612,941.1087879666061,-1602.589228978023,0.0009670255002053108,0.05540647984329163,0.016039886026751094,0.9190177732037007,-1544.2753035430505,-1544.2753035430505,-1544.2753035430505
153,frame_000153.png,154,0.616,934.715555077561,-1594.2132923428892,0.0010299315032710032,0.05901072832499282,0.015438253970754056,0.884546795575292,-1535.4886974977749,-1535.4886974977749,-1535.4886974977749
154,frame_000154.png,155,0.62,928.3559358954562,-1585.7835703832695,0.00109046311935194,0.06247893445353673,0.014852687092738312,0.850996284842338,-1526.6818808290336,-1526.6818808290336,-1526.6818808290336
155,frame_000155.png,156,0.624,922.0301361720504,-1577.304655838238,0.0011486839911033896,0.06581474468446723,0.01428286847431963,0.818348082918972,-1517.8580717637174,-1517.8580717637174,-1517.8580717637174
156,frame_000156.png,157,0.628,915.7383436738436,-1568.780952789084,0.0012046564947955345,0.06902173291480755,0.013728482246396303,0.7865840918387876,-1509.020351683051,-1509.020351683051,-1509.020351683051
157,frame_000157.png,158,0.632,909.480728922161,-1560.2166837750058,0.0012584417452689756,0.07210340076698973,0.01318921395048729,0.7556862944579892,-1500.1716703150537,-1500.1716703150537,-1500.1716703150537
158,frame_000158.png,159,0.636,903.2574459053141,-1551.615896644637,0.0013100996022775023,0.07506317795226862,0.012664750871784388,0.7256367735378755,-1491.3148507339743,-1491.3148507339743,-1491.3148507339743
159,frame_000159.png,160,0.64,897.0686327638749,-1542.9824711531803,0.0013596886781082542,0.0779044227073249,0.012154782345520325,0.6964177292984381,-1482.4525941738543,-1482.4525941738543,-1482.4525941738543
160,frame_000160.png,161,0.644,890.914412450064,-1534.3201253145612,0.0014072663463756364,0.0806304222981194,0.011659000038174357,0.6680114955302563,-1473.5874846630763,-1473.5874846630763,-1473.5874846630763
161,frame_000161.png,162,0.648,884.7948933622107,-1525.6324215176578,0.0014528887518912939,0.08324439358540094,0.011177098204961024,0.6404005543475151,-1464.7219934865393,-1464.7219934865393,-1464.7219934865393
162,frame_000162.png,163,0.652,878.7101699552139,-1516.9227724153454,0.0014966108215180762,0.0857494836465927,0.010708773924975393,0.6135675496608353,-1455.8584834818548,-1455.8584834818548,-1455.8584834818548
163,frame_000163.png,164,0.656,872.6603233278935,-1508.1944465947524,0.001538486275921278,0.08814877044908867,0.010253727315298047,0.5874952994445864,-1446.999213175668,-1446.999213175668,-1446.999213175668
164,frame_000164.png,165,0.66,866.6454217880915,-1499.4505740368286,0.001578567642135523,0.09044526357028317,0.00981166172529799,0.5621668068696225,-1438.1463407660622,-1438.1463407660622,-1438.1463407660622
165,frame_000165.png,166,0.664,860.6655213963503,-1490.694151373019,0.0016169062668704832,0.09264190495993224,0.009382283912308356,0.5375652703687589,-1429.3019279567316,-1429.3019279567316,-1429.3019279567316
166,frame_000166.png,167,0.668,854.7206664889628,-1481.9280469465534,0.0016535523304831972,0.0947415697407087,0.008965304199789699,0.5136740926988616,-1420.4679436483939,-1420.4679436483939,-1420.4679436483939
167,frame_000167.png,168,0.672,848.8108901811627,-1473.1550056855808,0.0016885548615491034,0.09674706704306067,0.008560436619039036,0.4904768890601765,-1411.6462674927598,-1411.6462674927598,-1411.6462674927598
168,frame_000168.png,169,0.676,842.9362148511921,-1464.3776537951117,0.001721961751968018,0.0986611408707205,0.00816739903544794,0.4679574943303864,-1402.8386933141173,-1402.8386933141173,-1402.8386933141173
169,frame_000169.png,170,0.68,837.0966526059592,-1455.5985032744766,0.0017538197725452001,0.10048647099343398,0.007785913260261571,0.4460999694679309,-1394.046932403462,-1394.046932403462,-1394.046932403462
170,frame_000170.png,171,0.684,831.2922057289682,-1446.8199562667576,0.0017841745889913534,0.10222567386369286,0.007415705148740896,0.42488860713628773,-1385.2726166898683,-1385.2726166898683,-1385.2726166898683
171,frame_000171.png,172,0.6880000000000001,825.5228671111831,-1438.044309246411,0.001813070778288923,0.1038813035544547,0.00705650468558346,0.40430793659822223,-1376.5173017936659,-1376.5173017936659,-1376.5173017936659
172,frame_000172.png,173,0.6920000000000001,819.7886206654598,-1429.2737570510735,0.001840551845375382,0.10545585271502468,0.006708046058413405,0.3843427279264554,-1367.7824699657917,-1367.7824699657917,-1367.7824699657917
173,frame_000173.png,174,0.6960000000000001,814.089441725157,-1420.510396763318,0.0018666602400973533,0.10695175354245526,0.006370067720108594,0.36497799557474503,-1359.0695329175282,-1359.0695329175282,-1359.0695329175282
174,frame_000174.png,175,0.7000000000000001,808.4252974275162,-1411.7562314479164,0.0018914373743924068,0.10837137876599068,0.006042312440692419,0.3461990013510672,-1350.3798345447049,-1350.3798345447049,-1350.3798345447049
175,frame_000175.png,176,0.704,802.7961470823764,-1403.0131737499564,0.0019149236396581975,0.10971704264224519,0.005724527349479036,0.3279912568323604,-1341.7146535502552,-1341.7146535502552,-1341.7146535502552
176,frame_000176.png,177,0.708,797.2019425267711,-1394.2830493589665,0.0019371584242712933,0.110991001958958,0.005416463968124145,0.31034052525819594,-1333.0752059689062,-1333.0752059689062,-1333.0752059689062
177,frame_000177.png,178,0.712,791.6426284659319,-1385.5676003440092,0.0019581801312205807,0.112195457045313,0.005117878235198358,0.293232822938728,-1324.4626475976174,-1324.4626475976174,-1324.4626475976174
178,frame_000178.png,179,0.716,786.1181428012062,-1376.868488364522,0.001978026195822533,0.11333255278694886,0.004828530522867068,0.27665442021037967,-1315.8780763352738,-1315.8780763352738,-1315.8780763352738
179,frame_000179.png,180,0.72,780.6284169453758,-1368.1872977615055,0.0019967331034878985,0.11440437964391521,0.004548185646228938,0.2605918419708991,-1307.3225344349826,-1307.3225344349826,-1307.3225344349826
180,frame_000180.png,181,0.724,775.1733761258465,-1359.5255385334933,0.002014336407511512,0.11541297466995394,0.004276612865835123,0.24503186782370032,-1298.7970106722228,-1298.7970106722228,-1298.7970106722228
181,frame_000181.png,182,0.728,769.752939676161,-1350.8846492015675,0.002030870746858972,0.11636032253160049,0.004013585883882634,0.229961531859759,-1290.3024424319588,-1290.3024424319588,-1290.3024424319588
182,frame_000182.png,183,0.732,764.367021316269,-1342.2659995675326,0.0020463698639258216,0.11724835652571015,0.003758882834548047,0.2153681221037748,-1281.8397177177267,-1281.8397177177267,-1281.8397177177267
183,frame_000183.png,184,0.736,759.0155294219767,-1333.670893369203,0.0020608666222467144,0.11807895959411846,0.0035122862689019596,0.20123917964983326,-1273.4096770855895,-1273.4096770855895,-1273.4096770855895
184,frame_000184.png,185,0.74,753.6983672839762,-1325.1005708366183,0.002074393024133729,0.11885396533424221,0.0032735831348197127,0.1875624975103751,-1265.0131155057252,-1265.0131155057252,-1265.0131155057252
185,frame_000185.png,186,0.744,748.4154333568458,-1316.5562111528548,0.0020869802282246328,0.11957515900452079,0.0030425647522809678,0.17432611920096627,-1256.650784154368,-1256.650784154368,-1256.650784154368
186,frame_000186.png,187,0.748,743.1666214983946,-1308.0389348229676,0.0020986585669234004,0.12024427852368447,0.0028190267844279606,0.16151833708205787,-1248.323392138644,-1248.323392138644,-1248.323392138644
187,frame_000187.png,188,0.752,737.9518211997124,-1299.5498059544707,0.0021094575637167503,0.12086301546291874,0.0026027692047316496,0.1491276904777452,-1240.0316081568235,-1240.0316081568235,-1240.0316081568235
188,frame_000188.png,189,0.756,732.7709178062718,-1291.0898344526292,0.0021194059503517977,0.1214330160300713,0.002393596260594495,0.13714296359036054,-1231.7760620963609,-1231.7760620963609,-1231.7760620963609
189,frame_000189.png,190,0.76,727.6237927304164,-1282.6599781337236,0.002128531683861212,0.12195588204512185,0.002191316433699823,0.12555318322865894,-1223.5573465720458,-1223.5573465720458,-1223.5573465720458
190,frame_000190.png,191,0.764,722.5103236555585,-1274.2611447593235,0.002136861963423467,0.12243317190620316,0.001995742397399587,0.11434761636631707,-1215.3760184064795,-1215.3760184064795,-1215.3760184064795
191,frame_000191.png,192,0.768,717.4303847323938,-1265.894193994503,0.002144423247046901,0.1228664015455273,0.0018066909714150314,0.10351576754647215,-1207.2326000550129,-1207.2326000550129,-1207.2326000550129
192,frame_000192.png,193,0.772,712.3838467674342,-1257.5599392928111,0.002151241268067369,0.1232570453746316,0.0016239830741086436,0.09304737614710647,-1199.1275809772164,-1199.1275809772164,-1199.1275809772164
193,frame_000193.png,194,0.776,707.370577404144,-1249.2591497107185,0.002157341051450276,0.1236065372184162,0.0014474436725701208,0.08293241352118376,-1191.0614189568532,-1191.0614189568532,-1191.0614189568532
194,frame_000194.png,195,0.78,702.3904412969579,-1240.9925516541505,0.002162746929888718,0.12391627123749968,0.00127690173074467,0.07316108002461982,-1183.034541372282,-1183.034541372282,-1183.034541372282
195,frame_000195.png,196,0.784,697.4433002784458,-1232.7608305596289,0.002167482559690337,0.12418760283846886,0.0011121901558176876,0.0637238019443509,-1175.0473464191105,-1175.0473464191105,-1175.0473464191105
196,frame_000196.png,197,0.788,692.5290135198826,-1224.5646325124417,0.0021715709364463413,0.12442184957164727,0.000953145743056976,0.054611228338025515,-1167.1002042868918,-1167.1002042868918,-1167.1002042868918
197,frame_000197.png,198,0.792,687.6474376854686,-1216.4045658041819,0.002175034410476896,0.12462029201605124,0.0007996091193008641,0.045814227796112245,-1159.1934582915464,-1159.1934582915464,-1159.1934582915464
198,frame_000198.png,199,0.796,682.7984270804395,-1208.2812024319016,0.0021778947020478488,0.12478417465124367,0.0006514246852690996,0.03732388513655737,-1151.3274259651835,-1151.3274259651835,-1151.3274259651835
199,frame_000199.png,200,0.8,677.9818337932944,-1200.1950795410444,0.00218017291635441,0.12491470671583595,0.0005084405568615454,0.0291314980414479,-1143.5024001048646,-1143.5024001048646,-1143.5024001048646
200,frame_000200.png,201,0.804,673.197507832363,-1192.1467008142474,0.0021818895582680705,0.12501306305242396,0.00037050850559986956,0.021228573644571754,-1135.7186497818811,-1135.7186497818811,-1135.7186497818811
201,frame_000201.png,202,0.808,668.4452972569242,-1184.1365378080156,0.00218306454684362,0.12508038493877904,0.0002374838983564241,0.013606825078136929,-1127.976421312962,-1127.976421312962,-1127.976421312962
202,frame_000202.png,203,0.812,663.7250483030804,-1176.1650312392055,0.0021837172295837027,0.1251177809051468,0.00010922563650570677,0.006258167986407051,-1120.2759391948653,-1120.2759391948653,-1120.2759391948653
203,frame_000203.png,204,0.8160000000000001,659.0366055045848,-1168.2325922231805,0.0021838663964588553,0.1251263275375362,-1.4403905375694193e-05,-0.0008252829865330757,-1112.6174070036936,-1112.6174070036936,-1112.6174070036936
204,frame_000204.png,205,0.8200000000000001,654.3798118088114,-1160.3396034654309,0.002183530293681471,0.12510707026690945,-0.00013353894114312773,-0.007651217728147123,-1105.0010082602512,-1105.0010082602512,-1105.0010082602512
205,frame_000205.png,206,0.8240000000000001,649.7545086880492,-1152.4864204083844,0.0021827266372325795,0.1250610241442095,-0.0002483103349425232,-0.014227134201686432,-1097.4269072626998,-1097.4269072626998,-1097.4269072626998
206,frame_000206.png,207,0.8280000000000001,645.160536246299,-1144.6733723350742,0.002181472626140754,0.12498917460118532,-0.00035884566319197356,-0.020560341997473117,-1089.8952498877306,-1089.8952498877306,-1089.8952498877306
207,frame_000207.png,208,0.8320000000000001,640.5977333217388,-1136.9007634312613,0.0021797849555128565,0.12489247819699859,-0.00046526927659163407,-0.02665796588580558,-1082.4061643614282,-1082.4061643614282,-1082.4061643614282
208,frame_000208.png,209,0.836,636.065937585024,-1129.168873807558,0.002177679829316685,0.12477186335061552,-0.0005677023620745455,-0.03252694936647919,-1074.9597620009372,-1074.9597620009372,-1074.9597620009372
209,frame_000209.png,210,0.84,631.5649856335762,-1121.4779604830342,0.0021751729729159314,0.12462823105900699,-0.000666263004616946,-0.03817405821025629,-1067.556137928039,-1067.556137928039,-1067.556137928039
210,frame_000210.png,211,0.844,627.0947130820147,-1113.828258331741,0.0021722796453581728,0.12446245560119854,-0.0007610662488331393,-0.0436058839879922,-1060.1953717556676,-1060.1953717556676,-1060.1953717556676
211,frame_000211.png,212,0.848,622.6549546488747,-1106.2199809935241,0.002169014651416896,0.12427538522822759,-0.0008522241602857365,-0.04882884758345329,-1052.8775282483662,-1052.8775282483662,-1052.8775282483662
212,frame_000212.png,213,0.852,618.245544239752,-1098.653321750458,0.0021653923533888355,0.12406784283908116,-0.000939845886447143,-0.05384920268615291,-1045.6026579576796,-1045.6026579576796,-1045.6026579576796
213,frame_000213.png,214,0.856,613.86631502701,-1091.1284543701752,0.002161426682648138,0.12384062664270067,-0.001024037717253852,-0.05867303926085684,-1038.3707978333823,-1038.3707978333823,-1038.3707978333823
214,frame_000214.png,215,0.86,609.5170995261786,-1083.645533917322,0.0021571311509591003,0.1235945108061541,-0.0011049031451994124,-0.06330628699065671,-1031.1819718114687,-1031.1819718114687,-1031.1819718114687
215,frame_000215.png,216,0.864,605.1977296691697,-1076.2046975343242,0.002152518861549429,0.12333024608908706,-0.0011825429249170405,-0.06775471869080221,-1024.0361913797456,-1024.0361913797456,-1024.0361913797456
216,frame_000216.png,217,0.868,600.9080368744305,-1068.8060651926055,0.0021476025199461575,0.12304856046457502,-0.0012570551322065304,-0.07202395369069392,-1016.9334561218889,-1016.9334561218889,-1016.9334561218889
217,frame_000217.png,218,0.872,596.64785211415,-1061.4497404153544,0.0021423944445765303,0.12275015972650935,-0.0013285352224647815,-0.07611946118170589,-1009.8737542407355,-1009.8737542407355,-1009.8737542407355
218,frame_000218.png,219,0.876,592.41700597863,-1054.1358109728994,0.002136906577136324,0.12243572808365827,-0.0013970760884825413,-0.08004656352869517,-1002.8570630616125,-1002.8570630616125,-1002.8570630616125
219,frame_000219.png,220,0.88,588.2153287379285,-1046.8643495517088,0.0021311504927282064,0.12210592874055207,-0.0014627681175739468,-0.08381043954328334,-995.8833495164236,-995.8833495164236,-995.8833495164236
220,frame_000220.png,221,0.884,584.0426504008803,-1039.6354143979995,0.0021251374097728724,0.12176140446534937,-0.0015256992480085843,-0.08741612771717536,-988.952570609222,-988.952570609222,-988.952570609222
221,frame_000221.png,222,0.888,579.8988007715914,-1032.4490499368962,0.0021188781996957983,0.12140277814484728,-0.00158595502471893,-0.09086852941396084,-982.0646738639643,-982.0646738639643,-982.0646738639643
222,frame_000222.png,223,0.892,575.7836095035057,-1025.305287368051,0.0021123833963925774,0.1210306533268051,-0.0016436186542592712,-0.09417241201802828,-975.21959775509,-975.21959775509,-975.21959775509
223,frame_000223.png,224,0.896,571.6969061511359,-1018.2041452386005,0.0021056632054758636,0.12064561474975524,-0.001698771058994665,-0.09733241203936369,-968.4172721215857,-968.4172721215857,-968.4172721215857
224,frame_000224.png,225,0.9,567.6385202195464,-1011.1456299943037,0.0020987275133070547,0.12024822886048056,-0.0017514909305012538,-0.10035303817316324,-961.6576185651465,-961.6576185651465,-961.6576185651465
225,frame_000225.png,226,0.904,563.6082812116755,-1004.1297365096716,0.0020915858958159028,0.11983904431934074,-0.0018018547821618148,-0.10323867431333632,-954.9405508330151,-954.9405508330151,-954.9405508330151
226,frame_000226.png,227,0.908,559.6060186735772,-997.1564485978714,0.002084247627111297,0.11941859249363389,-0.0018499370009424868,-0.1059935825190935,-948.2659751860863,-948.2659751860863,-948.2659751860863
227,frame_000227.png,228,0.912,555.6315622376645,-990.2257395011594,0.0020767216878865347,0.11898738793918306,-0.0018958098983388825,-0.10862190593394362,-941.6337907528184,-941.6337907528184,-941.6337907528184
228,frame_000228.png,229,0.916,551.6847416640288,-983.3375723625652,0.002069016773622407,0.1185459288703384,-0.001939543760481938,-0.11112767165654767,-935.0438898694761,-935.0438898694761,-935.0438898694761
229,frame_000229.png,230,0.92,547.7653868799088,-976.4919006795287,0.0020611413025914994,0.11809469761858984,-0.0019812068973953847,-0.11351479356296387,-928.4961584072294,-928.4961584072294,-928.4961584072294
230,frame_000230.png,231,0.924,543.8733280173814,-969.6886687401608,0.0020531034236670985,0.11763416107998452,-0.002020865691398763,-0.11578707507993619,-921.9904760865877,-921.9904760865877,-921.9904760865877
231,frame_000231.png,232,0.928,540.0083954493412,-962.927812042774,0.0020449110239401467,0.11716477115154605,-0.0020585846446514646,-0.11794821190896725,-915.5267167796437,-915.5267167796437,-915.5267167796437
232,frame_000232.png,233,0.932,536.1704198238349,-956.20925769931,0.0020365717361476845,0.116686965156893,-0.0020944264258347303,-0.12000179470099977,-909.1047488005856,-909.1047488005856,-909.1047488005856
233,frame_000233.png,234,0.936,532.3592320968138,-949.532924823261,0.0020280929459162347,0.11620116626125418,-0.00212845191596997,-0.12195131168161302,-902.7244351849156,-902.7244351849156,-902.7244351849156
234,frame_000234.png,235,0.9400000000000001,528.5746635633648,-942.8987249026657,0.0020194817988235868,0.11570778387607909,-0.002160720253373164,-0.12380015122672018,-896.3856339577935,-896.3856339577935,-896.3856339577935
235,frame_000235.png,236,0.9440000000000001,524.8165458874792,-936.3065621587348,0.002010745207282438,0.11520721405344159,-0.0021912888777461167,-0.1255516043888111,-890.0881983919196,-890.0881983919196,-890.0881983919196
236,frame_000236.png,237,0.9480000000000001,521.0847111304151,-929.7563338906443,0.0020018898572493446,0.11469983987043429,-0.0022202135734067565,-0.12720886737386614,-883.8319772553355,-883.8319772553355,-883.8319772553355
237,frame_000237.png,238,0.9520000000000001,517.3789917777079,-923.2479308070104,0.0019929222147624134,0.11418603180375093,-0.0022475485116614582,-0.12877504396911124,-877.6168150495309,-877.6168150495309,-877.6168150495309
238,frame_000238.png,239,0.9560000000000001,513.699220764881,-916.7812373445448,0.0019838485323111763,0.11366614809465313,-0.0022733462923233694,-0.13025314792184298,-871.4425522382207,-871.4425522382207,-871.4425522382207
239,frame_000239.png,240,0.96,510.0452315019072,-910.3561319743687,0.0019746748550420385,0.11314053510451644,-0.0022976579843817565,-0.13164610526961026,-865.3090254671288,-865.3090254671288,-865.3090254671288
240,frame_000240.png,241,0.964,506.4168578964691,-903.9724874964464,0.001965407026802699,0.11260952766115012,-0.0023205331658280644,-0.13295675662207967,-859.2160677751247,-859.2160677751247,-859.2160677751247
241,frame_000241.png,242,0.968,502.813934376065,-897.6301713225823,0.0019560506960288994,0.11207344939608303,-0.0023420199626450807,-0.13418785939494984,-853.163508797044,-853.163508797044,-853.163508797044
242,frame_000242.png,243,0.972,499.2362959090059,-891.3290457484089,0.0019466113214768376,0.1115326130730067,-0.002362165086966463,-0.1353420899963314,-847.1511749584854,-847.1511749584854,-847.1511749584854
243,frame_000243.png,244,0.976,495.6837780243453,-885.0689682147766,0.0019370941778045522,0.1109873209075651,-0.002381013874414386,-0.13642204596603655,-841.1788896628996,-841.1788896628996,-841.1788896628996
244,frame_000244.png,245,0.98,492.1562168307853,-878.8497915589433,0.0019275043610055495,0.1104378648786786,-0.002398610320623539,-0.13743024806824997,-835.246473471261,-835.246473471261,-835.246473471261
245,frame_000245.png,246,0.984,488.653449034597,-872.6713642559431,0.0019178467936979094,0.1098845270315873,-0.002414997116960537,-0.1383691423381004,-829.3537442745828,-829.3537442745828,-829.3537442745828
246,frame_000246.png,247,0.988,485.1753119565955,-866.5335306505042,0.0019081262302720755,0.10932757977279779,-0.002430215685447837,-0.13924110208265347,-823.5005174595708,-823.5005174595708,-823.5005174595708
247,frame_000247.png,248,0.992,481.7216435482058,-860.4361311798663,0.0018983472619004877,0.10876728615711388,-0.002444306212902132,-0.1400484298368978,-817.6866060676439,-817.6866060676439,-817.6866060676439
248,frame_000248.png,249,0.996,478.2922824066547,-854.3790025878421,0.0018885143214121887,0.10820390016693104,-0.0024573076842970797,-0.14079335927528838,-811.911820947601,-811.911820947601,-811.911820947601
249,frame_000249.png,250,1.0,474.8870677893243,-848.3619781304486,0.0018786316880354777,0.10763766698397038,-0.002469257915361088,-0.1414780570794622,-806.175970902143,-806.175970902143,-806.175970902143
250,frame_000250.png,251,1.004,471.5058396272995,-842.3848877734235,0.001868703492011659,0.10706882325362702,-0.002480193584420646,-0.14210462476272664,-800.4788628285087,-800.4788628285087,-800.4788628285087
251,frame_000251.png,252,1.008,468.14843853814114,-836.4475583819335,0.001858733719082877,0.10649759734210401,-0.0024901502635003726,-0.1426751004519612,-794.8203018534243,-794.8203018534243,-794.8203018534243
252,frame_000252.png,253,1.012,464.8147058379157,-830.5498139027641,0.0018487262148569941,0.10592420958650159,-0.002499162448690938,-0.14319146062757088,-789.2000914625928,-789.2000914625928,-789.2000914625928
253,frame_000253.png,254,1.016,461.5044835525114,-824.6914755392758,0.0018386846890524136,0.10534887253802742,-0.0025072635897962665,-0.14365562182214617,-783.6180336249254,-783.6180336249254,-783.6180336249254
254,frame_000254.png,255,1.02,458.2176144282682,-818.8723619193967,0.0018286127196257122,0.10477179119849263,-0.0025144861192715855,-0.14406944227849078,-778.073928911715,-778.073928911715,-778.073928911715
255,frame_000255.png,256,1.024,454.95394194194995,-813.0922892569126,0.0018185137567848931,0.10419316325025425,-0.0025208614804641035,-0.14443472356769355,-772.5675766109366,-772.5675766109366,-772.5675766109366
256,frame_000256.png,257,1.028,451.71331031008435,-807.3510715063078,0.0018083911268910301,0.10361317927976293,-0.0025264201551680587,-0.1447532121679163,-767.0987748368652,-767.0987748368652,-767.0987748368652
257,frame_000257.png,258,1.032,448.4955644976963,-801.6485205113968,0.0017982480362510192,0.10303202299487167,-0.0025311916905060624,-0.14502660100458145,-761.6673206351866,-761.6673206351866,-761.6673206351866
258,frame_000258.png,259,1.036,445.3005502264589,-795.9844461479836,0.0017880875748041097,0.10244987143605837,-0.0025352047251487406,-0.1452565309526467,-756.2730100837666,-756.2730100837666,-756.2730100837666
259,frame_000259.png,260,1.04,442.12811398228547,-790.3586564607695,0.0017779127197048415,0.10186689518171313,-0.0025384870148846116,-0.14544459230165124,-750.9156383892503,-750.9156383892503,-750.9156383892503
260,frame_000260.png,261,1.044,438.97810302238565,-784.7709577947282,0.0017677263388049598,0.10128325854763724,-0.002541065457552333,-0.14559232618422813,-745.5949999796385,-745.5949999796385,-745.5949999796385
261,frame_000261.png,262,1.048,435.85036538180645,-779.2211549211569,0.0017575311940368386,0.100699119780899,-0.0025429661173472003,-0.14570122596876423,-740.3108885930105,-740.3108885930105,-740.3108885930105
262,frame_000262.png,263,1.052,432.74474987947974,-773.7090511586013,0.00174732994470089,0.10011463124818852,-0.002544214248514082,-0.1457727386169053,-735.0630973625161,-735.0630973625161,-735.0630973625161
263,frame_000263.png,264,1.056,429.661106123796,-768.2344484888506,0.0017371251506593914,0.0995299396188104,-0.0025448343184386463,-0.1458082660065858,-729.8514188978015,-729.8514188978015,-729.8514188978015
264,frame_000264.png,265,1.06,426.5992845177242,-762.7971476681876,0.0017269192754391144,0.09894518604245138,-0.002544850030148862,-0.1458091662212701,-724.6756453629891,-724.6756453629891,-724.6756453629891
265,frame_000265.png,266,1.064,423.5591362634953,-757.396948334071,0.00171671468924509,0.09836050632185632,-0.002544284344238718,-0.14577675480608884,-719.5355685513446,-719.5355685513446,-719.5355685513446
266,frame_000266.png,267,1.068,420.54051336686894,-752.0336491074258,0.001706513671887799,0.09777603108054385,-0.002543159500225921,-0.145712305991545,-714.4309799567618,-714.4309799567618,-714.4309799567618
267,frame_000267.png,268,1.072,417.5432686409985,-746.7070476907039,0.0016963184156260295,0.09719188592569013,-0.002541497037355343,-0.14561705388546367,-709.3616708421823,-709.3616708421823,-709.3616708421823
268,frame_000268.png,269,1.076,414.56725570991347,-741.416940961879,0.0016861310279275936,0.09660819160630625,-0.002539317814859769,-0.14549219363384733,-704.3274323050721,-704.3274323050721,-704.3274323050721
269,frame_000269.png,270,1.08,411.61232901163265,-736.1631250645254,0.0016759535341500543,0.0960250641668326,-0.0025366420316896947,-0.14533888255130992,-699.3280553400523,-699.3280553400523,-699.3280553400523
270,frame_000270.png,271,1.084,408.6783438009256,-730.9453954941316,0.0016657878801435624,0.09544261509627035,-0.0025334892457234,-0.14515824122173315,-694.3633308988142,-694.3633308988142,-694.3633308988142
271,frame_000271.png,272,1.088,405.76515615173577,-725.7635471807914,0.0016556359347778592,0.09486095147296816,-0.0025298783924687287,-0.14495135456979943,-689.4330499474056,-689.4330499474056,-689.4330499474056
272,frame_000272.png,273,1.092,402.8726229592803,-720.6173745684076,0.001645499492395458,0.09428017610517905,-0.0025258278032677887,-0.1447192729040443,-684.5370035209926,-684.5370035209926,-684.5370035209926
273,frame_000273.png,274,1.096,400.00060194183953,-715.5066716905429,0.0016353802751929727,0.09370038766750045,-0.002521355223015562,-0.14446301293205815,-679.6749827761992,-679.6749827761992,-679.6749827761992
274,frame_000274.png,275,1.1,397.14895164225015,-710.4312322430441,0.0016252799355325085,0.09312168083330725,-0.0025164778274034284,-0.14418355874846728,-674.8467790411096,-674.8467790411096,-674.8467790411096
275,frame_000275.png,276,1.104,394.3175314291136,-705.3908496535621,0.0016152000581850065,0.09254414640328587,-0.0025112122396983693,-0.1438818627963114,-670.0521838630259,-670.0521838630259,-670.0521838630259
276,frame_000276.png,277,1.108,391.5062014977331,-700.385317148087,0.0016051421625073662,0.09196787143017421,-0.0025055745470684773,-0.1435588468024266,-665.2909890540705,-665.2909890540705,-665.2909890540705
277,frame_000277.png,278,1.112,388.71482287079,-695.4144278146098,0.0015951077045551474,0.09139293933981059,-0.0024995803164653187,-0.14321540268743743,-660.5629867347079,-660.5629867347079,-660.5629867347079
278,frame_000278.png,279,1.116,385.94325739877127,-690.4779746640219,0.001585098079132602,0.09081943004859189,-0.002493244610073388,-0.14285239345094575,-655.8679693752777,-655.8679693752777,-655.8679693752777
279,frame_000279.png,280,1.12,383.1913677601589,-685.5757506883572,0.0015751146217817466,0.09024742007743901,-0.002486582000336992,-0.14247065403250747,-651.2057298355994,-651.2057298355994,-651.2057298355994
280,frame_000280.png,281,1.124,380.45901746139157,-680.7075489164771,0.001565158610712148,0.08967698266236548,-0.0024796065845744553,-0.1420709921489651,-646.5760614027388,-646.5760614027388,-646.5760614027388
281,frame_000281.png,282,1.1280000000000001,377.7460708366082,-675.8731624672981,0.0015552312686730487,0.0891081878617423,-0.002472331999189588,-0.14165418910870467,-641.9787578269968,-641.9787578269968,-641.9787578269968
282,frame_000282.png,283,1.1320000000000001,375.0523930471841,-671.0723846006542,0.0015453337647694315,0.08854110266035077,-0.0024647714334900764,-0.14122100060339127,-637.4136133561949,-637.4136133561949,-637.4136133561949
283,frame_000283.png,284,1.1360000000000001,372.3778500810678,-666.3050087658852,0.0015354672162235694,0.08797579107031193,-0.0024569376431223706,-0.1407721574777315,-632.8804227683177,-632.8804227683177,-632.8804227683177
284,frame_000284.png,285,1.1400000000000001,369.722308751928,-661.5708286482378,0.0015256326900835806,0.08741231422897949,-0.0024488429631323964,-0.14030836647779696,-628.3789814025827,-628.3789814025827,-628.3789814025827
285,frame_000285.png,286,1.1440000000000001,367.0856366981198,-656.869638213164,0.001515831204880466,0.08685073049388109,-0.0024404993206613625,-0.13983031097844062,-623.9090851889907,-623.9090851889907,-623.9090851889907
286,frame_000286.png,287,1.1480000000000001,364.46770238147707,-652.2012317485966,0.0015060637322350714,0.0862910955347905,-0.0024319182472856363,-0.13933865169031942,-619.4705306764222,-619.4705306764222,-619.4705306764222
287,frame_000287.png,288,1.1520000000000001,361.8683750859403,-647.5654039052803,0.0014963311984163789,0.08573346242301108,-0.0024231108910095674,-0.13883402734703262,-615.0631150593356,-615.0631150593356,-615.0631150593356
288,frame_000288.png,289,1.156,359.28752491602637,-642.9619497352327,0.001486634485852501,0.08517788171794939,-0.002414088027920024,-0.13831705537287742,-610.6866362031144,-610.6866362031144,-610.6866362031144
289,frame_000289.png,290,1.16,356.72502279514913,-638.3906647284073,0.0014769744345957123,0.08462440155105536,-0.0024048600735110774,-0.13778833253170564,-606.3408926681288,-606.3408926681288,-606.3408926681288
290,frame_000290.png,291,1.164,354.18074046379553,-633.8513448476277,0.0014673518437428215,0.08407306770720352,-0.0023954370936873047,-0.13724843555736654,-602.0256837325473,-602.0256837325473,-602.0256837325473
291,frame_000291.png,292,1.168,351.65455047756666,-629.3437865618607,0.0014577674728121534,0.08352392370358837,-0.0023858288154538464,-0.13669792176620196,-597.7408094139594,-597.7408094139594,-597.7408094139594
292,frame_000292.png,293,1.172,349.14632620508814,-624.8677868778911,0.0014482220430783784,0.08297701086620438,-0.002376044637301263,-0.13613732965205483,-593.4860704898499,-593.4860704898499,-593.4860704898499
293,frame_000293.png,294,1.176,346.65594182579736,-620.423143370461,0.001438716238866394,0.08243236840397998,-0.0023660936392930904,-0.13556717946424343,-589.2612685169706,-589.2612685169706,-589.2612685169706
294,frame_000294.png,295,1.18,344.1832723276129,-616.0096542109328,0.0014292507088054318,0.08189003348063265,-0.0023559845928637912,-0.1349879737689428,-585.0662058496534,-585.0662058496534,-585.0662058496534
295,frame_000295.png,296,1.184,341.7281935044924,-611.6271181945331,0.0014198260670445367,0.08135004128431061,-0.00234572597033462,-0.13440019799440348,-580.9006856571066,-580.9006856571066,-580.9006856571066
296,frame_000296.png,297,1.188,339.2905819538845,-607.2753347662338,0.001410442894430526,0.08081242509508506,-0.0023353259541548446,-0.13380432096043457,-576.764511939733,-576.764511939733,-576.764511939733
297,frame_000297.png,298,1.192,336.8703150740791,-602.9541040453212,0.0014011017396495194,0.08027721635035494,-0.0023247924458755214,-0.13320079539256324,-572.6574895445112,-572.6574895445112,-572.6574895445112
298,frame_000298.png,299,1.196,334.4672710614627,-598.6632268487066,0.0013918031203330901,0.07974444470822471,-0.002314133074862855,-0.13259005842127336,-568.5794241794767,-568.5794241794767,-568.5794241794767
299,frame_000299.png,300,1.2,332.081328907683,-594.4025047130261,0.0013825475241300684,0.07921413810891426,-0.0023033552067581193,-0.13197253206672335,-564.5301224273348,-564.5301224273348,-564.5301224273348
300,frame_000300.png,301,1.204,329.71236839672656,-590.171739915578,0.0013733354097449977,0.07868632283425796,-0.0022924659516909123,-0.13134862370933095,-560.509391758243,-560.509391758243,-560.509391758243
301,frame_000301.png,302,1.208,327.3602701019163,-585.9707354941418,0.0013641672079442151,0.07816102356534887,-0.0022814721722522347,-0.13071872654659702,-556.5170405418,-556.5170405418,-556.5170405418
302,frame_000302.png,303,1.212,325.0249153828307,-581.799295265725,0.001355043322530505,0.0776382634383823,-0.00227038049123399,-0.1300832200365462,-552.5528780582631,-552.5528780582631,-552.5528780582631
303,frame_000303.png,304,1.216,322.7061863821512,-577.6572238442778,0.001345964131287248,0.07711806409875155,-0.002259197299141152,-0.12944247032814254,-548.6167145090335,-548.6167145090335,-548.6167145090335
304,frame_000304.png,305,1.22,320.40396602243965,-573.5443266574174,0.0013369299868929627,0.07660044575344722,-0.0022479287614827403,-0.1287968306790313,-544.7083610264367,-544.7083610264367,-544.7083610264367
305,frame_000305.png,306,1.224,318.1181380028519,-569.4604099622011,0.0013279412178071107,0.07608542722181025,-0.0022365808258476725,-0.1281466418609558,-540.8276296828233,-540.8276296828233,-540.8276296828233
306,frame_000306.png,307,1.228,315.8485867957893,-565.4052808599854,0.0013189981291280182,0.07557302598468701,-0.00222515922877135,-0.12749223255318357,-536.9743334990221,-536.9743334990221,-536.9743334990221
307,frame_000307.png,308,1.232,313.5951976434933,-561.3787473104077,0.0013101010034237343,0.07506325823203419,-0.002213669502398691,-0.12683391972427005,-533.1482864521706,-533.1482864521706,-533.1482864521706
308,frame_000308.png,309,1.236,311.357856554585,-557.3806181445248,0.0013012501015366338,0.07455613890901895,-0.0022021169809492884,-0.12617200900248493,-529.3493034829423,-529.3493034829423,-529.3493034829423
309,frame_000309.png,310,1.24,309.1364503005547,-553.4107030771435,0.0012924456633625413,0.07405168176065959,-0.002190506806990034,-0.12550679503520695,-525.577200502209,-525.577200502209,-525.577200502209
310,frame_000310.png,311,1.244,306.930866412203,-549.4688127183732,0.0012836879086051407,0.07354989937504991,-0.0021788439375206806,-0.12483856183760103,-521.831794397144,-521.831794397144,-521.831794397144
311,frame_000311.png,312,1.248,304.7409931760376,-545.5547585844338,0.0012749770375064028,0.07305080322520974,-0.0021671331498774506,-0.12416758313087,-518.1129030368038,-518.1129030368038,-518.1129030368038
312,frame_000312.png,313,1.252,302.5667196306282,-541.6683531077467,0.0012663132315537528,0.07255440370960257,-0.0021553790474598024,-0.12349412267037424,-514.4203452772008,-514.4203452772008,-514.4203452772008
313,frame_000313.png,314,1.256,300.4079355629225,-537.8094096463407,0.0012576966541646738,0.0720607101913605,-0.002143586065285299,-0.12281843456390219,-510.75394096589275,-510.75394096589275,-510.75394096589275
314,frame_000314.png,315,1.26,298.2645315045258,-533.9777424925967,0.0012491274513494234,0.07156973103625502,-0.002131758475377385,-0.12214076358036718,-507.1135109461077,-507.1135109461077,-507.1135109461077
315,frame_000315.png,316,1.264,296.13639872794704,-530.1731668813611,0.0012406057523525228,0.07108147364945176,-0.002119900391990865,-0.1214613454492054,-503.49887706041795,-503.49887706041795,-503.49887706041795
316,frame_000316.png,317,1.268,294.0234292428138,-526.3954989974526,0.0012321316702736615,0.07059594451108556,-0.002108015776679493,-0.1207804071507272,-499.9098621539986,-499.9098621539986,-499.9098621539986
317,frame_000317.png,318,1.272,291.9255157920579,-522.6445559825853,0.0012237053026686344,0.07011314921069174,-0.002096108443210359,-0.12009816719769098,-496.3462900774639,-496.3462900774639,-496.3462900774639
318,frame_000318.png,319,1.276,289.8425518480751,-518.9201559417353,0.0012153267321309215,0.06963309248052814,-0.002084182062329267,-0.11941483590833889,-492.80798568932073,-492.80798568932073,-492.80798568932073
319,frame_000319.png,320,1.28,287.77443160885997,-515.2221179489704,0.0012069960268544925,0.06915577822782139,-0.002072240166381402,-0.11873061567114185,-489.29477485804546,-489.29477485804546,-489.29477485804546
320,frame_000320.png,321,1.284,285.72104999411863,-511.5502620527673,0.001198713241178412,0.06868120956597057,-0.002060286153791442,-0.11804570120149088,-485.80648446379894,-485.80648446379894,-485.80648446379894
321,frame_000321.png,322,1.288,283.68230264136145,-507.9044092808356,0.0011904784161137954,0.06820938884473948,-0.0020483232934071236,-0.11736027979056518,-482.3429423997991,-482.3429423997991,-482.3429423997991
322,frame_000322.png,323,1.292,281.658085901977,-504.2843816444704,0.0011822915798536551,0.06774031767946878,-0.002036354728710177,-0.11667453154660087,-478.9039775733655,-478.9039775733655,-478.9039775733655
323,frame_000323.png,324,1.296,279.6482968372899,-500.69000214245267,0.0011741527482661614,0.06727399697933764,-0.002024383481898458,-0.11598862962877993,-475.4894199066482,-475.4894199066482,-475.4894199066482
324,frame_000324.png,325,1.3,277.65283321460356,-497.1210947645159,0.0011660619253718244,0.06681042697470431,-0.0020124124578429986,-0.11530274047395253,-472.0991003370551,-472.0991003370551,-472.0991003370551
325,frame_000325.png,326,1.304,275.67159350323044,-493.57748449439725,0.00115801910380509,0.06634960724355363,-0.0020004444479235876,-0.11461702401639957,-468.7328508173923,-468.7328508173923,-468.7328508173923
326,frame_000326.png,327,1.308,273.70447687051035,-490.0589973124915,0.0011500242652608297,0.065891536737079,-0.0019884821337464347,-0.1139316339008392,-465.3905043157266,-465.3905043157266,-465.3905043157266
327,frame_000327.png,328,1.312,271.7513831778194,-486.56546019812316,0.001142077380926188,0.0654362138044254,-0.001976528090747328,-0.11324671768887247,-462.0718948149872,-462.0718948149872,-462.0718948149872
328,frame_000328.png,329,1.316,269.81221297657004,-483.0967011314544,0.0011341784118982397,0.0649836362166194,-0.0019645847916835825,-0.11256241705905731,-458.776857312317,-458.776857312317,-458.776857312317
329,frame_000329.png,330,1.32,267.886867504205,-479.652549095043,0.0011263273095878954,0.06453380118971126,-0.0019526546100181322,-0.11187886800080266,-455.50522781817835,-455.50522781817835,-455.50522781817835
330,frame_000330.png,331,1.324,265.97524868018473,-476.2328340750667,0.0011185240161104796,0.06408670540715337,-0.0019407398231988272,-0.11119620100225837,-452.2568433552349,-452.2568433552349,-452.2568433552349
331,frame_000331.png,332,1.328,264.0772591019715,-472.8373870622264,0.0011107684646633948,0.06364234504143884,-0.001928842615836081,-0.11051454123238104,-449.0315419570102,-449.0315419570102,-449.0315419570102
332,frame_000332.png,333,1.332,262.1928020410097,-469.4660400523447,0.0011030605798912731,0.06320071577502312,-0.0019169650827817958,-0.10983400871734338,-445.82916266634084,-445.82916266634084,-445.82916266634084
333,frame_000333.png,334,1.336,260.32178143870493,-466.1186260466701,0.0010954002782390026,0.06276181282055092,-0.0019051092321125482,-0.10915471851145814,-442.64954553362713,-442.64954553362713,-442.64954553362713
334,frame_000334.png,335,1.34,258.4641019024023,-462.7949790519026,0.001087787468293007,0.06232563094041016,-0.0018932769880197963,-0.10847678086277486,-439.49253161489514,-439.49253161489514,-439.49253161489514
335,frame_000335.png,336,1.344,256.619668701365,-459.49493407995,0.0010802220511111464,0.06189216446563379,-0.0018814701936099333,-0.10780030137351104,-436.3579629696758,-436.3579629696758,-436.3579629696758
336,frame_000336.png,337,1.348,254.78838776275458,-456.2183271474296,0.0010727039205415897,0.0614614073141699,-0.0018696906136168121,-0.10712538115546846,-433.245682658712,-433.245682658712,-433.245682658712
337,frame_000337.png,338,1.352,252.97016566761346,-452.9649952749251,0.0010652329635310112,0.061033353008540084,-0.0018579399370293372,-0.10645211698058296,-430.1555347415034,-430.1555347415034,-430.1555347415034
338,frame_000338.png,339,1.356,251.1649096468512,-449.73477648600965,0.0010578090604224373,0.060607994692904746,-0.0018462197796366951,-0.10578060142675552,-427.0873642736908,-427.0873642736908,-427.0873642736908
339,frame_000339.png,340,1.36,249.37252757723516,-446.52750980604606,0.0010504320852430748,0.060185325149554506,-0.001834531686493674,-0.1051109230191046,-424.04101730429227,-424.04101730429227,-424.04101730429227
340,frame_000340.png,341,1.364,247.59292797738578,-443.3430352607741,0.0010431019059824317,0.05976533681484533,-0.001822877134308446,-0.10444316636677607,-421.016340872799,-421.016340872799,-421.016340872799
341,frame_000341.png,342,1.368,245.82602000377886,-440.1811938746951,0.0010358183848610389,0.059348021794595134,-0.0018112575337551218,-0.10377741229544273,-418.01318300613605,-418.01318300613605,-418.01318300613605
342,frame_000342.png,343,1.372,244.0717134467539,-437.04182766926203,0.0010285813785900662,0.05893337187895869,-0.0017996742317133978,-0.10311373797562667,-415.03139271549276,-415.03139271549276,-415.03139271549276
343,frame_000343.png,344,1.3760000000000001,242.32991872653048,-433.92477966088546,0.0010213907386221225,0.058521378556797427,-0.0017881285134374175,-0.10245221704696593,-412.0708199930349,-412.0708199930349,-412.0708199930349
344,frame_000344.png,345,1.3800000000000001,240.60054688923282,-430.82989385876334,0.0010142463113935166,0.05811203302955996,-0.0017766216046560292,-0.10179291973855036,-409.1313158084988,-409.1313158084988,-409.1313158084988
345,frame_000345.png,346,1.3840000000000001,238.88350960292348,-427.75701526254255,0.0010071479385582506,0.05770532622468891,-0.0017651546736065149,-0.10113591298544566,-406.2127321056762,-406.2127321056762,-406.2127321056762
346,frame_000346.png,347,1.3880000000000001,237.17871915364665,-424.70598985982133,0.0010000954572140094,0.057301248808569134,-0.0017537288330037376,-0.10048126054151732,-403.3149217987989,-403.3149217987989,-403.3149217987989
347,frame_000347.png,348,1.3920000000000001,235.4860884414817,-421.6766646234992,0.000993088700120396,0.056899791199031734,-0.001742345141946761,-0.09982902308867174,-400.4377387688196,-400.4377387688196,-400.4377387688196
348,frame_000348.png,349,1.3960000000000001,233.8055309766078,-418.66888750898244,0.000986127495909664,0.0565009435774281,-0.0017310046077647582,-0.09917925834261913,-397.58103785960554,-397.58103785960554,-397.58103785960554
349,frame_000349.png,350,1.4000000000000001,232.1369608753797,-415.6825074512517,0.0009792116692901843,0.05610469590028768,-0.0017197081878041155,-0.09853202115526696,-394.7446748740392,-394.7446748740392,-394.7446748740392
350,frame_000350.png,351,1.4040000000000001,230.48029285641599,-412.7173743617993,0.0009723410412428746,0.05571103791057263,-0.0017084567911584666,-0.09788736361384363,-391.92850657004135,-391.92850657004135,-391.92850657004135
351,frame_000351.png,352,1.408,228.8354422366992,-409.7733391254421,0.0009655154292108247,0.05531995914854245,-0.0016972512803434415,-0.0972453351368545,-389.13239065651214,-389.13239065651214,-389.13239065651214
352,frame_000352.png,353,1.412,227.20232492768963,-406.85025359701666,0.0009587346472823251,0.05493144896224085,-0.001686092472917798,-0.09660598256696588,-386.3561857892006,-386.3561857892006,-386.3561857892006
353,frame_000353.png,354,1.416,225.580857431452,-403.9479705979623,0.0009519985063675192,0.05454549651761708,-0.0016749811430526052,-0.09596935026091268,-383.5997515665024,-383.5997515665024,-383.5997515665024
354,frame_000354.png,355,1.42,223.9709568367963,-401.0663439127987,0.0009453068143688769,0.054162090808293414,-0.0016639180230500145,-0.09533548017651747,-380.862948525197,-380.862948525197,-380.862948525197
355,frame_000355.png,356,1.424,222.37254081543296,-398.2052282855024,0.0009386593763456929,0.05378122066499018,-0.0016529038048132489,-0.09470441195691477,-378.14563813611767,-378.14563813611767,-378.14563813611767
356,frame_000356.png,357,1.428,220.78552761814248,-395.36447941578933,0.0009320559946727985,0.053402874764619294,-0.0016419391412692075,-0.09407618301206024,-375.447682799771,-375.447682799771,-375.447682799771
357,frame_000357.png,358,1.432,219.2098360709604,-392.54395395530656,0.0009254964691936757,0.053027041639057027,-0.0016310246477452507,-0.09345082859761465,-372.7689458418963,-372.7689458418963,-372.7689458418963
358,frame_000358.png,359,1.436,217.6453855713775,-389.7435095037397,0.0009189805973681534,0.0526537096836064,-0.0016201609033015072,-0.09282838189127944,-370.1092915089796,-370.1092915089796,-370.1092915089796
359,frame_000359.png,360,1.44,216.0920960845556,-386.96300460484,0.0009125081744148603,0.052282867165159105,-0.0016093484520201071,-0.0922088740666644,-367.4685849637185,-367.4685849637185,-367.4685849637185
360,frame_000360.png,361,1.444,214.54988813955993,-384.20229874237634,0.0009060789934486047,0.051914502230066814,-0.0015985878042526483,-0.09159233436476213,-364.84669228044595,-364.84669228044595,-364.84669228044595
361,frame_000361.png,362,1.448,213.01868282560704,-381.46125233601543,0.0008996928456128459,0.05154860291173123,-0.0015878794378272358,-0.09097879016310641,-362.24348044051044,-362.24348044051044,-362.24348044051044
362,frame_000362.png,363,1.452,211.49840178833014,-378.7397267371357,0.0008933495202074157,0.05118515713792197,-0.001577223799216313,-0.09036826704268389,-359.658817327621,-359.658817327621,-359.658817327621
363,frame_000363.png,364,1.456,209.98896722606077,-376.03758422457804,0.0008870488048116445,0.05082415273783118,-0.0015666213046665045,-0.08976078885266942,-357.09257172315847,-357.09257172315847,-357.09257172315847
364,frame_000364.png,365,1.46,208.49030188612775,-373.35468800033794,0.0008807904854030433,0.05046557744887352,-0.001556072341291661,-0.0891563777730528,-354.54461330145364,-354.54461330145364,-354.54461330145364
365,frame_000365.png,366,1.464,207.00232906117353,-370.690902185202,0.0008745743464716825,0.05010941892323959,-0.001545577268130256,-0.08855505437522328,-352.01481262503717,-352.01481262503717,-352.01481262503717
366,frame_000366.png,367,1.468,205.524972585488,-368.04609181433307,0.0008684001711304136,0.049755664734211134,-0.001535136417168229,-0.08795683768057402,-349.50304113986294,-349.50304113986294,-349.50304113986294
367,frame_000367.png,368,1.472,204.0581568313602,-365.4201228328072,0.0008622677412210636,0.049404302382245587,-0.0015247500943284002,-0.08736174521719149,-347.0091711705061,-347.0091711705061,-347.0091711705061
368,frame_000368.png,369,1.476,202.6018067054478,-362.8128620911057,0.0008561768374167392,0.04905531930083762,-0.001514418580427437,-0.08676979307468556,-344.5330759153418,-344.5330759153418,-344.5330759153418
369,frame_000369.png,370,1.48,201.15584764516478,-360.2241773405656,0.0008501272393203645,0.04870870286216498,-0.0015041421321014417,-0.08618099595722176,-342.074629441703,-342.074629441703,-342.074629441703
370,frame_000370.png,371,1.484,199.72020561508748,-357.6539372287911,0.0008441187255595788,0.04836444038252567,-0.0014939209827011064,-0.08559536723480986,-339.6337066810215,-339.6337066810215,-339.6337066810215
371,frame_000371.png,372,1.488,198.29480710337884,-355.1020112950299,0.0008381510738781118,0.048022519127573465,-0.0014837553431574432,-0.08501291899290667,-337.210183423952,-337.210183423952,-337.210183423952
372,frame_000372.png,373,1.492,196.8795791182315,-352.568269965516,0.0008322240612237537,0.04768292631735812,-0.0014736454028189492,-0.0844336620803819,-334.80393631548577,-334.80393631548577,-334.80393631548577
373,frame_000373.png,374,1.496,195.4744491843293,-350.0525845487826,0.0008263374638330323,0.04734564913117706,-0.001463591330261165,-0.08385760615590256,-332.4148428500506,-332.4148428500506,-332.4148428500506
374,frame_000374.png,375,1.5,194.07934533932783,-347.5548272309472,0.0008204910573127053,0.04701067471224455,-0.0014535932740694455,-0.08328475973278239,-330.04278136660275,-330.04278136660275,-330.04278136660275
375,frame_000375.png,376,1.504,192.69419613035373,-345.07487107097154,0.0008146846167181734,0.04667799017218444,-0.0014436513635958442,-0.08271513022234812,-327.6876310437086,-327.6876310437086,-327.6876310437086
376,frame_000376.png,377,1.508,191.31893061052307,-342.61258999589876,0.0008089179166289172,0.04634758259535235,-0.0014337657096908842,-0.08214872397586691,-325.34927189462314,-325.34927189462314,-325.34927189462314
377,frame_000377.png,378,1.512,189.95347833547876,-340.1678587960698,0.0008031907312210549,0.04601943904299293,-0.0014239364054110222,-0.08158554632508093,-323.0275847623617,-323.0275847623617,-323.0275847623617
378,frame_000378.png,379,1.516,188.59776935994725,-337.74055312032175,0.0007975028343371177,0.045693546557237716,-0.0014141635267025795,-0.0810256016213939,-320.72245131476996,-320.72245131476996,-320.72245131476996
379,frame_000379.png,380,1.52,187.25173423431434,-335.33054947116926,0.0007918539995531357,0.04536989216494885,-0.001404447133062918,-0.08046889327375353,-318.4337540395894,-318.4337540395894,-318.4337540395894
380,frame_000380.png,381,1.524,185.9153040012203,-332.9377251999725,0.0007862440002431231,0.04504846288141382,-0.001394787268179514,-0.07991542378526785,-316.1613762395267,-316.1613762395267,-316.1613762395267
381,frame_000381.png,382,1.528,184.58841019217462,-330.5619585020921,0.0007806726096410499,0.04472924571389618,-0.0013851839605476977,-0.079365194788599,-313.90520202732046,-313.90520202732046,-313.90520202732046
382,frame_000382.png,383,1.532,183.2709848241896,-328.20312841203383,0.0007751396009003848,0.04441222766504707,-0.0013756372240676992,-0.07881820708017151,-311.6651163208129,-311.6651163208129,-311.6651163208129
383,frame_000383.png,384,1.536,181.96296039643403,-325.86111479858397,0.0007696447471512895,0.04409739573618228,-0.0013661470586216855,-0.07827446065323404,-309.4410048380229,-309.4410048380229,-309.4410048380229
384,frame_000384.png,385,1.54,180.66426988690577,-323.5357983599383,0.0007641878215555445,0.043784736930429176,-0.001356713450631414,-0.0777339547298106,-307.23275409222435,-307.23275409222435,-307.23275409222435
385,frame_000385.png,386,1.544,179.37484674912423,-321.22706061882513,0.0007587685973592817,0.04347423825574814,-0.0013473363735971178,-0.07719668779157637,-305.04025138703173,-305.04025138703173,-305.04025138703173
386,frame_000386.png,387,1.548,178.09462490884226,-318.93478391762415,0.0007533868479435977,0.043165886727832455,-0.0013380157886182407,-0.07666265760969368,-302.8633848114897,-302.8633848114897,-302.8633848114897
387,frame_000387.png,388,1.552,176.82353876077735,-316.65885141348315,0.0007480423468731206,0.042859669372890964,-0.001328751644896581,-0.07613186127363997,-300.7020432351733,-300.7020432351733,-300.7020432351733
388,frame_000388.png,389,1.556,175.5615231653627,-314.3991470734336,0.0007427348679425973,0.042555573230317376,-0.001319543880222429,-0.07560429521906141,-298.55611630329474,-298.55611630329474,-298.55611630329474
389,frame_000389.png,390,1.56,174.30851344551758,-312.1555556695062,0.0007374641852215698,0.042253585355249965,-0.0013103924214442264,-0.07507995525468245,-296.4254944318217,-296.4254944318217,-296.4254944318217
390,frame_000390.png,391,1.564,173.0644453834374,-309.92796277384804,0.0007322300730972056,0.041953692821025644,-0.0013012971849223048,-0.07455883658830309,-294.3100688026035,-294.3100688026035,-294.3100688026035
391,frame_000391.png,392,1.568,171.8292552174032,-307.7162547538427,0.0007270323063153434,0.041655882721531645,-0.0012922580769671723,-0.07404093385191088,-292.20973135851204,-292.20973135851204,-292.20973135851204
392,frame_000392.png,393,1.572,170.60287963861057,-305.52031876723396,0.000721870660019816,0.04136014217345859,-0.0012832749942628839,-0.07352624112593818,-290.12437479859284,-290.12437479859284,-290.12437479859284
393,frame_000393.png,394,1.576,169.38525578801827,-303.3400427572548,0.0007167449097901091,0.04106645831845817,-0.0012743478242759707,-0.07301475196269219,-288.0538925732279,-288.0538925732279,-288.0538925732279
394,frame_000394.png,395,1.58,168.17632125321623,-301.1753154477626,0.0007116548316774124,0.04077481832520873,-0.0012654764456503766,-0.07250645940898308,-285.99817887931545,-285.99817887931545,-285.99817887931545
395,frame_000395.png,396,1.584,166.97601406531294,-299.0260263383811,0.0007066002022391179,0.04048520939139188,-0.0012566607285888608,-0.07200135602797676,-283.95712865546136,-283.95712865546136,-283.95712865546136
396,frame_000396.png,397,1.588,165.78427269584228,-296.89206569965063,0.0007015807985718197,0.040197618745583204,-0.0012479005352213244,-0.07149943392029842,-281.9306375771862,-281.9306375771862,-281.9306375771862
397,frame_000397.png,398,1.592,164.6010360536898,-294.7733245681876,0.0006965963983428654,0.039912033649060076,-0.0012391957199604647,-0.0710006847444101,-279.91860205214766,-279.91860205214766,-279.91860205214766
398,frame_000398.png,399,1.596,163.42624348203825,-292.66969474185385,0.0006916467798205099,0.03962844139752933,-0.0012305461298451623,-0.07050509973628519,-277.9209192153803,-277.9209192153803,-277.9209192153803
399,frame_000399.png,400,1.6,162.25983475533252,-290.5810687749362,0.0006867317219027195,0.03934682932277758,-0.001221951604872022,-0.07001266972840446,-275.9374869245505,-275.9374869245505,-275.9374869245505
400,frame_000400.png,401,1.604,161.10175007626367,-288.5073399733386,0.000681851004144673,0.039067184794246965,-0.0012134119783154401,-0.06952338516809449,-273.96820375522884,-273.96820375522884,-273.96820375522884
401,frame_000401.png,402,1.608,159.95193007277234,-286.44840238978577,0.0006770044067850055,0.03878949522053877,-0.00120492707703656,-0.0690372361352295,-272.0129689961817,-272.0129689961817,-272.0129689961817
402,frame_000402.png,403,1.612,158.81031579507126,-284.4041508190402,0.0006721917107708368,0.038513748050847466,-0.0011964967217815087,-0.06855421235931913,-270.0716826446786,-270.0716826446786,-270.0716826446786
403,frame_000403.png,404,1.616,157.67684871268676,-282.37448079313305,0.0006674126977816291,0.03823993077632767,-0.001188120727469229,-0.06807430323599992,-268.1442454018206,-268.1442454018206,-268.1442454018206
404,frame_000404.png,405,1.62,156.5514707115195,-280.35928857660934,0.000662667150251913,0.0379680309313962,-0.0011797989034692722,-0.06759749784295171,-266.23055866788616,-266.23055866788616,-266.23055866788616
405,frame_000405.png,406,1.624,155.43412409092406,-278.3584711617881,0.0006579548513929223,0.03769803609497172,-0.0011715310538698742,-0.06712378495525728,-264.33052453769653,-264.33052453769653,-264.33052453769653
406,frame_000406.png,407,1.6280000000000001,154.32475156080756,-276.37192626403834,0.0006532755852131752,0.03742993389165391,-0.001163316977736612,-0.06665315306022221,-262.44404579600257,-262.44404579600257,-262.44404579600257
407,frame_000407.png,408,1.6320000000000001,153.223296238747,-274.3995523170712,0.0006486291365380391,0.037163711992844455,-0.0011551564693619964,-0.06618559037167558,-260.57102591288856,-260.57102591288856,-260.57102591288856
408,frame_000408.png,409,1.6360000000000001,152.1297016471255,-272.4412484682487,0.000644015291028316,0.036899358117811934,-0.0011470493185062347,-0.06572108484376456,-258.71136903920103,-258.71136903920103,-258.71136903920103
409,frame_000409.png,410,1.6400000000000001,151.04391171028735,-270.49691457391,0.0006394338351978805,0.03663686003470238,-0.0011389953106295237,-0.0652596241842639,-256.864980001993,-256.864980001993,-256.864980001993
410,frame_000410.png,411,1.6440000000000001,149.96587075171152,-268.5664511947151,0.0006348845564304061,0.03637620556149762,-0.0011309942271160718,-0.0648011958674114,-255.0317642999952,-255.0317642999952,-255.0317642999952
411,frame_000411.png,412,1.6480000000000001,148.89552349120387,-266.64975959100707,0.0006303672429952119,0.03611738256692325,-0.0011230458454902178,-0.06434578714629063,-253.21162809910243,-253.21162809910243,-253.21162809910243
412,frame_000412.png,413,1.6520000000000001,147.8328150421079,-264.7467417181924,0.0006258816840622589,0.03586037897130784,-0.0011151499396248074,-0.06389338506477003,-251.40447822788758,-251.40447822788758,-251.40447822788758
413,frame_000413.png,414,1.6560000000000001,146.77769090853383,-262.85730022214113,0.0006214276697163302,0.035605182747395395,-0.0011073062799421538,-0.06344397646901706,-249.6102221731333,-249.6102221731333,-249.6102221731333
414,frame_000414.png,415,1.6600000000000001,145.7300969826062,-260.98133843460545,0.0006170049909704195,0.035351781921112505,-0.0010995146336078001,-0.06299754801860001,-247.8287680753873,-247.8287680753873,-247.8287680753873
415,frame_000415.png,416,1.6640000000000001,144.68997954172966,-259.1187603686589,0.0006126134397783607,0.03510016457229189,-0.0010917747647173335,-0.06255408619719167,-246.0600247245394,-246.0600247245394,-246.0600247245394
416,frame_000416.png,417,1.668,143.65728524587286,-257.2694707141553,0.000608252809046722,0.034850318835353944,-0.0010840864344764459,-0.06211357732288601,-244.30390155542312,-244.30390155542312,-244.30390155542312
417,frame_000417.png,418,1.672,142.6319611348707,-255.43337483320803,0.0006039228926459948,0.0346022328999478,-0.0010764494013745293,-0.06167600755814449,-242.56030864343592,-242.56030864343592,-242.56030864343592
418,frame_000418.png,419,1.676,141.6139546257444,-253.6103787556902,0.0005996234854210998,0.03435589501155326,-0.0010688634213519444,-0.061241362919379816,-240.82915670018707,-240.82915670018707,-240.82915670018707
419,frame_000419.png,420,1.68,140.60321351003975,-251.80038917475585,0.0005953543832012365,0.03411129347204517,-0.001061328247961243,-0.06080962928619334,-239.11035706916414,-239.11035706916414,-239.11035706916414
420,frame_000420.png,421,1.684,139.59968595118283,-250.0033134423823,0.0005911153828091001,0.03386841664022145,-0.0010538436325224958,-0.06038079241027467,-237.40382172142557,-237.40382172142557,-237.40382172142557
421,frame_000421.png,422,1.688,138.60332048185413,-248.21905956493413,0.0005869062820694886,0.03362725293229632,-0.0010464093242729348,-0.05995483792397553,-235.7094632513158,-235.7094632513158,-235.7094632513158
422,frame_000422.png,423,1.692,137.61406600137977,-246.44753619874876,0.0005827268798173222,0.033387790822359716,-0.0010390250705111246,-0.05953175134857021,-234.02719487220202,-234.02719487220202,-234.02719487220202
423,frame_000423.png,424,1.696,136.6318717731407,-244.6886526457443,0.0005785769759050967,0.033150018842804364,-0.0010316906167358022,-0.05911151810221044,-232.35693041223738,-232.35693041223738,-232.35693041223738
424,frame_000424.png,425,1.7,135.65668742199927,-242.9423188490491,0.0005744563712097928,0.032913925584721664,-0.0010244057067796022,-0.05869412350758735,-230.69858431014518,-230.69858431014518,-230.69858431014518
425,frame_000425.png,426,1.704,134.68846293174332,-241.20844538865404,0.0005703648676392599,0.03267949969826742,-0.001017170082937812,-0.058279552799308534,-229.0520716110281,-229.0520716110281,-229.0520716110281
426,frame_000426.png,427,1.708,133.72714864254752,-239.48694347708724,0.0005663022681380942,0.03244672989299867,-0.0010099834860923373,-0.0578677911310008,-227.41730796220054,-227.41730796220054,-227.41730796220054
427,frame_000427.png,428,1.712,132.77269524845207,-237.77772495511127,0.0005622683766930319,0.03221560493818267,-0.0010028456558310362,-0.05745882358214749,-225.79420960904497,-225.79420960904497,-225.79420960904497
428,frame_000428.png,429,1.716,131.82505379485846,-236.0807022874434,0.0005582629983378726,0.03198611366307899,-0.0009957563305625751,-0.05705263516466922,-224.18269339089193,-224.18269339089193,-224.18269339089193
429,frame_000429.png,430,1.72,130.88417567604242,-234.39578855849862,0.0005542859391579531,0.03175824495719584,-0.0009887152476269513,-0.05664921082925639,-222.5826767369246,-222.5826767369246,-222.5826767369246
430,frame_000430.png,431,1.724,129.95001263268372,-232.72289746815585,0.0005503370062941869,0.03153198777052153,-0.000981722143401852,-0.0562485354714631,-220.9940776621052,-220.9940776621052,-220.9940776621052
431,frame_000431.png,432,1.728,129.02251674941294,-231.06194332754725,0.0005464160079466876,0.031307331113732045,-0.0009747767534049484,-0.05585059393756814,-219.41681476312868,-219.41681476312868,-219.41681476312868
432,frame_000432.png,433,1.732,128.10164045237508,-229.41284105487082,0.0005425227533779895,0.031084264058375624,-0.000967878812392309,-0.0554553710302137,-217.85080721439692,-217.85080721439692,-217.85080721439692
433,frame_000433.png,434,1.736,127.18733650680967,-227.77550617122634,0.0005386570529158839,0.030862775737035202,-0.0009610280544530263,-0.05506285151382707,-216.2959747640192,-216.2959747640192,-216.2959747640192
434,frame_000434.png,435,1.74,126.27955801464778,-226.1498547964748,0.0005348187179558837,0.030642855343469676,-0.0009542242131002012,-0.054673020119833604,-214.75223772983594,-214.75223772983594,-214.75223772983594
435,frame_000435.png,436,1.744,125.37825841212532,-224.53580364512132,0.0005310075609633302,0.030424492132734585,-0.0009474670213584159,-0.05428586155166866,-213.2195169954657,-213.2195169954657,-213.2195169954657
436,frame_000436.png,437,1.748,124.48339146741282,-222.93327002222145,0.0005272233954751591,0.03020767542128332,-0.0009407562118477889,-0.05390136048959348,-211.69773400637763,-211.69773400637763,-211.69773400637763
437,frame_000437.png,438,1.752,123.59491127826156,-221.34217181931132,0.0005234660361013352,0.029992394587049297,-0.0009340915168647591,-0.05351950159532386,-210.1868107659863,-210.1868107659863,-210.1868107659863
438,frame_000438.png,439,1.756,122.71277226966599,-219.7624275103613,0.0005197352985259716,0.02977863906951009,-0.000927472668459689,-0.05314026951647644,-208.68666983177138,-208.68666983177138,-208.68666983177138
439,frame_000439.png,440,1.76,121.83692919154207,-218.19395614775348,0.0005160309995081438,0.029566398369734098,-0.0009208993985114007,-0.05276364889083935,-207.19723431142137,-207.19723431142137,-207.19723431142137
440,frame_000440.png,441,1.764,120.96733711642194,-216.6366773582826,0.0005123529568824122,0.02935566205041046,-0.0009143714387987501,-0.052389624350473035,-205.71842785900043,-205.71842785900043,-205.71842785900043
441,frame_000441.png,442,1.768,120.10395143716433,-215.09051133918092,0.0005087009895590651,0.029146419735862985,-0.0009078885210693495,-0.05201818052564784,-204.25017467113952,-204.25017467113952,-204.25017467113952
442,frame_000442.png,443,1.772,119.24672786468089,-213.55537885416672,0.0005050749175240906,0.02893866111204853,-0.000901450377105512,-0.05164930204862233,-202.79239948325176,-202.79239948325176,-202.79239948325176
443,frame_000443.png,444,1.776,118.3956224256783,-212.0312012295165,0.0005014745618388919,0.02873237592654072,-0.0008950567387875454,-0.05128297355726972,-201.3450275657703,-201.3450275657703,-201.3450275657703
444,frame_000444.png,445,1.78,117.55059146041599,-210.51790035016117,0.0004978997446397538,0.028527553988499328,-0.0008887073381544514,-0.050919179698555736,-199.9079847204116,-199.9079847204116,-199.9079847204116
445,frame_000445.png,446,1.784,116.71159162047948,-209.01539865580554,0.0004943502891370719,0.028324185168626167,-0.0008824019074621567,-0.050557905131875004,-198.48119727646042,-198.48119727646042,-198.48119727646042
446,frame_000446.png,447,1.788,115.87857986656914,-207.52361913707185,0.0004908260196143531,0.028122259399107796,-0.0008761401792393235,-0.05019913453224871,-197.06459208708065,-197.06459208708065,-197.06459208708065
447,frame_000447.png,448,1.792,115.0515134663044,-206.04248533166688,0.0004873267614269995,0.027921766673545838,-0.0008699218863408528,-0.04984285259339016,-195.65809652564747,-195.65809652564747,-195.65809652564747
448,frame_000448.png,449,1.796,114.23034999204316,-204.57192132057264,0.0004838523410008805,0.027722697046875168,-0.0008637467619991425,-0.04948904403064166,-194.2616384821045,-194.2616384821045,-194.2616384821045
449,frame_000449.png,450,1.8,113.41504731871643,-203.11185172426084,0.00048040258583070594,0.027525040635270732,-0.000857614539873187,-0.04913769358378767,-192.8751463593436,-192.8751463593436,-192.8751463593436
450,frame_000450.png,451,1.804,112.6055636216781,-201.66220169893086,0.00047697732447820696,0.02732878761604327,-0.0008515249540955888,-0.0487887860197484,-191.49854906960843,-191.49854906960843,-191.49854906960843
451,frame_000451.png,452,1.808,111.80185737456962,-200.2228969327712,0.0004735763865701323,0.027133928227524542,-0.0008454777393175528,-0.0484423061351578,-190.13177603092117,-190.13177603092117,-190.13177603092117
452,frame_000452.png,453,1.812,111.0038873471997,-198.79386364224467,0.00047019960279606944,0.02694045276894248,-0.0008394726307519342,-0.04809823875882999,-188.7747571635325,-188.7747571635325,-188.7747571635325
453,frame_000453.png,454,1.816,110.2116126034387,-197.3750285683968,0.00046684680490609683,0.02674835160028668,-0.000833509364214426,-0.04775656875411918,-187.42742288639352,-187.42742288639352,-187.42742288639352
454,frame_000454.png,455,1.82,109.42499249912781,-195.96631897318773,0.00046351782570827583,0.026557615142164693,-0.0008275876761629081,-0.04741728102117416,-186.0897041136535,-186.0897041136535,-186.0897041136535
455,frame_000455.png,456,1.824,108.6439866800029,-194.56766263584748,0.00046021249906598796,0.02636823387564945,-0.0008217073037350715,-0.04708036049909402,-184.76153225117724,-184.76153225117724,-184.76153225117724
456,frame_000456.png,457,1.828,107.86855507963276,-193.17898784925455,0.00045693065989512593,0.026180198342118342,-0.0008158679847843422,-0.04674579216798648,-183.44283919308776,-183.44283919308776,-183.44283919308776
457,frame_000457.png,458,1.832,107.09865791737192,-191.8002234163376,0.0004536721441611441,0.02599349914308421,-0.0008100694579141845,-0.046413561050933236,-182.13355731833047,-182.13355731833047,-182.13355731833047
458,frame_000458.png,459,1.836,106.33425569632776,-190.43129864650032,0.0004504367888759749,0.025808126940018668,-0.0008043114625108272,-0.046083652215865134,-180.83361948726065,-180.83361948726065,-180.83361948726065
459,frame_000459.png,460,1.84,105.57530920134182,-189.0721433520696,0.0004472244320948178,0.02562407245416814,-0.0007985937387744819,-0.04575605077735078,-179.542959038253,-179.542959038253,-179.542959038253
460,frame_000460.png,461,1.844,104.8217794969854,-187.72268784476626,0.000444034912912806,0.025441326466362844,-0.0007929160277490958,-0.045430741898301256,-178.261509784334,-178.261509784334,-178.261509784334
461,frame_000461.png,462,1.848,104.07362792556904,-186.3828629321992,0.00044086807146155767,0.02525987981681923,-0.0007872780713506899,-0.04510771079159382,-176.98920600983706,-176.98920600983706,-176.98920600983706
462,frame_000462.png,463,1.852,103.3308161051662,-185.05259991438209,0.000437723748905616,0.025079723404935986,-0.0007816796123943513,-0.04478694272161841,-175.72598246707832,-175.72598246707832,-175.72598246707832
463,frame_000463.png,464,1.856,102.5933059276507,-183.73183058027297,0.00043460178743878454,0.02490084818908407,-0.0007761203946198884,-0.04446842300574757,-174.47177437305777,-174.47177437305777,-174.47177437305777
464,frame_000464.png,465,1.86,101.86105955674789,-182.42048720433635,0.00043150203028036264,0.02472324518639103,-0.0007706001627162469,-0.04415213701573544,-173.2265174061787,-173.2265174061787,-173.2265174061787
465,frame_000465.png,466,1.864,101.13403942609968,-181.1185025431282,0.0004284243216712852,0.024546905472519812,-0.0007651186623447003,-0.04383807017904643,-171.9901477029913,-171.9901477029913,-171.9901477029913
466,frame_000466.png,467,1.868,100.4122082373431,-179.82580983190317,0.00042536850687017276,0.02437182018144246,-0.0007596756401608423,-0.04352620798011529,-170.76260185495914,-170.76260185495914,-170.76260185495914
467,frame_000467.png,468,1.872,99.69552895820235,-178.54234278124446,0.0004223344321492956,0.024197980505208865,-0.0007542708438354763,-0.043216535961544005,-169.5438169052444,-169.5438169052444,-169.5438169052444
468,frame_000468.png,469,1.8760000000000001,98.98396482059441,-177.26803557371576,0.00041932194479045687,0.024025377693710895,-0.0007489040220743856,-0.042909039725234535,-168.33373034551755,-168.33373034551755,-168.33373034551755
469,frame_000469.png,470,1.8800000000000001,98.27747931874785,-176.00282286053567,0.00041633089308079884,0.023854003054442102,-0.0007435749246370678,-0.04260370493346224,-167.13228011278693,-167.13228011278693,-167.13228011278693
470,frame_000470.png,471,1.8840000000000001,97.57603620733501,-174.74663975827414,0.000413361126308536,0.023683847952253253,-0.000738283302354439,-0.04230051730989023,-165.9394045862507,-165.9394045862507,-165.9394045862507
471,frame_000471.png,472,1.8880000000000001,96.87959949961723,-173.4994218455708,0.0004104124947586201,0.023514903809103954,-0.0007330289071455693,-0.041999462640528236,-164.7550425841697,-164.7550425841697,-164.7550425841697
472,frame_000472.png,473,1.8920000000000001,96.18813346560331,-172.26110515987557,0.0004074848497083395,0.023347162103810506,-0.0007278114920334683,-0.04170052677463707,-163.5791333607615,-163.5791333607615,-163.5791333607615
473,frame_000473.png,474,1.8960000000000001,95.5016026302209,-171.03162619421084,0.00040457804342285787,0.02318061437179031,-0.0007226308111599571,-0.04140369562558073,-162.41161660311627,-162.41161660311627,-162.41161660311627
474,frame_000474.png,475,1.9000000000000001,94.8199717715007,-169.81092189395534,0.00040169192915069505,0.02301525220480291,-0.0007174866197996806,-0.04110895517162923,-161.25243242813212,-161.25243242813212,-161.25243242813212
475,frame_000475.png,476,1.9040000000000001,94.14320591877365,-168.59892965364986,0.00039882636111915364,0.022851067250687977,-0.0007123786743732543,-0.040816291456711846,-160.1015213794734,-160.1015213794734,-160.1015213794734
476,frame_000476.png,477,1.9080000000000001,93.47127035088069,-167.39558731382436,0.0003959811945296949,0.02268805121310036,-0.0007073067324596112,-0.04052569059112459,-158.95882442454814,-158.95882442454814,-158.95882442454814
477,frame_000477.png,478,1.9120000000000001,92.80413059439532,-166.2008331578465,0.0003931562855532669,0.022526195851242412,-0.0007022705528075632,-0.04023713875219258,-157.8242829515067,-157.8242829515067,-157.8242829515067
478,frame_000478.png,479,1.9160000000000001,92.14175242185861,-165.01460590879142,0.00039035149132558774,0.02236549297959374,-0.0006972698953466015,-0.039950622184888866,-156.69783876626138,-156.69783876626138,-156.69783876626138
479,frame_000479.png,480,1.92,91.48410185002676,-163.83684472633297,0.0003875666699423876,0.022205934467638588,-0.0006923045211969818,-0.0396661272024123,-155.57943408952582,-155.57943408952582,-155.57943408952582
480,frame_000480.png,481,1.924,90.83114513813095,-162.66748920365566,0.0003848016804546117,0.02204751223959099,-0.000687374192679102,-0.03938364018672479,-154.46901155387502,-154.46901155387502,-154.46901155387502
481,frame_000481.png,482,1.928,90.18284878614962,-161.50647936438793,0.00038205638286358727,0.02189021827411786,-0.0006824786733222008,-0.03910314758904975,-153.36651420082615,-153.36651420082615,-153.36651420082615
482,frame_000482.png,483,1.932,89.5391795330929,-160.35375565955604,0.00037933063811615707,0.021734044604060157,-0.0006776177278724252,-0.03882463593033429,-152.27188547793781,-152.27188547793781,-152.27188547793781
483,frame_000483.png,484,1.936,88.90010435529926,-159.209258964559,0.00037662430809978217,0.021578983316152305,-0.000672791122300257,-0.038548091801674726,-151.18506923593162,-151.18506923593162,-151.18506923593162
484,frame_000484.png,485,1.94,88.26559046474408,-158.07293057616377,0.00037393725563761597,0.021425026550739943,-0.0006679986238073495,-0.03827350186470832,-150.1060097258312,-150.1060097258312,-150.1060097258312
485,frame_000485.png,486,1.944,87.63560530736032,-156.94471220952138,0.00037126934448355266,0.02127216650149624,-0.0006632400008327812,-0.038000852851971564,-149.034651596123,-149.034651596123,-149.034651596123
486,frame_000486.png,487,1.948,87.01011656137104,-155.8245459952032,0.00036862043931725147,0.021120395415136783,-0.0006585150230587538,-0.03773013156722668,-147.97093988993566,-147.97093988993566,-147.97093988993566
487,frame_000487.png,488,1.952,86.38909213563372,-154.7123744762577,0.0003659904057391394,0.02096970559113327,-0.0006538234614157598,-0.03746132488575766,-146.91482004223866,-146.91482004223866,-146.91482004223866
488,frame_000488.png,489,1.956,85.77250016799636,-153.60814060528733,0.0003633791102653945,0.020820089381426075,-0.0006491650880872304,-0.037194419754636616,-145.86623787706145,-145.86623787706145,-145.86623787706145
489,frame_000489.png,490,1.96,85.16030902366518,-152.5117877415454,0.0003607864203229117,0.02067153919013579,-0.0006445396765136927,-0.03692940319296194,-144.82513960473085,-144.82513960473085,-144.82513960473085
490,frame_000490.png,491,1.964,84.55248729358391,-151.4232596480531,0.00035821220424425265,0.02052404747327391,-0.0006399470013964499,-0.03666626229206918,-143.791471819128,-143.791471819128,-143.791471819128
491,frame_000491.png,492,1.968,83.94900379282456,-150.34250048873628,0.00035565633126258256,0.020377606738452698,-0.0006353868387008058,-0.03640498421571577,-142.76518149496457,-142.76518149496457,-142.76518149496457
492,frame_000492.png,493,1.972,83.34982755898962,-149.26945482558202,0.0003531186715065945,0.020232209544594384,-0.0006308589656588461,-0.03614555620024042,-141.74621598507753,-141.74621598507753,-141.74621598507753
493,frame_000493.png,494,1.976,82.75492785062563,-148.20406761581467,0.00035059909599542384,0.020087848501639787,-0.0006263631607718078,-0.03588796555469883,-140.73452301774284,-140.73452301774284,-140.73452301774284
494,frame_000494.png,495,1.98,82.16427414564792,-147.14628420909168,0.000348097476633554,0.019944516270256434,-0.0006218992038120254,-0.03563219966097525,-139.73005069400836,-139.73005069400836,-139.73005069400836
495,frame_000495.png,496,1.984,81.57783613977657,-146.09605034471855,0.0003456136862057153,0.019802205561546285,-0.0006174668758245085,-0.03537824597387282,-138.73274748504411,-138.73274748504411,-138.73274748504411
496,frame_000496.png,497,1.988,80.99558374498346,-145.0533121488832,0.0003431475983717784,0.019660909136753144,-0.0006130659591281301,-0.03512609202118168,-137.7425622295126,-137.7425622295126,-137.7425622295126
497,frame_000497.png,498,1.992,80.41748708795043,-144.01801613190952,0.0003406990876616441,0.019520619806969865,-0.0006086962373164631,-0.0348757254037269,-136.75944413095607,-136.75944413095607,-136.75944413095607
498,frame_000498.png,499,1.996,79.84351650853823,-142.99010918552983,0.00033826802947012954,0.019381330432845376,-0.0006043574952582706,-0.034627133795396565,-135.78334275520297,-135.78334275520297,-135.78334275520297
499,frame_000499.png,500,2.0,79.27364255826646,-141.9695385801765,0.00033585430005185474,0.019243033924291664,-0.0006000495190976638,-0.03438030494315083,-134.81420802779218,-134.81420802779218,-134.81420802779218
500,frame_000500.png,501,2.004,78.70783599880427,-140.95625196229219,0.0003334577765161277,0.019105723240190733,-0.0005957720962539471,-0.03413522666701301,-133.8519902314149,-133.8519902314149,-133.8519902314149
501,frame_000501.png,502,2.008,78.14606780047177,-139.95019735165883,0.0003310783368218322,0.018969391388101702,-0.0005915250154211532,-0.03389188686004301,-132.8966400033754,-132.8966400033754,-132.8966400033754
502,frame_000502.png,503,2.012,77.5883091407521,-138.9513231387453,0.0003287158597723169,0.018834031423967956,-0.0005873080665672905,-0.03365027348829415,-131.94810833306838,-131.94810833306838,-131.94810833306838
503,frame_000503.png,504,2.016,77.03453140281404,-137.95957808207345,0.00032637022501028903,0.018699636451824587,-0.0005831210409333076,-0.03341037459075384,-131.00634655947493,-131.00634655947493,-131.00634655947493
504,frame_000504.png,505,2.02,76.4847061740452,-136.97491130560257,0.00032404131301271244,0.018566199623506065,-0.0005789637310317961,-0.03317217827926929,-130.07130636867544,-130.07130636867544,-130.07130636867544
505,frame_000505.png,506,2.024,75.93880524459557,-135.99727229613205,0.0003217290050857115,0.01843371413835427,-0.0005748359306454271,-0.03293567273845788,-129.14293979138046,-129.14293979138046,-129.14293979138046
506,frame_000506.png,507,2.028,75.39680060593136,-135.02661090072212,0.0003194331833594817,0.01830217324292686,-0.0005707374348251513,-0.03270084622560406,-128.2211992004781,-128.2211992004781,-128.2211992004781
507,frame_000507.png,508,2.032,74.85866444939927,-134.0628773241328,0.00031715373078320855,0.018171570230706188,-0.0005666680398881568,-0.03246768707054237,-127.30603730859985,-127.30603730859985,-127.30603730859985
508,frame_000508.png,509,2.036,74.3243691648009,-133.1060221262806,0.00031489053111999425,0.018041898441808576,-0.0005626275434156022,-0.0322361836755275,-126.39740716570242,-126.39740716570242,-126.39740716570242
509,frame_000509.png,510,2.04,73.7938873389772,-132.1559962197129,0.0003126434689417949,0.01791315126269428,-0.0005586157442501421,-0.03200632451509253,-125.49526215666668,-125.49526215666668,-125.49526215666668
510,frame_000510.png,511,2.044,73.26719175440316,-131.21275086710028,0.0003104124296243676,0.01778532212587795,-0.0005546324424932324,-0.03177809813589455,-124.5995559989147,-124.5995559989147,-124.5995559989147
511,frame_000511.png,512,2.048,72.74425538779238,-130.2762376787462,0.0003081972993422289,0.01765840450963978,-0.0005506774395022513,-0.03155149315654972,-123.7102427400414,-123.7102427400414,-123.7102427400414
512,frame_000512.png,513,2.052,72.22505140871156,-129.34640861011425,0.00030599796506362533,0.017532391937737344,-0.0005467505378874259,-0.03132649826745712,-122.8272767554651,-122.8272767554651,-122.8272767554651
513,frame_000513.png,514,2.056,71.70955317820494,-128.42321595937256,0.00030381431454551633,0.017407277979118143,-0.0005428515415085797,-0.031103102230612443,-121.95061274609299,-121.95061274609299,-121.95061274609299
514,frame_000514.png,515,2.06,71.19773424742841,-127.50661236495574,0.0003016462363285712,0.01728305624763294,-0.0005389802554717086,-0.030881293879411797,-121.0802057360039,-121.0802057360039,-121.0802057360039
515,frame_000515.png,516,2.064,70.68956835629345,-126.59655080314361,0.00029949361973217976,0.017159720401749894,-0.00053513648612539,-0.030661062118445985,-120.21601107014732,-120.21601107014732,-120.21601107014732
516,frame_000516.png,517,2.068,70.18502943212061,-125.69298458565711,0.0002973563548494776,0.017037264144269534,-0.0005313200410570435,-0.03044239592328621,-119.35798441205793,-119.35798441205793,-119.35798441205793
517,frame_000517.png,518,2.072,69.68409158830269,-124.79586735727106,0.00029523433254238714,0.016915681222040638,-0.0005275307290890337,-0.03022528434026084,-118.50608174158725,-118.50608174158725,-118.50608174158725
518,frame_000518.png,519,2.076,69.18672912297727,-123.90515309344372,0.0002931274444366746,0.016794965425676996,-0.000523768360274638,-0.030009716486224327,-117.66025935265057,-117.66025935265057,-117.66025935265057
519,frame_000519.png,520,2.08,68.69291651770888,-123.02079609796293,0.00029103558291702274,0.01667511058927512,-0.0005200327458938735,-0.029795681548318142,-116.82047385099031,-116.82047385099031,-116.82047385099031
520,frame_000520.png,521,2.084,68.20262843618045,-122.142751000609,0.0002889586411221217,0.01655611059013297,-0.0005163236984491958,-0.02958316878372433,-115.98668215195471,-115.98668215195471,-115.98668215195471
521,frame_000521.png,522,2.088,67.71583972289402,-121.27097275483382,0.0002868965129397767,0.016437959348469616,-0.0005126410316610842,-0.029372167519412535,-115.15884147829212,-115.15884147829212,-115.15884147829212
522,frame_000522.png,523,2.092,67.23252540188085,-120.40541663545649,0.00028484909300203364,0.016320650827146,-0.000508984560463498,-0.029162667151879696,-114.33690935796173,-114.33690935796173,-114.33690935796173
523,frame_000523.png,524,2.096,66.75266067542057,-119.54603823637507,0.0002828162766803235,0.0162041790313867,-0.0005053541009992287,-0.028954657146883743,-113.52084362195882,-113.52084362195882,-113.52084362195882
524,frame_000524.png,525,2.1,66.27622092276954,-118.69279346829454,0.00028079796008062557,0.016088538008502816,-0.0005017494706151503,-0.02874812703917143,-112.71060240215564,-112.71060240215564,-112.71060240215564
525,frame_000525.png,526,2.104,65.80318169889819,-117.84563855647073,0.00027879404003865004,0.01597372184761594,-0.000498170487857365,-0.02854306643220024,-111.9061441291579,-111.9061441291579,-111.9061441291579
526,frame_000526.png,527,2.108,65.33351873323747,-117.00453003847015,0.00027680441411503975,0.01585972467938325,-0.0004946169724662584,-0.02833946499785505,-111.10742753017604,-111.10742753017604,-111.10742753017604
527,frame_000527.png,528,2.112,64.86720792843408,-116.16942476194566,0.0002748289805905927,0.01574654067572378,-0.0004910887453714612,-0.028137312476159464,-110.31441162691198,-110.31441162691198,-110.31441162691198
528,frame_000528.png,529,2.116,64.4042253591147,-115.34027988242784,0.0002728676384615043,0.01563416404954581,-0.0004875856286867357,-0.027936598674982837,-109.52705573345978,-109.52705573345978,-109.52705573345978
529,frame_000529.png,530,2.12,63.94454727065894,-114.51705286113192,0.000270920287434631,0.015522589054475506,-0.00048410744570477116,-0.02773731346974204,-108.74531945422302,-108.74531945422302,-108.74531945422302
530,frame_000530.png,531,2.124,63.48815007798101,-113.69970146278023,0.00026898682792277437,0.015411809984586695,-0.000480654020891915,-0.027539446803099627,-107.96916268184486,-107.96916268184486,-107.96916268184486
531,frame_000531.png,532,2.128,63.035010364320186,-112.88818375343999,0.00026706716103998664,0.015301821174131924,-0.00047722517988282734,-0.027342988684657524,-107.1985455951542,-107.1985455951542,-107.1985455951542
532,frame_000532.png,533,2.132,62.58510488003978,-112.08245809837649,0.00026516118859689795,0.015192616997274703,-0.0004738207494750686,-0.027147929190646947,-106.43342865712606,-106.43342865712606,-106.43342865712606
533,frame_000533.png,534,2.136,62.1384105414347,-111.28248315992127,0.0002632688130960654,0.015084191867823043,-0.0004704405576236321,-0.026954258463615124,-105.67377261285563,-105.67377261285563,-105.67377261285563
534,frame_000534.png,535,2.14,61.69490442954754,-110.48821789535555,0.0002613899377273441,0.014976540238964227,-0.00046708443343541016,-0.02676196671210824,-104.91953848754798,-104.91953848754798,-104.91953848754798
535,frame_000535.png,536,2.144,61.254563788993046,-109.6996215548085,0.00025952446636328075,0.014869656603000884,-0.00046375220716360637,-0.026571044210351266,-104.17068758452109,-104.17068758452109,-104.17068758452109
536,frame_000536.png,537,2.148,60.817366026791014,-108.9166536791705,0.00025767230355452914,0.01476353549108832,-0.0004604437102021044,-0.02638148129792535,-103.4271814832232,-103.4271814832232,-103.4271814832232
537,frame_000537.png,538,2.152,60.38328871120747,-108.13927409802099,0.00025583335452528935,0.0146581714729732,-0.00045715877507978273,-0.026193268379442025,-102.68898203726434,-102.68898203726434,-102.68898203726434
538,frame_000538.png,539,2.156,59.95230957060413,-107.36744292757125,0.0002540075251687688,0.014553559156733486,-0.00045389723545478434,-0.026006395924214935,-101.95605137246204,-101.95605137246204,-101.95605137246204
539,frame_000539.png,540,2.16,59.52440649229603,-106.60112056862147,0.00025219472204266727,0.014449693188519746,-0.0004506589261087494,-0.025820854465929365,-101.2283518849004,-101.2283518849004,-101.2283518849004
540,frame_000540.png,541,2.164,59.099557521417346,-105.84026770453251,0.0002503948523646842,0.014346568252297744,-0.00044744368294100806,-0.025636634602309513,-100.50584623900335,-100.50584623900335,-100.50584623900335
541,frame_000541.png,542,2.168,58.67774085979524,-105.08484529921186,0.00024860782400805035,0.014244179069592426,-0.00044425134296274035,-0.025453726994783887,-99.7884973656212,-99.7884973656212,-99.7884973656212
542,frame_000542.png,543,2.172,58.25893486483178,-104.33481459511403,0.0002468335454970823,0.014142520399233202,-0.0004410817442911002,-0.025272122368148634,-99.07626846013136,-99.07626846013136,-99.07626846013136
543,frame_000543.png,544,2.176,57.8431180483938,-103.5901371112549,0.0002450719260027607,0.014041587037100605,-0.0004379347261433135,-0.02509181151022938,-98.36912298055194,-98.36912298055194,-98.36912298055194
544,frame_000544.png,545,2.18,57.43026907571069,-102.85077464124046,0.00024332287533833244,0.013941373815874313,-0.00043481012883074934,-0.024912785271541532,-97.66702464566893,-97.66702464566893,-97.66702464566893
545,frame_000545.png,546,2.184,57.02036676428005,-102.11668925130917,0.00024158630395493648,0.01384187560478253,-0.000431707793752963,-0.024735034564948986,-96.96993743317711,-96.96993743317711,-96.96993743317711
546,frame_000546.png,547,2.188,56.613390082781095,-101.38784327838844,0.00023986212293725364,0.01374308730935273,-0.0004286275633917276,-0.02455855036532214,-96.27782557783308,-96.27782557783308,-96.27782557783308
547,frame_000547.png,548,2.192,56.209318149995894,-100.66419932816488,0.00023815024399918033,0.013645003871163793,-0.00042556928130503134,-0.024383323709193983,-95.59065356962307,-95.59065356962307,-95.59065356962307
548,frame_000548.png,549,2.196,55.80813023373822,-99.94572027316809,0.00023645057947952665,0.013547620267599507,-0.00042253279212107185,-0.02420934569441598,-94.90838615194195,-94.90838615194195,-94.90838615194195
549,frame_000549.png,550,2.2,55.409805749790074,-99.23236925086825,0.00023476304233773827,0.013450931511603462,-0.0004195179415322284,-0.02403660747981272,-94.23098831978649,-94.23098831978649,-94.23098831978649
550,frame_000550.png,551,2.204,55.0143242608458,-98.52410966178704,0.00023308754614964261,0.013354932651435324,-0.0004165245762890208,-0.023865100284835773,-93.55842531796111,-93.55842531796111,-93.55842531796111
551,frame_000551.png,552,2.208,54.621665475463665,-97.82090516762207,0.0002314240051032195,0.013259618770428503,-0.0004135525441940626,-0.023694815389217246,-92.8906626392959,-92.8906626392959,-92.8906626392959
552,frame_000552.png,553,2.212,54.231809247025026,-97.1227196893846,0.00022977233399439583,0.013164984986749213,-0.0004106016940960016,-0.023525744132622584,-92.22766602287794,-92.22766602287794,-92.22766602287794
553,frame_000553.png,554,2.216,53.84473557270082,-96.42951740555044,0.00022813244822286454,0.013071026453156916,-0.000407671875883452,-0.023357877914302928,-91.5694014522951,-91.5694014522951,-91.5694014522951
554,frame_000554.png,555,2.22,53.46042459242546,-95.74126275022405,0.00022650426378792812,0.012977738356766166,-0.0004047629404789301,-0.023191208192747642,-90.9158351538916,-90.9158351538916,-90.9158351538916
555,frame_000555.png,556,2.224,53.07885658787806,-95.05792041131568,0.00022488769728436635,0.012885115918809857,-0.0004018747398327714,-0.023025726485335792,-90.26693359503747,-90.26693359503747,-90.26693359503747
556,frame_000556.png,557,2.228,52.700011981470894,-94.37945532873135,0.0002232826658983284,0.01279315439440385,-0.0003990071269170611,-0.022861424367988388,-89.62266348240848,-89.62266348240848,-89.62266348240848
557,frame_000557.png,558,2.232,52.32387133534511,-93.70583269257587,0.00022168908740324936,0.012701849072313011,-0.0003961599557195563,-0.022698293474820157,-88.9829917602797,-88.9829917602797,-88.9829917602797
558,frame_000558.png,559,2.236,51.95041535037357,-93.03701794136845,0.00022010688015579107,0.01261119527471864,-0.0003933330812376113,-0.022536325497791474,-88.3478856088307,-88.3478856088307,-88.3478856088307
559,frame_000559.png,560,2.24,51.5796248651708,-92.37297676027107,0.00021853596309180724,0.012521188356987284,-0.0003905263594721027,-0.022375512186360323,-87.71731244246277,-87.71731244246277,-87.71731244246277
560,frame_000560.png,561,2.244,51.21148085511004,-91.7136750793295,0.0002169762557223331,0.012431823707440965,-0.0003877396474213639,-0.022215845347134746,-87.09123990812813,-87.09123990812813,-87.09123990812813
561,frame_000561.png,562,2.248,50.84596443134728,-91.05907907172677,0.00021542767812959934,0.01234309674712879,-0.0003849728030751211,-0.0220573168435254,-86.46963588367106,-86.46963588367106,-86.46963588367106
562,frame_000562.png,563,2.2520000000000002,50.48305683985222,-90.40915515204895,0.00021389015096307003,0.012255002929599954,-0.00038222568540843913,-0.021899918595398696,-85.85246847618089,-85.85246847618089,-85.85246847618089
563,frame_000563.png,564,2.2560000000000002,50.122739460446226,-89.76386997456348,0.00021236359543550532,0.012167537740678129,-0.0003794981543756705,-0.021743642578730092,-85.23970602035666,-85.23970602035666,-85.23970602035666
564,frame_000564.png,565,2.2600000000000002,49.76499380584708,-89.12319043150958,0.00021084793331904798,0.012080696698237256,-0.00037679007090441613,-0.02158848082525808,-84.63131707688356,-84.63131707688356,-84.63131707688356
565,frame_000565.png,566,2.2640000000000002,49.409801520720535,-88.4870836514009,0.0002093430869413343,0.011994475351978713,-0.00037410129688949774,-0.021434425422138813,-84.02727043082047,-84.02727043082047,-84.02727043082047
566,frame_000566.png,567,2.2680000000000002,49.05714438073871,-87.85551699734013,0.00020784897918162918,0.011908869283209863,-0.0003714316951869399,-0.021281468511601308,-83.42753508999951,-83.42753508999951,-83.42753508999951
567,frame_000567.png,568,2.2720000000000002,48.707004291645134,-87.22845806534578,0.00020636553346698513,0.011823874104623992,-0.00036878112960796335,-0.021129602290603303,-82.83208028343682,-82.83208028343682,-82.83208028343682
568,frame_000568.png,569,2.2760000000000002,48.35936328832646,-86.60587468269068,0.0002048926737684255,0.011739485460081613,-0.00036614946491299294,-0.020978819010487915,-82.24087545975445,-82.24087545975445,-82.24087545975445
569,frame_000569.png,570,2.2800000000000002,48.01420353389086,-85.98773490625246,0.00020343032459715172,0.011655699024393174,-0.00036353656680567924,-0.02082911097664112,-81.65389028561373,-81.65389028561373,-81.65389028561373
570,frame_000570.png,571,2.2840000000000003,47.671507318752916,-85.37400702087561,0.0002019784110007744,0.011572510503103092,-0.0003609423019269348,-0.020680470548150046,-81.07109464415976,-81.07109464415976,-81.07109464415976
571,frame_000571.png,572,2.2880000000000003,47.331257059725104,-84.76465953774536,0.0002005368585595683,0.0114899156322752,-0.0003583665378489873,-0.020532890137462248,-80.49245863347679,-80.49245863347679,-80.49245863347679
572,frame_000572.png,573,2.2920000000000003,46.99343529911571,-84.159661192773,0.00019910559338275112,0.01140791017827953,-0.00035580914306944746,-0.020386362210045826,-79.91795256505489,-79.91795256505489,-79.91795256505489
573,frame_000573.png,574,2.2960000000000003,46.658024703833235,-83.55898094499275,0.0001976845421047862,0.011326489937580468,-0.0003532699870053982,-0.020240879284050755,-79.34754696226716,-79.34754696226716,-79.34754696226716
574,frame_000574.png,575,2.3000000000000003,46.32500806449712,-82.96258797497005,0.0001962736318817085,0.011245650736526256,-0.00035074893998749725,-0.020096433929970986,-78.78121255885833,-78.78121255885833,-78.78121255885833
575,frame_000575.png,576,2.3040000000000003,45.99436829455488,-82.37045168322118,0.00019487279038747472,0.01116538843113986,-0.00034824587325410017,-0.019953018770307737,-78.21892029744362,-78.21892029744362,-78.21892029744362
576,frame_000576.png,577,2.308,45.66608842940549,-81.78254168864405,0.00019348194581033642,0.011085698906911178,-0.0003457606589454057,-0.01981062647923402,-77.66064132801839,-77.66064132801839,-77.66064132801839
577,frame_000577.png,578,2.312,45.34015162552906,-81.19882782696033,0.00019210102684923694,0.011006578078590587,-0.0003432931700976189,-0.019669249782260236,-77.1063470064787,-77.1063470064787,-77.1063470064787
578,frame_000578.png,579,2.316,45.0165411596227,-80.61928014916847,0.0001907299627102315,0.010928021889983836,-0.00034084328063713285,-0.019528881455900805,-76.55600889315218,-76.55600889315218,-76.55600889315218
579,frame_000579.png,580,2.32,44.695240427742526,-80.04386892000797,0.00018936868310293056,0.010850026313748267,-0.0003384108653747388,-0.01938951432734242,-76.00959875133913,-76.00959875133913,-76.00959875133913
580,frame_000580.png,581,2.324,44.37623294445186,-79.47256461643428,0.0001880171182369667,0.010772587351190374,-0.00033599579999984844,-0.019251141274113023,-75.46708854586481,-75.46708854586481,-75.46708854586481
581,frame_000581.png,582,2.328,44.05950234197541,-78.90533792610493,0.00018667519881848386,0.010695701032064657,-0.00033359796107474684,-0.019113755223752513,-74.92845044164093,-74.92845044164093,-74.92845044164093
582,frame_000582.png,583,2.332,43.74503236935959,-78.3421597458761,0.00018534285604665057,0.010619363414373847,-0.000331217226028864,-0.018977349153484542,-74.3936568022385,-74.3936568022385,-74.3936568022385
583,frame_000583.png,584,2.336,43.432806891638734,-77.7830011803101,0.00018402002161019518,0.010543570584170388,-0.0003288534731530736,-0.018841916089889842,-73.86268018846977,-73.86268018846977,-73.86268018846977
584,frame_000584.png,585,2.34,43.122809889007314,-77.22783354019343,0.00018270662768396452,0.010468318655359254,-0.00032650658159401,-0.01870744910858062,-73.33549335698135,-73.33549335698135,-73.33549335698135
585,frame_000585.png,586,2.344,42.81502545599805,-76.67662834106545,0.000181402606925505,0.010393603769502074,-0.00032417643134841296,-0.018573941333876538,-72.81206925885667,-72.81206925885667,-72.81206925885667
586,frame_000586.png,587,2.348,42.50943780066589,-76.1293573017574,0.0001801078924716664,0.010319422095622538,-0.0003218629032574977,-0.018441385938482133,-72.29238103822846,-72.29238103822846,-72.29238103822846
587,frame_000587.png,588,2.352,42.20603124377782,-75.58599234294194,0.00017882241793522826,0.010245769830013097,-0.0003195658790013469,-0.018309776143165517,-71.77640203090135,-71.77640203090135,-71.77640203090135
588,frame_000588.png,589,2.356,41.90479021800842,-75.04650558569297,0.00017754611740154855,0.010172643196042955,-0.0003172852410933322,-0.01817910521643873,-71.26410576298414,-71.26410576298414,-71.26410576298414
589,frame_000589.png,590,2.36,41.605699267141176,-74.5108693500558,0.00017627892542523472,0.01010003844396733,-0.00031502087287455763,-0.01804936647423939,-70.75546594953173,-70.75546594953173,-70.75546594953173
590,frame_000590.png,591,2.364,41.308743045275534,-73.97905615362738,0.00017502077702683704,0.010027951850738,-0.0003127726585083299,-0.017920553279613862,-70.25045649319716,-70.25045649319716,-70.25045649319716
591,frame_000591.png,592,2.368,41.01390631603954,-73.45103871014673,0.000173771607689564,0.0099563797198151,-0.00031054048297465614,-0.017792659042401994,-69.74905148289264,-69.74905148289264,-69.74905148289264
592,frame_000592.png,593,2.372,40.721173951808154,-72.92678992809539,0.00017253135335601973,0.009885318380980203,-0.0003083242320647691,-0.017665677218923436,-69.25122519246048,-69.25122519246048,-69.25122519246048
593,frame_000593.png,594,2.376,40.43053093292711,-72.40628290930786,0.00017129995042496318,0.009814764190150623,-0.00030612379237567413,-0.017539601311665216,-68.75695207935368,-68.75695207935368,-68.75695207935368
594,frame_000594.png,595,2.38,40.14196234694233,-71.88949094759194,0.00017007733574808938,0.009744713529195004,-0.0003039390513047294,-0.01741442486897119,-68.26620678332543,-68.26620678332543,-68.26620678332543
595,frame_000595.png,596,2.384,39.85545338783482,-71.37638752735886,0.00016886344662683212,0.009675162805750117,-0.00030176989704424923,-0.017290141484732856,-67.77896412512837,-67.77896412512837,-67.77896412512837
596,frame_000596.png,597,2.388,39.57098935526106,-70.86694632226327,0.00016765822080918834,0.009606108453038926,-0.0002996162185761374,-0.01716674479808185,-67.29519910522288,-67.29519910522288,-67.29519910522288
597,frame_000597.png,598,2.392,39.28855565379877,-70.36114119385282,0.0001664615964865639,0.009537546929689845,-0.00029747790566654446,-0.017044228493083832,-66.81488690249486,-66.81488690249486,-66.81488690249486
598,frame_000598.png,599,2.396,39.00813779219808,-69.8589461902274,0.00016527351229064089,0.009469474719557261,-0.0002953548488605582,-0.016922586298434295,-66.33800287298214,-66.33800287298214,-66.33800287298214
599,frame_000599.png,600,2.4,38.72972138263805,-69.36033554470798,0.00016409390729026584,0.009401888331543243,-0.0002932469394769185,-0.016801811987155718,-65.86452254861058,-65.86452254861058,-65.86452254861058
600,frame_000600.png,601,2.404,38.4532921399885,-68.86528367451493,0.00016292272098835937,0.009334784299420468,-0.0002911540696027583,-0.016681899376296265,-65.39442163593893,-65.39442163593893,-65.39442163593893
601,frame_000601.png,602,2.408,38.17883588107707,-68.37376517945567,0.00016175989331884675,0.009268159181656362,-0.0002890761320883783,-0.016562842326630384,-64.92767601491235,-64.92767601491235,-64.92767601491235
602,frame_000602.png,603,2.412,37.90633852396155,-67.8857548406218,0.00016060536464360933,0.009202009561238428,-0.0002870130205420478,-0.01644463474236094,-64.46426173762521,-64.46426173762521,-64.46426173762521
603,frame_000603.png,604,2.416,37.635786087207386,-67.40122761909545,0.0001594590757494568,0.009136332045500769,-0.00028496462932482973,-0.01632727057082268,-64.00415502709276,-64.00415502709276,-64.00415502709276
604,frame_000604.png,605,2.42,37.367164689170345,-66.92015865466487,0.00015832096784511998,0.00907112326595179,-0.0002829308535454416,-0.01621074380218781,-63.547332276031085,-63.547332276031085,-63.547332276031085
605,frame_000605.png,606,2.424,37.100460547284285,-66.4425232645492,0.00015719098255826455,0.009006379878103094,-0.0002809115890551407,-0.01609504846917293,-63.09377004564621,-63.09377004564621,-63.09377004564621
606,frame_000606.png,607,2.428,36.83565997735405,-65.96829694213224,0.00015606906193252465,0.008942098561299522,-0.00027890673244263735,-0.015980178646747594,-62.643445064431745,-62.643445064431745,-62.643445064431745
607,frame_000607.png,608,2.432,36.572749392853346,-65.49745535570541,0.00015495514842455736,0.008878276018550384,-0.0002769161810290383,-0.01586612845184457,-62.196334226975054,-62.196334226975054,-62.196334226975054
608,frame_000608.png,609,2.436,36.31171530422768,-65.02997434721952,0.00015384918490111705,0.008814908976361837,-0.00027493983286282155,-0.01575289204307193,-61.75241459277167,-61.75241459277167,-61.75241459277167
609,frame_000609.png,610,2.44,36.052544318202266,-64.56582993104551,0.0001527511146361499,0.008751994184570407,-0.00027297758671483545,-0.015640463620426523,-61.311663385048774,-61.311663385048774,-61.311663385048774
610,frame_000610.png,611,2.444,35.79522313709484,-64.10499829274407,0.0001516608813079085,0.008689528416177674,-0.00027102934207332854,-0.015528837425009198,-60.87405798959661,-60.87405798959661,-60.87405798959661
611,frame_000611.png,612,2.448,35.539738558133394,-63.647455787843896,0.00015057842899608622,0.008627508467186079,-0.0002690949991390112,-0.015418007738741864,-60.43957595360817,-60.43957595360817,-60.43957595360817
612,frame_000612.png,613,2.452,35.28607747277883,-63.19317894062884,0.0001495037021789713,0.008565931156435865,-0.00026717445882014064,-0.01530796888408587,-60.008194984527705,-60.008194984527705,-60.008194984527705
613,frame_000613.png,614,2.456,35.03422686605234,-62.742144442933544,0.0001484366457306207,0.008504793325443155,-0.0002652676227276405,-0.015198715223762397,-59.57989294890665,-59.57989294890665,-59.57989294890665
614,frame_000614.png,615,2.46,34.784173815867696,-62.29432915294778,0.00014737720491805325,0.008444091838239132,-0.00026337439317024606,-0.015090241160474274,-59.15464787126842,-59.15464787126842,-59.15464787126842
615,frame_000615.png,616,2.464,34.53590549236822,-61.84971009402927,0.00014632532539846256,0.008383823581210335,-0.0002614946731496785,-0.014982541136629507,-58.73243793298107,-58.73243793298107,-58.73243793298107
616,frame_000616.png,617,2.468,34.289409157268544,-61.40826445352494,0.00014528095321644874,0.008323985462940076,-0.0002596283663558513,-0.014875609634066617,-58.31324147113759,-58.31324147113759,-58.31324147113759
617,frame_000617.png,618,2.472,34.044672163201035,-60.96996958160069,0.0001442440348012697,0.008264574414050922,-0.00025777537716209964,-0.014769441173781298,-57.89703697744508,-57.89703697744508,-57.89703697744508
618,frame_000618.png,619,2.476,33.80168195306691,-60.53480299007934,0.0001432145169641112,0.008205587387048303,-0.0002559356106204472,-0.014664030315655234,-57.48380309712074,-57.48380309712074,-57.48380309712074
619,frame_000619.png,620,2.48,33.56042605939196,-60.10274235128706,0.00014219234689537616,0.008147021356165188,-0.0002541089724568921,-0.014559371658185999,-57.073518627796844,-57.073518627796844,-57.073518627796844
620,frame_000620.png,621,2.484,33.32089210368686,-59.673765496907876,0.00014117747216199235,0.008088873317207831,-0.000252295369066731,-0.014455459838219149,-56.666162518432486,-56.666162518432486,-56.666162518432486
621,frame_000621.png,622,2.488,33.083067795812084,-59.24785041684641,0.0001401698407047392,0.008031140287402608,-0.0002504947075099058,-0.014352289530681609,-56.26171386823407,-56.26171386823407,-56.26171386823407
622,frame_000622.png,623,2.492,32.84694093334733,-58.824975258098746,0.0001391694008355929,0.007973819305243907,-0.00024870689550638076,-0.014249855448316797,-55.8601519255827,-55.8601519255827,-55.8601519255827
623,frame_000623.png,624,2.496,32.61249940096542,-58.4051183236313,0.0001381761012350903,0.007916907430343076,-0.00024693184143154796,-0.014148152341421378,-55.46145608696983,-55.46145608696983,-55.46145608696983
624,frame_000624.png,625,2.5,32.37973116981075,-57.988258071267744,0.00013718989094971073,0.007860401743278433,-0.0002451694543116642,-0.014047174997583822,-55.065605895939854,-55.065605895939854,-55.065605895939854
625,frame_000625.png,626,2.504,32.14862429688207,-57.574373112583814,0.00013621071938927645,0.00780429934544631,-0.00024341964381931452,-0.013946918241424477,-54.67258104204089,-54.67258104204089,-54.67258104204089
626,frame_000626.png,627,2.508,31.919166924419727,-57.16344221181004,0.00013523853632437096,0.007748597358913133,-0.0002416823202689032,-0.013847376934337225,-54.28236135978271,-54.28236135978271,-54.28236135978271
627,frame_000627.png,628,2.512,31.691347279297286,-56.75544428474231,0.00013427329188377552,0.007693292926268549,-0.00023995739461217373,-0.013748545974232794,-53.89492682760219,-53.89492682760219,-53.89492682760219
628,frame_000628.png,629,2.516,31.465153672417475,-56.35035839766016,0.0001333149365519234,0.007638383210479563,-0.0002382447784337595,-0.013650420295283834,-53.51025756683606,-53.51025756683606,-53.51025756683606
629,frame_000629.png,630,2.52,31.24057449811245,-55.94816376625284,0.00013236342116637207,0.007583865394745708,-0.0002365443839467599,-0.013552994867671446,-53.128333840701075,-53.128333840701075,-53.128333840701075
630,frame_000630.png,631,2.524,31.01759823354833,-55.548839754552986,0.00013141869691529295,0.007529736682355217,-0.00023485612398834702,-0.013456264697333456,-52.74913605328143,-52.74913605328143,-52.74913605328143
631,frame_000631.png,632,2.528,30.796213438133986,-55.15236587387795,0.00013048071533497876,0.007475994296542203,-0.00023317991201539736,-0.013360224825714143,-52.37264474852343,-52.37264474852343,-52.37264474852343
632,frame_000632.png,633,2.532,30.57640875293406,-54.75872178177863,0.0001295494283073683,0.00742263548034484,-0.00023151566210015526,-0.013264870329515765,-51.998840609237206,-51.998840609237206,-51.998840609237206
633,frame_000633.png,634,2.536,30.358172900086153,-54.36788728099586,0.00012862478805758854,0.007369657496464537,-0.00022986328892592221,-0.013170196320451577,-51.6277044561058,-51.6277044561058,-51.6277044561058
634,frame_000634.png,635,2.54,30.1414946822222,-53.97984231842418,0.00012770674715151413,0.007317057627126108,-0.0002282227077827746,-0.01307619794500047,-51.25921724670101,-51.25921724670101,-51.25921724670101
635,frame_000635.png,636,2.544,29.92636298189394,-53.59456698408306,0.00012679525849334361,0.007264833173938895,-0.0002265938345633096,-0.01298287038416324,-50.89336007450649,-50.89336007450649,-50.89336007450649
636,frame_000636.png,637,2.548,29.712766761002523,-53.2120415100954,0.000125890275323193,0.007212981457758895,-0.0002249765857584167,-0.0128902088532203,-50.53011416794784,-50.53011416794784,-50.53011416794784
637,frame_000637.png,638,2.552,29.500695060232147,-52.8322462696734,0.00012499175121470624,0.007161499818551849,-0.0002233708784530812,-0.012798208601491251,-50.1694608894293,-50.1694608894293,-50.1694608894293
638,frame_000638.png,639,2.556,29.29013699848778,-52.45516177611157,0.000124099640072682,0.007110385615257263,-0.00022177663032220982,-0.012706864912095701,-49.81138173437776,-49.81138173437776,-49.81138173437776
639,frame_000639.png,640,2.56,29.08108177233687,-52.08076868178701,0.00012321389613071776,0.007059636225653432,-0.00022019375962648708,-0.012616173101715852,-49.455858330293296,-49.455858330293296,-49.455858330293296
640,frame_000640.png,641,2.564,28.873518655455037,-51.709047777166795,0.00012233447394887004,0.007009249046223371,-0.0002186221852082588,-0.012526128520360644,-49.10287243580652,-49.10287243580652,-49.10287243580652
641,frame_000641.png,642,2.568,28.667436998075733,-51.339979989822375,0.00012146132841133115,0.006959221492021711,-0.00021706182648744245,-0.012436726551131434,-48.75240593974266,-48.75240593974266,-48.75240593974266
642,frame_000642.png,643,2.572,28.462826226443827,-50.973546383451136,0.00012059441472412236,0.006909550996542523,-0.00021551260345746125,-0.012347962609989042,-48.404440860192636,-48.404440860192636,-48.404440860192636
643,frame_000643.png,644,2.576,28.259675842273076,-50.60972815690482,0.0001197336884128033,0.006860235011588078,-0.00021397443668121215,-0.012259832145522726,-48.058959343589976,-48.058959343589976,-48.058959343589976
644,frame_000644.png,645,2.58,28.057975422207498,-50.24850664322498,0.00011887910532019737,0.0068112710071385205,-0.0002124472472870534,-0.012172330638720289,-47.71594366379534,-47.71594366379534,-47.71594366379534
645,frame_000645.png,646,2.584,27.857714617286558,-49.8898633086852,0.00011803062160413327,0.006762656471222471,-0.00021093095696482413,-0.012085453602740019,-47.375376221186684,-47.375376221186684,-47.375376221186684
646,frame_000646.png,647,2.588,27.658883152414184,-49.53377975184029,0.00011718819373520243,0.0067143889097885335,-0.00020942548796188678,-0.011999196582683941,-47.037239541756534,-47.037239541756534,-47.037239541756534
647,frame_000647.png,648,2.592,27.46147082583158,-49.18023770258213,0.00011635177849453221,0.006666465846577711,-0.00020793076307919873,-0.01191355515537273,-46.70151627621529,-46.70151627621529,-46.70151627621529
648,frame_000648.png,649,2.596,27.265467508593783,-48.82921902120237,0.00011552133297157481,0.006618884822996718,-0.000206446705667407,-0.011828524929121953,-46.36818919910128,-46.36818919910128,-46.36818919910128
649,frame_000649.png,650,2.6,27.070863144049977,-48.4807056974617,0.0001146968145619118,0.006571643397992189,-0.00020497323962297316,-0.011744101543520059,-46.0372412078968,-46.0372412078968,-46.0372412078968
650,frame_000650.png,651,2.604,26.877647747327497,-48.13467984966588,0.0001138781809650741,0.006524739147925774,-0.0002035102893843217,-0.011660280669207674,-45.70865532215072,-45.70865532215072,-45.70865532215072
651,frame_000651.png,652,2.608,26.68581140481954,-47.791123723748264,0.00011306539018237732,0.006478169666450114,-0.00020205777992801373,-0.011577058007658386,-45.38241468260739,-45.38241468260739,-45.38241468260739
652,frame_000652.png,653,2.612,26.495344273676494,-47.450019692358914,0.00011225840051477253,0.006431932564385694,-0.00020061563676494927,-0.011494429290961145,-45.0585025503414,-45.0585025503414,-45.0585025503414
653,frame_000653.png,654,2.616,26.30623658130094,-47.111350253960254,0.00011145717056071198,0.006386025469598564,-0.00019918378593659198,-0.011412390281603962,-44.73690230589905,-44.73690230589905,-44.73690230589905
654,frame_000654.png,655,2.62,26.118478624846222,-46.775098031929076,0.0001106616592140301,0.006340446026878923,-0.00019776215401122248,-0.011330936772259232,-44.41759744844538,-44.41759744844538,-44.41759744844538
655,frame_000655.png,656,2.624,25.932060770718632,-46.441245773665074,0.0001098718256618393,0.006295191897820565,-0.0001963506680802144,-0.011250064585570374,-44.100571594917824,-44.100571594917824,-44.100571594917824
656,frame_000656.png,657,2.628,25.746973454083108,-46.10977634970561,0.00010908762938244081,0.006250260760701169,-0.00019494925575433636,-0.01116976957393995,-43.785808479185505,-43.785808479185505,-43.785808479185505
657,frame_000657.png,658,2.632,25.56320717837249,-45.78067275284694,0.0001083090301432502,0.00620565031036345,-0.0001935578451600805,-0.011090047619319301,-43.47329195121469,-43.47329195121469,-43.47329195121469
658,frame_000658.png,659,2.636,25.380752514800268,-45.45391809727157,0.00010753598799873753,0.006161358258097133,-0.0001921763649360156,-0.011010894632999596,-43.16300597624013,-43.16300597624013,-43.16300597624013
659,frame_000659.png,660,2.64,25.19960010187681,-45.12949561768193,0.00010676846328838215,0.006117382331521768,-0.00019080474422916293,-0.010932306555404185,-42.85493463394252,-42.85493463394252,-42.85493463394252
660,frame_000660.png,661,2.644,25.019740644929037,-44.80738866844025,0.00010600641663464195,0.006073720274470388,-0.00018944291269139995,-0.010854279355882556,-42.54906211763148,-42.54906211763148,-42.54906211763148
661,frame_000661.png,662,2.648,24.841164915623523,-44.48758072271444,0.00010524980894093694,0.006030369846873963,-0.00018809080047588493,-0.010776809032505462,-42.245372733434806,-42.245372733434806,-42.245372733434806
662,frame_000662.png,663,2.652,24.663863751493025,-44.17005537163024,0.00010449860138964716,0.005987328824646702,-0.00018674833823351014,-0.010699891611861719,-41.943850899493,-41.943850899493,-41.943850899493
663,frame_000663.png,664,2.656,24.48782805546636,-43.85479632342928,0.00010375275544012473,0.005944594999572139,-0.00018541545710937647,-0.010623523148856206,-41.64448114515996,-41.64448114515996,-41.64448114515996
664,frame_000664.png,665,2.66,24.31304879540164,-43.54178740263322,0.00010301223282671999,0.0059021661791900494,-0.00018409208873929354,-0.010547699726509348,-41.34724811020915,-41.34724811020915,-41.34724811020915
665,frame_000665.png,666,2.664,24.139517003622878,-43.23101254921386,0.00010227699555682163,0.005860040186684152,-0.0001827781652463022,-0.010472417455757856,-41.05213654404568,-41.05213654404568,-41.05213654404568
666,frame_000666.png,667,2.668,23.967223776459843,-42.92245581776911,0.00010154700590891069,0.005818214860770614,-0.00018147361923722316,-0.010397672475256994,-40.7591313049236,-40.7591313049236,-40.7591313049236
667,frame_000667.png,668,2.672,23.79616027379124,-42.616101376704925,0.00010082222643062835,0.005776688055587343,-0.00018017838379922788,-0.010323460951184084,-40.468217359169174,-40.468217359169174,-40.468217359169174
668,frame_000668.png,669,2.676,23.626317718591146,-42.31193350742299,0.00010010261993685746,0.0057354576405840635,-0.00017889239249643373,-0.01024977907704345,-40.17937978040949,-40.17937978040949,-40.17937978040949
669,frame_000669.png,670,2.68,23.457687396478658,-42.00993660351429,9.938814950781762e-05,0.00569452150041318,-0.00017761557936652177,-0.010176623073472606,-39.892603748806664,-39.892603748806664,-39.892603748806664
670,frame_000670.png,671,2.684,23.290260655270792,-41.71009516995834,9.867877848717371e-05,0.005653877534821396,-0.00017634787891737972,-0.010103989188049927,-39.607874550297396,-39.607874550297396,-39.607874550297396
671,frame_000671.png,672,2.688,23.124028904538537,-41.412393822328234,9.797447048015804e-05,0.0056135236585421276,-0.00017508922612376567,-0.01003187369510349,-39.32517757583811,-39.32517757583811,-39.32517757583811
672,frame_000672.png,673,2.692,22.958983615166105,-41.11681728600128,9.72751893517056e-05,0.0055734578011886575,-0.00017383955642399646,-0.009960272895521335,-39.04449832065539,-39.04449832065539,-39.04449832065539
673,frame_000673.png,674,2.696,22.79511631891332,-40.82335039537531,9.658089922460264e-05,0.005533677907148056,-0.0001725988057166589,-0.009889183116563022,-38.76582238350173,-38.76582238350173,-38.76582238350173
674,frame_000674.png,675,2.7,22.632418607981112,-40.53197809309058,9.589156447764839e-05,0.005494181935475859,-0.00017136691035734327,-0.009818600711672483,-38.48913546591665,-38.48913546591665,-38.48913546591665
675,frame_000675.png,676,2.704,22.470882134580137,-40.242685429257214,9.52071497438298e-05,0.005454967859791484,-0.00017014380715540045,-0.009748522060292222,-38.21442337149308,-38.21442337149308,-38.21442337149308
676,frame_000676.png,677,2.708,22.31049861050247,-39.955457560688174,9.452761990850926e-05,0.0054160336681743975,-0.00016892943337071936,-0.009678943567678669,-37.94167200514907,-37.94167200514907,-37.94167200514907
677,frame_000677.png,678,2.712,22.151259806696338,-39.670279750137674,9.385294010762518e-05,0.005377377363061013,-0.0001677237267105286,-0.009609861664718923,-37.670867372404516,-37.670867372404516,-37.670867372404516
678,frame_000678.png,679,2.716,21.993157552843908,-39.38713736554507,9.31830757259053e-05,0.005338996961142324,-0.000166526625326221,-0.009541272807748828,-37.40199557866303,-37.40199557866303,-37.40199557866303
679,frame_000679.png,680,2.72,21.836183736942083,-39.10601587928413,9.25179923950928e-05,0.005300890493262264,-0.0001653380678101981,-0.009473173478372164,-37.135042828499266,-37.135042828499266,-37.135042828499266
680,frame_000680.png,681,2.724,21.680330304886283,-38.826900867417635,9.185765599218485e-05,0.005263056004316789,-0.00016415799319273873,-0.009405560183281227,-36.86999542495093,-36.86999542495093,-36.86999542495093
681,frame_000681.png,682,2.728,21.525589260057206,-38.54977800895735,9.120203263768383e-05,0.00522549155315367,-0.00016298634093888623,-0.009338429454078489,-36.6068397688162,-36.6068397688162,-36.6068397688162
682,frame_000682.png,683,2.732,21.371952662910537,-38.27463308512922,9.055108869386087e-05,0.005188195212473014,-0.00016182305094536236,-0.00927177784709977,-36.345562357955714,-36.345562357955714,-36.345562357955714
683,frame_000683.png,684,2.736,21.21941263056958,-38.00145197864388,8.99047907630318e-05,0.00515116506872847,-0.00016066806353749784,-0.009205601943238377,-36.08614978660006,-36.08614978660006,-36.08614978660006
684,frame_000684.png,685,2.74,21.067961336420787,-37.730220672972294,8.926310568584525e-05,0.005114399222029154,-0.00015952131946618672,-0.009139898347770601,-35.82858874466184,-35.82858874466184,-35.82858874466184
685,frame_000685.png,686,2.744,20.917591009712208,-37.46092525162661,8.862600053958307e-05,0.005077895786042267,-0.00015838275990486244,-0.009074663690182453,-35.572866017052746,-35.572866017052746,-35.572866017052746
686,frame_000686.png,687,2.748,20.768293935154773,-37.19355189744615,8.799344263647266e-05,0.005041652887896395,-0.00015725232644649362,-0.009009894623997542,-35.31896848300556,-35.31896848300556,-35.31896848300556
687,frame_000687.png,688,2.7520000000000002,20.62006245252644,-36.92808689188847,8.736539952201145e-05,0.005005668668085516,-0.00015612996110060174,-0.008945587826606198,-35.06688311540093,-35.06688311540093,-35.06688311540093
688,frame_000688.png,689,2.7560000000000002,20.472888956279157,-36.6645166143255,8.674183897330313e-05,0.004969941280373667,-0.00015501560629029845,-0.008881739999095717,-34.81659698009905,-34.81659698009905,-34.81659698009905
689,frame_000689.png,690,2.7600000000000002,20.32676589514863,-36.402827541344685,8.612272899740588e-05,0.004934468891700309,-0.0001539092048493463,-0.008818347866081966,-34.568097235275886,-34.568097235275886,-34.568097235275886
690,frame_000690.png,691,2.7640000000000002,20.181685771766887,-36.143006246055165,8.55080378296923e-05,0.004899249682086352,-0.00015281070001923742,-0.008755408175541992,-34.321371130764405,-34.321371130764405,-34.321371130764405
691,frame_000691.png,692,2.7680000000000002,20.037641142277597,-35.88503939739884,8.489773393222082e-05,0.004864281844540852,-0.0001517200354462933,-0.008692917698647856,-34.07640600740042,-34.07640600740042,-34.07640600740042
692,frame_000692.png,693,2.7720000000000002,19.89462461595413,-35.628913759466386,8.429178599211903e-05,0.004829563584968373,-0.00015063715517878563,-0.008630873229601668,-33.833189296372964,-33.833189296372964,-33.833189296372964
693,frame_000693.png,694,2.7760000000000002,19.752628854820365,-35.37461619081816,8.369016291997821e-05,0.004795093122077009,-0.00014956200366407724,-0.00856927158547178,-33.59170851857945,-33.59170851857945,-33.59170851857945
694,frame_000694.png,695,2.7800000000000002,19.611646573274175,-35.12213364380992,8.309283384825941e-05,0.004760868687287055,-0.00014849452574578273,-0.008508109606030094,-33.351951283985414,-33.351951283985414,-33.351951283985414
695,frame_000695.png,696,2.7840000000000003,19.471670537713624,-34.87145316392341,8.249976812971092e-05,0.004726888524640332,-0.00014743466666094812,-0.008447384153590472,-33.113905290988825,-33.113905290988825,-33.113905290988825
696,frame_000696.png,697,2.7880000000000003,19.332693566165815,-34.622561889101675,8.191093533579686e-05,0.00469315089071016,-0.00014638237203725205,-0.00838709211284838,-32.87755832578888,-32.87755832578888,-32.87755832578888
697,frame_000697.png,698,2.7920000000000003,19.1947085279184,-34.375447049089125,8.13263052551371e-05,0.004659654054511964,-0.00014533758789022705,-0.008327230390721673,-32.64289826175927,-32.64289826175927,-32.64289826175927
698,frame_000698.png,699,2.7960000000000003,19.057708343153713,-34.130095964776324,8.074584789195816e-05,0.004626396297414518,-0.00014430026062049696,-0.00826779591619231,-32.40991305882616,-32.40991305882616,-32.40991305882616
699,frame_000699.png,700,2.8000000000000003,18.921685982585508,-33.88649604754947,8.01695334645552e-05,0.00459337591305183,-0.0001432703370110382,-0.008208785640149442,-32.17859076285025,-32.17859076285025,-32.17859076285025
700,frame_000700.png,701,2.8040000000000003,18.786634467098306,-33.644634798644475,7.9597332403765e-05,0.004560591207235642,-0.0001422477642244563,-0.008150196535233368,-31.948919505013592,-31.948919505013592,-31.948919505013592
701,frame_000701.png,702,2.8080000000000003,18.6525468673893,-33.40449980850569,7.902921535144966e-05,0.00452804049786856,-0.00014123248980028467,-0.00809202559568076,-31.720887501210484,-31.720887501210484,-31.720887501210484
702,frame_000702.png,703,2.8120000000000003,18.519416303612836,-33.16607875614919,7.846515315899128e-05,0.004495722114857799,-0.00014022446165230085,-0.008034269837170897,-31.494483051442927,-31.494483051442927,-31.494483051442927
703,frame_000703.png,704,2.816,18.3872359450274,-32.929359408530615,7.790511688579722e-05,0.004463634400029544,-0.00013922362806586202,-0.00797692629667301,-31.26969453922031,-31.26969453922031,-31.26969453922031
704,frame_000704.png,705,2.82,18.25599900964515,-32.69432961991752,7.734907779781606e-05,0.004431775707043921,-0.00013822993769525935,-0.007919992032294687,-31.04651043096338,-31.04651043096338,-31.04651043096338
705,frame_000705.png,706,2.824,18.12569876388396,-32.46097733126617,7.67970073660641e-05,0.004400144401310568,-0.00013724333956109056,-0.007863464123131334,-30.824919275412483,-30.824919275412483,-30.824919275412483
706,frame_000706.png,707,2.828,17.9963285222219,-32.22929056960287,7.624887726516242e-05,0.0043687388599048214,-0.00013626378304765256,-0.007807339669116786,-30.604909703039965,-30.604909703039965,-30.604909703039965
707,frame_000707.png,708,2.832,17.867881646854237,-31.999257447409583,7.570465937188425e-05,0.004337557471484481,-0.00013529121790034951,-0.007751615790874802,-30.38647042546698,-30.38647042546698,-30.38647042546698
708,frame_000708.png,709,2.836,17.740351547352834,-31.77086616201408,7.516432576371277e-05,0.00430659863620718,-0.00013432559422312283,-0.00769628962957181,-30.16959023488407,-30.16959023488407,-30.16959023488407
709,frame_000709.png,710,2.84,17.613731680328037,-31.544104994984306,7.462784871740915e-05,0.004275860765648338,-0.00013336686247589625,-0.007641358346770524,-29.954258003476305,-29.954258003476305,-29.954258003476305
710,frame_000710.png,711,2.844,17.48801554909291,-31.318962311527155,7.409520070759081e-05,0.0042453422827197045,-0.00013241497347204052,-0.007586819124284679,-29.740462682852268,-29.740462682852268,-29.740462682852268
711,frame_000711.png,712,2.848,17.363196703329933,-31.095426559891518,7.356635440531978e-05,0.004215041621588474,-0.000131469878375856,-0.007532669164034794,-29.528193303477153,-29.528193303477153,-29.528193303477153
712,frame_000712.png,713,2.852,17.239268738760018,-30.87348627077556,7.30412826767011e-05,0.004184957227596986,-0.00013053152870007263,-0.007478905687904939,-29.31743897410996,-29.31743897410996,-29.31743897410996
713,frame_000713.png,714,2.856,17.11622529681392,-30.653130056738274,7.251995858149128e-05,0.004155087557182987,-0.00012959987630336775,-0.007425525937600501,-29.1081888812447,-29.1081888812447,-29.1081888812447
714,frame_000714.png,715,2.86,16.994060064306005,-30.434346611615197,7.200235537171661e-05,0.004125431077800473,-0.00012867487338790026,-0.007372527174506918,-28.900432288555606,-28.900432288555606,-28.900432288555606
715,frame_000715.png,716,2.864,16.872766773110314,-30.217124709938318,7.14884464903013e-05,0.004095986267841087,-0.00012775647249686523,-0.007319906679549556,-28.694158536346137,-28.694158536346137,-28.694158536346137
716,frame_000716.png,717,2.868,16.752339199838957,-30.001453206360118,7.097820556970547e-05,0.0040667516165560766,-0.00012684462651206275,-0.007267661753054423,-28.48935704100218,-28.48935704100218,-28.48935704100218
717,frame_000717.png,718,2.872,16.63277116552281,-29.78732103508171,7.047160643057277e-05,0.004037725623978812,-0.00012593928865148557,-0.007215789714609948,-28.286017294448968,-28.286017294448968,-28.286017294448968
718,frame_000718.png,719,2.876,16.514056535294465,-29.574717209285105,6.996862308038772e-05,0.004008906800847857,-0.00012504041246692323,-0.007164287902929703,-28.084128863611937,-28.084128863611937,-28.084128863611937
719,frame_000719.png,720,2.88,16.39618921807347,-29.36363082056946,6.946922971214245e-05,0.003980293668530581,-0.00012414795184158316,-0.007113153675716111,-27.88368138988146,-27.88368138988146,-27.88368138988146
720,frame_000720.png,721,2.884,16.279163166253802,-29.1540510383914,6.897340070301316e-05,0.003951884758947319,-0.00012326186098772946,-0.0070623844095251504,-27.684664588581242,-27.684664588581242,-27.684664588581242
721,frame_000721.png,722,2.888,16.162972375393576,-28.945967109509336,6.848111061304589e-05,0.003923678614496079,-0.00012238209444433726,-0.007011977499631965,-27.487068248440792,-27.487068248440792,-27.487068248440792
722,frame_000722.png,723,2.892,16.047610883906962,-28.739368357431715,6.799233418385165e-05,0.0038956737879777743,-0.00012150860707476425,-0.006961930359897448,-27.29088223107138,-27.29088223107138,-27.29088223107138
723,frame_000723.png,724,2.896,15.933072772758306,-28.534244181869244,6.75070463373109e-05,0.003867868842521997,-0.00012064135406443895,-0.006912240422635792,-27.0960964704459,-27.0960964704459,-27.0960964704459
724,frame_000724.png,725,2.9,15.81935216515843,-28.330584058190986,6.70252221742872e-05,0.003840262351513316,-0.00011978029091856468,-0.0068629051384829385,-26.902700972382412,-26.902700972382412,-26.902700972382412
725,frame_000725.png,726,2.904,15.706443226263106,-28.12837753688438,6.654683697335012e-05,0.003812852898518103,-0.00011892537345984023,-0.006813921976265978,-26.710685814031336,-26.710685814031336,-26.710685814031336
726,frame_000726.png,727,2.908,15.594340162873682,-27.92761424301908,6.607186618950715e-05,0.0037856390772118805,-0.00011807655782619696,-0.006765288422873496,-26.520041143366292,-26.520041143366292,-26.520041143366292
727,frame_000727.png,728,2.912,15.483037223139833,-27.72828387571464,6.560028545294474e-05,0.0037586194913071832,-0.00011723380046855148,-0.006717001983126813,-26.330757178678688,-26.330757178678688,-26.330757178678688
728,frame_000728.png,729,2.916,15.372528696264451,-27.530376207612004,6.513207056777824e-05,0.0037317927544819403,-0.00011639705814857462,-0.0066690601796521535,-26.14282420807575,-26.14282420807575,-26.14282420807575
729,frame_000729.png,730,2.92,15.262808912210625,-27.333881084348736,6.466719751081086e-05,0.003705157490308365,-0.00011556628793647517,-0.006621460552753667,-25.956232588982346,-25.956232588982346,-25.956232588982346
730,frame_000730.png,731,2.924,15.15387224141072,-27.13878842403803,6.42056424303013e-05,0.003678712332182346,-0.00011474144720880186,-0.006574200660287486,-25.770972747646034,-25.770972747646034,-25.770972747646034
731,frame_000731.png,732,2.928,15.045713094477538,-26.94508821675142,6.374738164474037e-05,0.0036524559232533555,-0.00011392249364625763,-0.006527278077536499,-25.587035178646104,-25.587035178646104,-25.587035178646104
732,frame_000732.png,733,2.932,14.938325921917528,-26.752770524005186,6.329239164163617e-05,0.0036263869163548406,-0.00011310938523153218,-0.006480690397086158,-25.404410444405627,-25.404410444405627,-25.404410444405627
733,frame_000733.png,734,2.936,14.831705213846057,-26.561825478250434,6.284064907630802e-05,0.0036005039739351245,-0.00011230208024714904,-0.006434435228701129,-25.22308917470737,-25.22308917470737,-25.22308917470737
734,frame_000734.png,735,2.94,14.725845499704695,-26.372243282366796,6.239213077068892e-05,0.0035748057679887914,-0.00011150053727332625,-0.006388510199202719,-25.043062066213054,-25.043062066213054,-25.043062066213054
735,frame_000735.png,736,2.944,14.62074134798054,-26.18401420915977,6.19468137121367e-05,0.003549290979988569,-0.00011070471518585519,-0.006342912952347336,-24.864319881985857,-24.864319881985857,-24.864319881985857
736,frame_000736.png,737,2.948,14.516387365927528,-25.997128600861622,6.150467505225341e-05,0.003523958300817686,-0.00010991457315399157,-0.0062976411487056586,-24.686853451016695,-24.686853451016695,-24.686853451016695
737,frame_000737.png,738,2.952,14.412778199289743,-25.811576868635864,6.106569210571333e-05,0.0034988064307027228,-0.0001091300706383645,-0.0062526924655428315,-24.510653667753417,-24.510653667753417,-24.510653667753417
738,frame_000738.png,739,2.956,14.309908532026691,-25.627349492085273,6.06298423490993e-05,0.0034738340791469345,-0.00010835116738889752,-0.006208064596699348,-24.33571149163386,-24.33571149163386,-24.33571149163386
739,frame_000739.png,740,2.96,14.207773086040547,-25.444437018763402,6.0197103419747206e-05,0.00344903996486405,-0.00010757782344274555,-0.006163755252472848,-24.162017946621837,-24.162017946621837,-24.162017946621837
740,frame_000740.png,741,2.964,14.106366620905346,-25.2628300636896,5.9767453114598934e-05,0.003424422815712546,-0.00010680999912224737,-0.006119762159500801,-23.989564120746643,-23.989564120746643,-23.989564120746643
741,frame_000741.png,742,2.968,14.0056839335981,-25.08251930886748,5.934086938906329e-05,0.0033999813686303865,-0.00010604765503289084,-0.006076083060643929,-23.818341165645798,-23.818341165645798,-23.818341165645798
742,frame_000742.png,743,2.972,13.905719858231835,-24.903495502806827,5.891733035588519e-05,0.00337571436957023,-0.0001052907520612945,-0.006032715714870547,-23.648340296111016,-23.648340296111016,-23.648340296111016
743,frame_000743.png,744,2.976,13.806469265790547,-24.725749460048917,5.8496814284022856e-05,0.003351620573435098,-0.00010453925137320221,-0.005989657897141683,-23.479552789637495,-23.479552789637495,-23.479552789637495
744,frame_000744.png,745,2.98,13.70792706386603,-24.54927206069523,5.8079299597533005e-05,0.003327698744014502,-0.00010379311441149186,-0.005946907398296965,-23.311969985976376,-23.311969985976376,-23.311969985976376
745,frame_000745.png,746,2.984,13.610088196396598,-24.37405424993952,5.766476487446404e-05,0.003303947653921026,-0.00010305230289420024,-0.005904462024941473,-23.14558328669031,-23.14558328669031,-23.14558328669031
746,frame_000746.png,747,2.988,13.512947643407658,-24.200087037603225,5.725318884575708e-05,0.003280366084527362,-0.0001023167788125589,-0.005862319599333188,-22.980384154712453,-22.980384154712453,-22.980384154712453
747,frame_000747.png,748,2.992,13.416500420754154,-24.0273614976742,5.684455039415486e-05,0.0032569528259037937,-0.00010158650442904657,-0.005820477959271413,-22.816364113908293,-22.816364113908293,-22.816364113908293
748,frame_000748.png,749,2.996,13.320741579864826,-23.85586876784872,5.643882855311842e-05,0.003233706676756128,-0.00010086144227545443,-0.0057789349579859175,-22.653514748640788,-22.653514748640788,-22.653514748640788
749,frame_000749.png,750,3.0,13.225666207488315,-23.6856000490768,5.603600250575149e-05,0.003210626444364066,-0.00010014155515096436,-0.005737688464026827,-22.491827703338657,-22.491827703338657,-22.491827703338657
750,frame_000750.png,751,3.004,13.131269425441063,-23.516546605110705,5.563605158373257e-05,0.003187710944520016,-9.942680612024326e-05,-0.005696736361155442,-22.331294682067487,-22.331294682067487,-22.331294682067487
751,frame_000751.png,752,3.008,13.037546390357026,-23.348699762056707,5.523895526625465e-05,0.0031649590014683443,-9.871715851154776e-05,-0.005656076548235638,-22.17190744810432,-22.17190744810432,-22.17190744810432
752,frame_000752.png,753,3.012,12.944492293439168,-23.18205090793006,5.484469317897241e-05,0.0031423694478450535,-9.801257591484454e-05,-0.005615706939126176,-22.013657823514855,-22.013657823514855,-22.013657823514855
753,frame_000753.png,754,3.016,12.852102360212724,-23.0165914922131,5.4453245092957026e-05,0.003119941124617898,-9.731302217994416e-05,-0.00557562546257377,-21.85653768873388,-21.85653768873388,-21.85653768873388
754,frame_000754.png,755,3.02,12.760371850280233,-22.852313025416564,5.4064590923658384e-05,0.0030976728810269225,-9.661846141464648e-05,-0.005535830062106837,-21.70053898214875,-21.70053898214875,-21.70053898214875
755,frame_000755.png,756,3.024,12.669296057078313,-22.689207078644,5.3678710729874696e-05,0.0030755635745254267,-9.592885798290082e-05,-0.005496318695930072,-21.545653699685687,-21.545653699685687,-21.545653699685687
756,frame_000756.png,757,3.028,12.578870307636175,-22.527265283159267,5.329558471272949e-05,0.00305361207072135,-9.524417650297876e-05,-0.005457089336819767,-21.391873894399126,-21.391873894399126,-21.391873894399126
757,frame_000757.png,758,3.032,12.489089962335855,-22.36647932995718,5.291519321465586e-05,0.003031817243319072,-9.456438184565936e-05,-0.005418139972019824,-21.239191676063967,-21.239191676063967,-21.239191676063967
758,frame_000758.png,759,3.036,12.399950414674173,-22.20684096933717,5.2537516718387996e-05,0.003010177974061635,-9.388943913242898e-05,-0.005379468603138615,-21.08759921077069,-21.08759921077069,-21.08759921077069
759,frame_000759.png,760,3.04,12.311447091026364,-22.04834201048001,5.216253584595988e-05,0.0029886931526733706,-9.321931373369128e-05,-0.005341073246046422,-20.93708872052354,-20.93708872052354,-20.93708872052354
760,frame_000760.png,761,3.044,12.223575450411426,-21.890974321027553,5.1790231357711184e-05,0.002967361676802942,-9.255397126699282e-05,-0.005302951930773778,-20.78765248284129,-20.78765248284129,-20.78765248284129
761,frame_000761.png,762,3.048,12.13633098425912,-21.73472982666548,5.1420584151300166e-05,0.00294618245196679,-9.189337759525846e-05,-0.005265102701410347,-20.639282830361147,-20.639282830361147,-20.639282830361147
762,frame_000762.png,763,3.052,12.049709216178645,-21.579600510709007,5.10535752607237e-05,0.0029251543914929796,-9.123749882504229e-05,-0.00522752361600473,-20.491972150445243,-20.491972150445243,-20.491972150445243
763,frame_000763.png,764,3.056,11.96370570172896,-21.42557841369157,5.0689185855344226e-05,0.002904276416465454,-9.05863013047885e-05,-0.005190212746464803,-20.345712884790117,-20.345712884790117,-20.345712884790117
764,frame_000764.png,765,3.06,11.878316028190751,-21.272655632956443,5.03273972389237e-05,0.0028835474556686805,-8.99397516231057e-05,-0.0051531681784588515,-20.20049752903889,-20.20049752903889,-20.20049752903889
765,frame_000765.png,766,3.064,11.79353581434001,-21.12082432225125,4.996819084866439e-05,0.0028629664455326925,-8.929781660705445e-05,-0.0051163880113174525,-20.05631863239617,-20.05631863239617,-20.05631863239617
766,frame_000766.png,767,3.068,11.709360710223251,-20.97007669132538,4.961154825425654e-05,0.002842532330078527,-8.866046332044441e-05,-0.005079870357935906,-19.913168797245895,-19.913168797245895,-19.913168797245895
767,frame_000767.png,768,3.072,11.625786396934313,-20.82040500553031,4.9257451156932816e-05,0.0028222440608640445,-8.802765906214689e-05,-0.005043613344677551,-19.771040678771605,-19.771040678771605,-19.771040678771605
768,frame_000768.png,769,3.076,11.542808586392766,-20.671801585422727,4.890588138852953e-05,0.0028021005969301443,-8.739937136441659e-05,-0.005007615111277614,-19.62992698457972,-19.62992698457972,-19.62992698457972
769,frame_000769.png,770,3.08,11.460423021123898,-20.52425880637051,4.855682091055452e-05,0.002782100904747357,-8.677556799122679e-05,-0.004971873810747814,-19.48982047432535,-19.48982047432535,-19.48982047432535
770,frame_000770.png,771,3.084,11.378625474040266,-20.377769098161536,4.821025181326169e-05,0.002762243958162819,-8.615621693661591e-05,-0.004936387609281634,-19.35071395934076,-19.35071395934076,-19.35071395934076
771,frame_000771.png,772,3.088,11.297411748224812,-20.232324944615236,4.7866156314732167e-05,0.002742528738347627,-8.554128642304686e-05,-0.004901154686160316,-19.21260030226653,-19.21260030226653,-19.21260030226653
772,frame_000772.png,773,3.092,11.216777676715523,-20.087918883196977,4.752451675996201e-05,0.002722954233744569,-8.49307448997764e-05,-0.004866173233659429,-19.075472416685415,-19.075472416685415,-19.075472416685415
773,frame_000773.png,774,3.096,11.136719122291634,-19.944543504635167,4.718531561995645e-05,0.002703519440016224,-8.432456104123662e-05,-0.004831441456956145,-18.93932326675872,-18.93932326675872,-18.93932326675872
774,frame_000774.png,775,3.1,11.05723197726135,-19.802191452541084,4.684853549083052e-05,0.0026842233599934373,-8.372270374542911e-05,-0.004796957574037218,-18.804145866865255,-18.804145866865255,-18.804145866865255
775,frame_000775.png,776,3.104,10.97831216325109,-19.660855423031435,4.6514159092916184e-05,0.002665065003624159,-8.312514213232975e-05,-0.004762719815607595,-18.669933281242955,-18.669933281242955,-18.669933281242955
776,frame_000776.png,777,3.108,10.899955630996223,-19.52052816435361,4.6182169269875805e-05,0.00264604338792265,-8.25318455423043e-05,-0.0047287264249996335,-18.53667862363303,-18.53667862363303,-18.53667862363303
777,frame_000777.png,778,3.112,10.822158360133315,-19.381202476513597,4.585254898782192e-05,0.0026271575369190506,-8.194278353453591e-05,-0.004694975658083003,-18.404375056926618,-18.404375056926618,-18.404375056926618
778,frame_000778.png,779,3.116,10.744916358993848,-19.242871210906568,4.552528133444332e-05,0.0026084064816093064,-8.135792588546427e-05,-0.004661465783175254,-18.273015792813972,-18.273015792813972,-18.273015792813972
779,frame_000779.png,780,3.12,10.66822566439941,-19.10552726995009,4.520034951813738e-05,0.0025897892599054564,-8.077724258723473e-05,-0.004628195080952965,-18.142594091436187,-18.142594091436187,-18.142594091436187
780,frame_000780.png,781,3.124,10.592082341458347,-18.969163606719967,4.4877736867148513e-05,0.002571304916586267,-8.020070384616001e-05,-0.004595161844363598,-18.01310326103936,-18.01310326103936,-18.01310326103936
781,frame_000781.png,782,3.128,10.516482483363882,-18.83377322458865,4.455742682871287e-05,0.0025529525032482315,-7.962828008119109e-05,-0.00456236437853789,-17.884536657631294,-17.884536657631294,-17.884536657631294
782,frame_000782.png,783,3.132,10.44142221119365,-18.699349176866285,4.4239402968209055e-05,0.002534731078256906,-7.905994192240051e-05,-0.004529801000702953,-17.75688768464053,-17.75688768464053,-17.75688768464053
783,frame_000783.png,784,3.136,10.366897673710678,-18.56588456644425,4.392364896831494e-05,0.0025166397066985987,-7.849566020947551e-05,-0.004497470040095938,-17.63014979257798,-17.63014979257798,-17.63014979257798
784,frame_000784.png,785,3.14,10.292905047165787,-18.43337254544131,4.3610148628170505e-05,0.0024986774603324067,-7.793540599022246e-05,-0.004465369837878341,-17.504316478700787,-17.504316478700787,-17.504316478700787
785,frame_000785.png,786,3.144,10.2194405351014,-18.301806314852232,4.329888586254664e-05,0.0024808434175425894,-7.737915051908166e-05,-0.004433498747050913,-17.379381286678758,-17.379381286678758,-17.379381286678758
786,frame_000786.png,787,3.148,10.14650036815675,-18.171179124198968,4.2989844701019876e-05,0.0024631366632912855,-7.682686525565293e-05,-0.004401855132369175,-17.255337806263036,-17.255337806263036,-17.255337806263036
787,frame_000787.png,788,3.152,10.074080803874478,-18.041484271184263,4.268300928715299e-05,0.0024455562890715625,-7.627852186323182e-05,-0.00437043737025956,-17.132179672957236,-17.132179672957236,-17.132179672957236
788,frame_000788.png,789,3.156,10.002178126508621,-17.9127151013478,4.23783638776815e-05,0.0024281013928608114,-7.57340922073557e-05,-0.004339243848736098,-17.009900567690885,-17.009900567690885,-17.009900567690885
789,frame_000789.png,790,3.16,9.930788646833948,-17.784865007724754,4.20758928417059e-05,0.00241077107907446,-7.519354835436082e-05,-0.004308272967317751,-16.888494216495197,-16.888494216495197,-16.888494216495197
790,frame_000790.png,791,3.164,9.859908701956684,-17.657927430506803,4.177558065988977e-05,0.0023935644585200305,-7.465686256994907e-05,-0.00427752313694629,-16.767954390181174,-16.767954390181174,-16.767954390181174
791,frame_000791.png,792,3.168,9.789534655126566,-17.531895856705546,4.147741192366345e-05,0.002376480648351513,-7.4124007317766e-05,-0.004246992779904822,-16.648274904019964,-16.648274904019964,-16.648274904019964
792,frame_000792.png,793,3.172,9.719662895550249,-17.406763819818348,4.118137133443353e-05,0.0023595187720240724,-7.359495525798744e-05,-0.004216680329736807,-16.529449617425577,-16.529449617425577,-16.529449617425577
793,frame_000793.png,794,3.176,9.650289838206035,-17.282524899496533,4.088744370279795e-05,0.0023426779592490778,-7.306967924591753e-05,-0.004186584231165738,-16.411472433639794,-16.411472433639794,-16.411472433639794
794,frame_000794.png,795,3.18,9.581411923659942,-17.15917272121598,4.0595613947766636e-05,0.0023259573459494466,-7.254815233059635e-05,-0.004156702940015358,-16.294337299419333,-16.294337299419333,-16.294337299419333
795,frame_000795.png,796,3.184,9.513025617883065,-17.03670095595005,4.030586709598779e-05,0.0023093560742153164,-7.203034775341702e-05,-0.004127034923130426,-16.17803820472532,-16.17803820472532,-16.17803820472532
796,frame_000796.png,797,3.188,9.44512741207025,-16.915103319844842,4.001818828097965e-05,0.0022928732922600247,-7.151623894675337e-05,-0.004097578658298092,-16.062569182414855,-16.062569182414855,-16.062569182414855
797,frame_000797.png,798,3.192,9.377713822460068,-16.794373573896802,3.973256274236771e-05,0.00227650815437641,-7.100579953259669e-05,-0.004068332634169784,-15.947924307934919,-15.947924307934919,-15.947924307934919
798,frame_000798.png,799,3.196,9.310781390156068,-16.67450552363259,3.944897582512745e-05,0.002260259820893417,-7.049900332120295e-05,-0.004039295350183702,-15.834097699018315,-15.834097699018315,-15.834097699018315
799,frame_000799.png,800,3.2,9.244326680949301,-16.555493018791253,3.916741297883242e-05,0.0022441274581330214,-6.999582430974904e-05,-0.0040104653164878285,-15.721083515381935,-15.721083515381935,-15.721083515381935
800,frame_000800.png,801,3.204,9.178346285142116,-16.437329953008664,3.888785975690771e-05,0.0022281102383674514,-6.949623668099896e-05,-0.0039818410538635,-15.608875958427042,-15.608875958427042,-15.608875958427042
801,frame_000801.png,802,3.208,9.112836817373216,-16.320010263504226,3.861030181588873e-05,0.0022122073397767227,-6.900021480197915e-05,-0.0039534210936495165,-15.497469270941792,-15.497469270941792,-15.497469270941792
802,frame_000802.png,803,3.212,9.04779491644396,-16.203527930769773,3.83347249146853e-05,0.0021964179464064727,-6.850773322266391e-05,-0.003925203977666816,-15.386857736805812,-15.386857736805812,-15.386857736805812
803,frame_000803.png,804,3.216,8.983217245145902,-16.087876978260745,3.806111491385098e-05,0.0021807412481260947,-6.801876667466973e-05,-0.003897188258143668,-15.277035680696919,-15.277035680696919,-15.277035680696919
804,frame_000804.png,805,3.22,8.919100490089566,-15.973051472089523,3.778945777485762e-05,0.0021651764405871765,-6.753329006995888e-05,-0.003869372497641396,-15.16799746779995,-15.16799746779995,-15.16799746779995
805,frame_000805.png,806,3.224,8.855441361534439,-15.859045520720981,3.751973955937509e-05,0.002149722725182228,-6.705127849955208e-05,-0.0038417552689806135,-15.059737503517646,-15.059737503517646,-15.059737503517646
806,frame_000806.png,807,3.228,8.792236593220181,-15.74585327467019,3.7251946428556124e-05,0.0021343793090037064,-6.657270723225113e-05,-0.0038143351551680415,-14.952250233183563,-14.952250233183563,-14.952250233183563
807,frame_000807.png,808,3.232,8.729482942199036,-15.633468926202287,3.698606464232631e-05,0.002119145404803338,-6.609755171337018e-05,-0.0037871107493238146,-14.845530141777086,-14.845530141777086,-14.845530141777086
808,frame_000808.png,809,3.236,8.66717718866944,-15.521886709034504,3.672208055867912e-05,0.0021040202309517255,-6.562578756347568e-05,-0.0037600806546092824,-14.7395717536405,-14.7395717536405,-14.7395717536405
809,frame_000809.png,810,3.24,8.60531613581082,-15.411100898040297,3.645998063297597e-05,0.002089003011398243,-6.51573905771358e-05,-0.003733243484155361,-14.634369632197995,-14.634369632197995,-14.634369632197995
810,frame_000810.png,811,3.244,8.543896609619573,-15.301105808955596,3.619975141725129e-05,0.002074092975631219,-6.46923367216789e-05,-0.003706597860991393,-14.529918379676733,-14.529918379676733,-14.529918379676733
811,frame_000811.png,812,3.248,8.4829154587462,-15.191895798087158,3.594137955952252e-05,0.002059289358638406,-6.423060213596037e-05,-0.0036801424179744996,-14.426212636829906,-14.426212636829906,-14.426212636829906
812,frame_000812.png,813,3.2520000000000002,8.422369554333628,-15.083465262022997,3.5684851803105114e-05,0.002044591400867729,-6.377216312913845e-05,-0.003653875797719435,-14.323247082661773,-14.323247082661773,-14.323247082661773
813,frame_000813.png,814,3.2560000000000002,8.362255789856665,-14.975808637344885,3.5430154985932316e-05,0.0020299983481883123,-6.331699617945921e-05,-0.0036277966525289705,-14.221016434154595,-14.221016434154595,-14.221016434154595
814,frame_000814.png,815,3.2600000000000002,8.302571080962615,-14.86892040034289,3.5177276039879863e-05,0.0020155094518517903,-6.286507793304893e-05,-0.0036019036443247087,-14.11951544599767,-14.11951544599767,-14.11951544599767
815,frame_000815.png,816,3.2640000000000002,8.243312365313015,-14.76279506673197,3.492620199009551e-05,0.0020011239684538896,-6.241638520271722e-05,-0.0035761954445785,-14.018738910318064,-14.018738910318064,-14.018738910318064
816,frame_000816.png,817,3.2680000000000002,8.18447660242652,-14.65742719137058,3.4676919954333304e-05,0.001986841159896286,-6.197089496676653e-05,-0.003550670734244238,-13.918681656413533,-13.918681656413533,-13.918681656413533
817,frame_000817.png,818,3.2720000000000002,8.126060773522893,-14.552811367981292,3.442941714229265e-05,0.0019726602933487366,-6.152858436781161e-05,-0.003525328203690218,-13.819338550487135,-13.819338550487135,-13.819338550487135
818,frame_000818.png,819,3.2760000000000002,8.06806188136812,-14.448942228873404,3.418368085496203e-05,0.001958580641211478,-6.108943071160623e-05,-0.00350016655263191,-13.720704495383892,-13.720704495383892,-13.720704495383892
819,frame_000819.png,820,3.2800000000000002,8.010476950120626,-14.345814444667536,3.393969848396751e-05,0.001944601481077897,-6.065341146587944e-05,-0.0034751844900652875,-13.622774430329194,-13.622774430329194,-13.622774430329194
820,frame_000820.png,821,3.2840000000000003,7.953303025178589,-14.243422724022176,3.3697457510925784e-05,0.0019307220956974636,-6.022050425917943e-05,-0.0034503807342005795,-13.52554333066918,-13.52554333066918,-13.52554333066918
821,frame_000821.png,822,3.2880000000000003,7.896537173028338,-14.141761813362201,3.34569455068019e-05,0.001916941772938932,-5.979068687972586e-05,-0.003425754012396517,-13.429006207612908,-13.429006207612908,-13.429006207612908
822,frame_000822.png,823,3.2920000000000003,7.840176481093845,-14.040826496609318,3.321815013127156e-05,0.001903259805753802,-5.936393727426999e-05,-0.0034013030610950228,-13.333158107976416,-13.333158107976416,-13.333158107976416
823,frame_000823.png,824,3.2960000000000003,7.784218057587285,-13.940611594914435,3.298105913208798e-05,0.0018896754921400433,-5.8940233546963725e-05,-0.0033770266257564115,-13.23799411392855,-13.23799411392855,-13.23799411392855
824,frame_000824.png,825,3.3000000000000003,7.728659031360656,-13.841111966391939,3.2745660344453196e-05,0.0018761881351060737,-5.8519553958236094e-05,-0.003352923460795019,-13.143509342738646,-13.143509342738646,-13.143509342738646
825,frame_000825.png,826,3.3040000000000003,7.67349655175847,-13.74232250585588,3.2511941690394006e-05,0.0018627970426350038,-5.81018769236776e-05,-0.0033289923295152777,-13.04969894652604,-13.04969894652604,-13.04969894652604
826,frame_000826.png,827,3.3080000000000003,7.61872778847149,-13.644238144558026,3.22798911781422e-05,0.0018495015276491268,-5.7687181012933055e-05,-0.003305232004048281,-12.956558112011265,-12.956558112011265,-12.956558112011265
827,frame_000827.png,828,3.3120000000000003,7.564349931391506,-13.54685384992779,3.204949690151933e-05,0.0018363009079746667,-5.7275444948602536e-05,-0.0032816412652888157,-12.864082060269123,-12.864082060269123,-12.864082060269123
828,frame_000828.png,829,3.3160000000000003,7.510360190467159,-13.450164625314025,3.182074703932582e-05,0.0018231945063067795,-5.686664760514915e-05,-0.0032582189028327766,-12.772266046483502,-12.772266046483502,-12.772266046483502
829,frame_000829.png,830,3.3200000000000003,7.456755795560782,-13.354165509728643,3.159362985473444e-05,0.0018101816501747997,-5.646076800781545e-05,-0.0032349637149150863,-12.6811053597039,-12.6811053597039,-12.6811053597039
830,frame_000830.png,831,3.3240000000000003,7.403533996306271,-13.258851577592083,3.1368133694688114e-05,0.0017972616719077385,-5.6057785331547225e-05,-0.0032118745083480303,-12.590595322603718,-12.590595322603718,-12.590595322603718
831,frame_000831.png,832,3.3280000000000003,7.350692061967964,-13.164217938480576,3.1144246989302036e-05,0.0017844339086000274,-5.5657678899925426e-05,-0.0031889500984600616,-12.500731291240271,-12.500731291240271,-12.500731291240271
832,frame_000832.png,833,3.332,7.298227281300537,-13.070259736875235,3.092195825127003e-05,0.0017716977020775045,-5.5260428184104665e-05,-0.003166189309034981,-12.41150865481655,-12.41150865481655,-12.41150865481655
833,frame_000833.png,834,3.336,7.2461369624098895,-12.976972151912918,3.070125607527519e-05,0.0017590523988636464,-5.486601280176067e-05,-0.0031435909722516316,-12.32292283544458,-12.32292283544458,-12.32292283544458
834,frame_000834.png,835,3.34,7.194418432615025,-12.884350397138876,3.048212913740465e-05,0.0017464973501460392,-5.447441251604451e-05,-0.0031211539286239783,-12.234969287910566,-12.234969287910566,-12.234969287910566
835,frame_000835.png,836,3.344,7.143069038310927,-12.792389720261177,3.0264566194568623e-05,0.0017340319117430888,-5.408560723454362e-05,-0.0030988770269415817,-12.147643499441749,-12.147643499441749,-12.147643499441749
836,frame_000836.png,837,3.348,7.0920861448323995,-12.701085402906855,3.0048556083923515e-05,0.0017216554440709702,-5.3699577008251904e-05,-0.003076759124210586,-12.060940989474737,-12.060940989474737,-12.060940989474737
837,frame_000837.png,838,3.352,7.041467136318886,-12.610432760379835,2.9834087722299178e-05,0.0017093673121108101,-5.331630203054562e-05,-0.0030547990855950453,-11.974857309425712,-11.974857309425712,-11.974857309425712
838,frame_000838.png,839,3.356,6.991209415580259,-12.520427141420557,2.962115010563027e-05,0.0016971668853761072,-5.2935762636167346e-05,-0.0030329957843587057,-11.889388042462159,-11.889388042462159,-11.889388042462159
839,frame_000839.png,840,3.36,6.941310403963557,-12.431063927967328,2.9409732308391657e-05,0.0016850535378803819,-5.255793930021712e-05,-0.0030113481018072042,-11.80452880327621,-11.80452880327621,-11.80452880327621
840,frame_000840.png,841,3.364,6.89176754122068,-12.342338534919378,2.9199823483037832e-05,0.0016730266481050592,-5.218281263715048e-05,-0.0029898549272306596,-11.720275237859681,-11.720275237859681,-11.720275237859681
841,frame_000841.png,842,3.368,6.842578285377024,-12.254246409901606,2.899141285944637e-05,0.0016610855989675787,-5.181036339978415e-05,-0.002968515157846703,-11.636623023280649,-11.636623023280649,-11.636623023280649
842,frame_000842.png,843,3.372,6.793740112601059,-12.166783033031,2.878448974436531e-05,0.001649229777789734,-5.144057247830842e-05,-0.00294732769874389,-11.553567867461652,-11.553567867461652,-11.553567867461652
843,frame_000843.png,844,3.376,6.745250517074833,-12.079943916684732,2.8579043520864516e-05,0.0016374585762662373,-5.107342089930673e-05,-0.0029262914628255293,-11.471105508959475,-11.471105508959475,-11.471105508959475
844,frame_000844.png,845,3.38,6.697107010865403,-11.993724605269898,2.8375063647790955e-05,0.001625771390433508,-5.070888982478222e-05,-0.0029054053707539057,-11.389231716746501,-11.389231716746501,-11.389231716746501
845,frame_000845.png,846,3.384,6.649307123797179,-11.908120674994917,2.817253965922782e-05,0.0016141676206386847,-5.034696055119107e-05,-0.0028846683508948973,-11.30794228999363,-11.30794228999363,-11.30794228999363
846,frame_000846.png,847,3.388,6.60184840332519,-11.823127733642549,2.797146116395758e-05,0.0016026466715088586,-4.998761450848317e-05,-0.002864079339263007,-11.227233057854711,-11.227233057854711,-11.227233057854711
847,frame_000847.png,848,3.392,6.554728414409238,-11.73874142034453,2.777181784492879e-05,0.001591207951920525,-4.9630833259149205e-05,-0.0028436372794667657,-11.147099879252572,-11.147099879252572,-11.147099879252572
848,frame_000848.png,849,3.396,6.5079447393889716,-11.654957405357834,2.7573599458726763e-05,0.0015798508749692546,-4.927659849727448e-05,-0.0028233411226545224,-11.067538642666555,-11.067538642666555,-11.067538642666555
849,frame_000849.png,850,3.4,6.461494977859826,-11.571771389842509,2.7376795835048e-05,0.0015685748579395806,-4.892489204760014e-05,-0.0028031898274606527,-10.988545265921509,-10.988545265921509,-10.988545265921509
850,frame_000850.png,851,3.404,6.415376746549871,-11.489179105641114,2.718139687617836e-05,0.0015573793222751,-4.85756958645904e-05,-0.0027831823599521162,-10.910115695978394,-10.910115695978394,-10.910115695978394
851,frame_000851.png,852,3.408,6.369587679197525,-11.407176315059731,2.698739255647498e-05,0.0015462636935487896,-4.822899203150668e-05,-0.002763317693575411,-10.8322459087263,-10.8322459087263,-10.8322459087263
