frame_index,frame_filename,control_step,simulated_time_s,cart_position_steps,cart_velocity_steps_s,pole_angle_rad,pole_angle_deg,pole_angle_rate_rad_s,pole_angle_rate_deg_s,raw_control_steps_s,target_control_steps_s,applied_control_steps_s
0,frame_000000.png,1,0.004,9.399348936150133,4597.537233049601,0.12286778141940013,7.039805313467543,-0.4832645851912481,-27.68902111959894,36831.366481909536,36831.366481909536,36831.366481909536
1,frame_000001.png,2,0.008,35.280539998966134,8261.65751880675,0.12016277815836605,6.884820043041166,-0.8600552544465212,-49.277536227835796,33951.19990888262,33951.19990888262,33951.19990888262
2,frame_000002.png,3,0.012,74.2289655337879,11148.423884397558,0.11613076161676875,6.653802512280706,-1.1488333363750032,-65.82330153822092,31387.854125636488,31387.854125636488,31387.854125636488
3,frame_000003.png,4,0.016,123.40297918541046,13388.811299688083,0.11109216760540651,6.365112340749758,-1.3650528420852015,-78.21176666382009,29096.40902758458,29096.40902758458,29096.40902758458
4,frame_000004.png,5,0.02,180.44171631988587,15092.70419528205,0.10531078240922329,6.033863369269046,-1.5216417109233111,-87.18364796697138,27038.881000573594,27038.881000573594,27038.881000573594
5,frame_000005.png,6,0.024,243.38760494686844,16352.258316478701,0.099003019569935,5.67245518040837,-1.6294064321110477,-93.35811167143274,25183.128065720543,25183.128065720543,25183.128065720543
6,frame_000006.png,7,0.028,310.62123103960766,17244.727945329032,0.09234570996951125,5.291019437392165,-1.69737222539115,-97.2522647776412,23501.928739562296,23501.928739562296,23501.928739562296
7,frame_000007.png,8,0.032,380.8065934523674,17834.843466688748,0.08548264202313546,4.897794609553315,-1.733069027425144,-99.29754087630306,21972.207013387804,21972.207013387804,21972.207013387804
8,frame_000008.png,9,0.036000000000000004,452.84509592938866,18176.81074955311,0.07853005113395457,4.499440494922141,-1.7427719020560006,-99.85347464179571,20574.380240738046,20574.380240738046,20574.380240738046
9,frame_000009.png,10,0.04,525.8368863630157,18315.992456474927,0.07158122589082459,4.101302135916826,-1.731703122743864,-99.21928030284856,19291.81041032036,19291.81041032036,19291.81041032036
10,frame_000010.png,11,0.044,599.0483743785156,18290.321840455686,0.06471037185317088,3.707631197908847,-1.7042020233735615,-97.64358337696035,18110.342383730687,18110.342383730687,18110.342383730687
11,frame_000011.png,12,0.048,671.8849441332782,18131.49155350415,0.05797585136398125,3.3217715968339028,-1.6638677446223529,-95.3325994348119,17017.915286554115,17017.915286554115,17017.915286554115
12,frame_000012.png,13,0.052000000000000005,743.868035498077,17865.953232805638,0.05142289898994732,2.9463150824515254,-1.613679188067364,-92.45700696435739,16004.235435960883,16004.235435960883,16004.235435960883
13,frame_000013.png,14,0.056,814.6158982308235,17515.75794621049,0.04508589634091049,2.5832315758984925,-1.5560958047306201,-89.15772212907801,15060.501033723049,15060.501033723049,15060.501033723049
14,frame_000014.png,15,0.06,883.8274343058545,17099.262797851694,0.03899027669303931,2.233978296558453,-1.4931422682210937,-85.55075018165941,14179.170406066793,14179.170406066793,14179.170406066793
15,frame_000015.png,16,0.064,951.26863654414,16631.724973583398,0.033154118631200914,1.8995910710438624,-1.4264795977244646,-81.7312605111313,13353.766877559176,13353.766877559176,13353.766877559176
16,frame_000016.png,17,0.068,1016.761209894131,16125.801123851868,0.027589478499050062,1.5807606769624978,-1.3574648882505165,-77.77700893395253,12578.714464511273,12578.714464511273,12578.714464511273
17,frame_000017.png,18,0.07200000000000001,1080.1730274878296,15591.967137013618,0.022303503517221778,1.277896619891995,-1.28720146252755,-73.75121118589561,11849.199497137804,11849.199497137804,11849.199497137804
18,frame_000018.png,19,0.076,1141.4101289173668,15038.870963586405,0.017299360762463026,0.9911803599633493,-1.2165809704315427,-69.7049550416574,11161.054056680186,11161.054056680186,11161.054056680186
19,frame_000019.png,20,0.08,1200.4100147052927,14473.62913961596,0.01257701159321921,0.7206096831785681,-1.1463187191907558,-65.67922458647247,10510.657767203164,10510.657767203164,10510.657767203164
20,frame_000020.png,21,0.084,1257.1360300743224,13902.07596483968,0.008133856391586758,0.46603564240343026,-1.0769833135267584,-61.706598471097955,9894.855031435309,9894.855031435309,9894.855031435309
21,frame_000021.png,22,0.088,1311.5726640347002,13328.972867805925,0.00396527052591963,0.2271932657628151,-1.0090215132510802,-57.81267414719057,9310.885262341277,9310.885262341277,9310.885262341277
22,frame_000022.png,23,0.092,1363.7216174882153,12758.184292818263,6.504910352574578e-05,0.003727039093134796,-0.9427790714778042,-54.017261808940745,8756.324050971281,8756.324050971281,8756.324050971281
23,frame_000023.png,24,0.096,1413.5985173286094,12192.825436565305,-0.0035742247214546946,-0.20478799157067626,-0.8785181952003244,-50.3353848104288,8229.033538201349,8229.033538201349,8229.033538201349
24,frame_000024.png,25,0.1,1461.230173098,11635.38631532938,-0.006960875478062671,-0.3988287866091003,-0.816432167868419,-46.77811747757675,7727.12053307826,7727.12053307826,7727.12053307826
25,frame_000025.png,26,0.10400000000000001,1506.6522892261403,11087.83593130773,-0.010103884722413449,-0.578909951281002,-0.7566575877223569,-43.35328631304091,7248.9011518727175,7248.9011518727175,7248.9011518727175
26,frame_000026.png,27,0.108,1549.907559728567,10551.709707436048,-0.013012685238774671,-0.7455719443139746,-0.6992846034141215,-40.06605645410872,6792.87094656909,6792.87094656909,6792.87094656909
27,frame_000027.png,28,0.112,1591.0440838870159,10028.182856184194,-0.015696992743029103,-0.8993714352230487,-0.6443654677021308,-36.91942176330545,6357.679655223281,6357.679655223281,6357.679655223281
28,frame_000028.png,29,0.116,1630.1140512308705,9518.13192396433,-0.01816666891239228,-1.0408734564915951,-0.591921678920018,-33.91461400441486,5942.109844314662,5942.109844314662,5942.109844314662
29,frame_000029.png,30,0.12,1667.1726523762047,9022.186396324796,-0.020431610556194607,-1.1706450535248916,-0.5419499369571178,-31.051444095023886,5545.0588290370715,5545.0588290370715,5545.0588290370715
30,frame_000030.png,31,0.124,1702.277179206727,8540.77194929322,-0.02250166057559664,-1.2892501830176022,-0.49442710435723447,-28.328586356543852,5165.523354893698,5165.523354893698,5165.523354893698
31,frame_000031.png,32,0.128,1735.4862837068704,8074.146680075722,-0.0243865370603922,-1.3972456504998423,-0.44931433275716737,-25.743814941722363,4802.586605904629,4802.586605904629,4802.586605904629
32,frame_000032.png,33,0.132,1766.8593696565324,7622.431438242148,-0.026095777459682605,-1.495177911552438,-0.4065604893340423,-23.294200155614146,4455.407173663716,4455.407173663716,4455.407173663716
33,frame_000033.png,34,0.136,1796.4560955168167,7185.635200160753,-0.0276386952579365,-1.5835805895280037,-0.3661049964425778,-20.976271154811727,4123.209679460646,4123.209679460646,4123.209679460646
34,frame_000034.png,35,0.14,1824.3359703005017,6763.67627943195,-0.029024347003720294,-1.6629725864363496,-0.3278801795539348,-18.78615047443209,3805.276790455223,3805.276790455223,3805.276790455223
35,frame_000035.png,36,0.14400000000000002,1850.5580271340114,6356.400039903825,-0.030261507887756334,-1.7338566836702884,-0.29181320341335626,-16.7196649617779,3500.942411916476,3500.942411916476,3500.942411916476
36,frame_000036.png,37,0.148,1875.180561667066,5963.593671742023,-0.031358654360505576,-1.796718546066485,-0.2578276635573609,-14.772436963555721,3209.5858720501674,3209.5858720501674,3209.5858720501674
37,frame_000037.png,38,0.152,1898.2609245456297,5584.998501785841,-0.032323952526063966,-1.8520260569247013,-0.22584488958841165,-12.939958998014054,2930.6269449695683,2930.6269449695683,2930.6269449695683
38,frame_000038.png,39,0.156,1919.8553588952605,5220.320234369771,-0.03316525125628074,-1.9002289234758378,-0.19578500757243678,-11.21765462583749,2663.5215817871513,2663.5215817871513,2663.5215817871513
39,frame_000039.png,40,0.16,1940.0188752176437,4869.237455670375,-0.03389007914293719,-1.9417585022546393,-0.16756780133040555,-9.6009277985189,2407.758240350332,2407.758240350332,2407.758240350332
40,frame_000040.png,41,0.164,1958.8051573268044,4531.40868155563,-0.03450564455185189,-1.9770278021996963,-0.14111340601065464,-8.085202597126534,2162.854721429635,2162.854721429635,2162.854721429635
41,frame_000041.png,42,0.168,1976.2664939801357,4206.4781842725715,-0.03501883816534838,-2.0064316303261127,-0.11634286196146973,-6.665954966865342,1928.355433709903,1928.355433709903,1928.355433709903
42,frame_000042.png,43,0.17200000000000001,1992.4537317239722,3894.080795767422,-0.035436237502372264,-2.0303468507091402,-0.09317855241177002,-5.33873779433296,1703.8290221705047,1703.8290221705047,1703.8290221705047
43,frame_000043.png,44,0.176,2007.4162452000737,3593.8458538620575,-0.03576411299182026,-2.0491327324602966,-0.07154454467554965,-4.0992004570941605,1488.8663047351583,1488.8663047351583,1488.8663047351583
44,frame_000044.png,45,0.18,2021.2019217700004,3305.400430962426,-0.036008435246987734,-2.0631313665225113,-0.051366851408567,-2.9431037925865167,1283.0784707344656,1283.0784707344656,1283.0784707344656
45,frame_000045.png,46,0.184,2033.857157827424,3028.3719626501393,-0.036174883249677714,-2.072668134585029,-0.03257362576738915,-1.8663312799099856,1086.0955020137817,1086.0955020137817,1086.0955020137817
46,frame_000046.png,47,0.188,2045.4268645994464,2762.3903747364952,-0.036268853203311406,-2.07805221632928,-0.015095302070343038,-0.8648970991057499,897.5647836532353,897.5647836532353,897.5647836532353
47,frame_000047.png,48,0.192,2055.954481600043,2507.089791573928,-0.03629546785691156,-2.0795771236537712,0.0011353083308776324,0.06504837580533034,717.1498764298458,717.1498764298458,717.1498764298458
48,frame_000048.png,49,0.196,2065.4819962027987,2262.109895148361,-0.03625958613741621,-2.077521252565015,0.01618295784851357,0.9272151847579386,544.5294274971675,544.5294274971675,544.5294274971675
49,frame_000049.png,50,0.2,2074.049968055382,2027.096993317702,-0.03616581295753379,-2.0721484451262318,0.030109933338488055,1.7251721017156183,379.3961994159836,379.3961994159836,379.3961994159836
50,frame_000050.png,51,0.20400000000000001,2081.6975572724887,1801.7048461807303,-0.036018509091205235,-2.0637085552796464,0.04297605099627813,2.4623463422257337,221.4562007493314,221.4562007493314,221.4562007493314
51,frame_000051.png,52,0.20800000000000002,2088.462555523793,1585.5952916743681,-0.035821801029480634,-2.052438013546628,0.05483867074294264,3.1420243876781595,70.42790402830633,70.42790402830633,70.42790402830633
52,frame_000052.png,53,0.212,2094.3814192842983,1378.4387048680446,-0.035579590746907475,-2.0385603866005146,0.06575272616456578,3.7673537007090396,-73.95846092117608,-73.95846092117608,-73.95846092117608
53,frame_000053.png,54,0.216,2099.489304640944,1179.9143198517254,-0.035295565322919976,-2.022286928531617,0.07577076673055178,4.341345144130888,-211.96154846099125,-211.96154846099125,-211.96154846099125
54,frame_000054.png,55,0.22,2103.8201031553513,989.7104384310126,-0.03497320637468123,-2.003817121309261,0.08494300957159641,4.866875947591829,-343.82948205352386,-343.82948205352386,-343.82948205352386
55,frame_000055.png,56,0.224,2107.4064783713898,807.524545907154,-0.03461579926775399,-1.983339202514349,0.09331739856379798,5.346693092845794,-469.80038991938363,-469.80038991938363,-469.80038991938363
56,frame_000056.png,57,0.228,2110.2799026306,633.0633509128805,-0.0342264420791917,-1.9610306788866505,0.10093966885558059,5.783417010872888,-590.1028976543539,-590.1028976543539,-590.1028976543539
57,frame_000057.png,58,0.232,2112.470693920718,466.0427634967152,-0.0338080542944263,-1.9370588246197653,0.1078534153009319,6.179545502815094,-704.9565830916918,-704.9565830916918,-704.9565830916918
58,frame_000058.png,59,0.23600000000000002,2114.0080525345275,306.18782331462614,-0.03336338522491534,-1.9115811636567777,0.11410016353603711,6.537457812367418,-814.5723979132736,-814.5723979132736,-814.5723979132736
59,frame_000059.png,60,0.24,2114.9200973597194,153.2325878278936,-0.032895022138094435,-1.8847459355022205,0.11971944266523595,6.859418790376459,-919.1530598524732,-919.1530598524732,-919.1530598524732
60,frame_000060.png,61,0.244,2115.23390165665,6.919988760305472,-0.03240539809492615,-1.8566925442805469,0.12474885871350413,7.147583103357592,-1018.8934187742361,-1018.8934187742361,-1018.8934187742361
61,frame_000061.png,62,0.248,2114.9755282110837,-132.99833631373176,-0.0318967994933805,-1.827551990945725,0.12922416816238402,7.403999446793428,-1113.980799446801,-1113.980799446801,-1113.980799446801
62,frame_000062.png,63,0.252,2114.1700637741246,-266.7622315379921,-0.031371373318642,-1.797447288687506,0.13317935101952535,7.6306147317101205,-1204.5953234216618,-1204.5953234216618,-1204.5953234216618
63,frame_000063.png,64,0.256,2112.8416527223967,-394.6032247606348,-0.03083113410281044,-1.7664938616929002,0.13664668298300084,7.829278219388074,-1290.9102121017568,-1290.9102121017568,-1290.9102121017568
64,frame_000064.png,65,0.26,2111.013529888826,-516.7447400140197,-0.030277970598428607,-1.7347999275111547,0.13965680635391056,8.001745584354895,-1373.0920727931207,-1373.0920727931207,-1373.0920727931207
65,frame_000065.png,66,0.264,2108.708052528673,-633.4023172481118,-0.0297136521713993,-1.7024668633409141,0.14223879942749157,8.149682890203097,-1451.3011692939822,-1451.3011692939822,-1451.3011692939822
66,frame_000066.png,67,0.268,2105.946731397257,-744.7838366503418,-0.029139834919802887,-1.669589556612643,0.1444202441565312,8.274670466418128,-1525.691678370767,-1525.691678370767,-1525.691678370767
67,frame_000067.png,68,0.272,2102.7502609254943,-851.089745364506,-0.028558067525843556,-1.6362567402804489,0.1462272919334702,8.37820667741523,-1596.4119332969194,-1596.4119332969194,-1596.4119332969194
68,frame_000068.png,69,0.276,2099.138548487309,-952.513284822701,-0.027969796848678324,-1.602551313267578,0.14768472738095706,8.461711577468987,-1663.604655482885,-1663.604655482885,-1663.604655482885
69,frame_000069.png,70,0.28,2095.130742759425,-1049.2407172399367,-0.027376373266250465,-1.568550646530928,0.1488160300762819,8.526530447262877,-1727.407175100177,-1727.407175100177,-1727.407175100177
70,frame_000070.png,71,0.28400000000000003,2090.7452611792896,-1141.451550101465,-0.026779055774487536,-1.534326875223572,0.14964343416433287,8.573937209460066,-1787.9516414954178,-1787.9516414954178,-1787.9516414954178
71,frame_000071.png,72,0.28800000000000003,2085.9998165110555,-1229.318757706852,-0.026179016852356754,-1.499947177441899,0.15018798583753845,8.605137722061533,-1845.3652240989195,-1845.3652240989195,-1845.3652240989195
72,frame_000072.png,73,0.292,2080.9114425329285,-1313.0089990298643,-0.025577347101316927,-1.46547404004663,0.15046959868058027,8.62127294942451,-1899.7703044543491,-1899.7703044543491,-1899.7703044543491
73,frame_000073.png,74,0.296,2075.496518861784,-1392.682831315572,-0.024975059667683163,-1.4309655120456495,0.15050710689321903,8.62342201170579,-1951.284659928996,-1951.284659928996,-1951.284659928996
74,frame_000074.png,75,0.3,2069.770794933019,-1468.494918970968,-0.02437309445634155,-1.3964754460220745,0.15031831641700644,8.612605114206543,-2000.0216396067221,-2000.0216396067221,-2000.0216396067221
75,frame_000075.png,76,0.304,2063.7494131551434,-1540.5942374172764,-0.02377232214412778,-1.3620537280839098,0.14992005400147945,8.589786358658161,-2046.090332816142,-2046.090332816142,-2046.090332816142
76,frame_000076.png,77,0.308,2057.446931259751,-1609.124271664692,-0.023173548001025546,-1.3277464968025894,0.1493282142530905,8.55587643892739,-2089.595730703747,-2089.595730703747,-2089.595730703747
77,frame_000077.png,78,0.312,2050.877343868312,-1674.2232094466876,-0.02257751552715537,-1.2935963515970867,0.14855780471599103,8.511735223954963,-2130.638881224755,-2130.638881224755,-2130.638881224755
78,frame_000078.png,79,0.316,2044.0541032977583,-1736.0241288138584,-0.02198490991331906,-1.2596425510085068,0.14762298903816282,8.458174230992745,-2169.317037892177,-2169.317037892177,-2169.317037892177
79,frame_000079.png,80,0.32,2036.990139627119,-1794.6551801387618,-0.02139636133264445,-1.2259212012974365,0.1465371282795436,8.39595899238499,-2205.723802596549,-2205.723802596549,-2205.723802596549
80,frame_000080.png,81,0.324,2029.6978800475756,-1850.239762525208,-0.020812448070644016,-1.192465435783095,0.14531282042093607,8.32581131926208,-2239.9492627842064,-2239.9492627842064,-2239.9492627842064
81,frame_000081.png,82,0.328,2022.189267518263,-1902.8966946495086,-0.020233699500763036,-1.1593055853296828,0.14396193813380692,8.2484114655906,-2272.080123260407,-2272.080123260407,-2272.080123260407
82,frame_000082.png,83,0.332,2014.4757787499784,-1952.740380088619,-0.019660598912251134,-1.1264693403714872,0.14249566487172374,8.164400196060354,-2302.199832864483,-2302.199832864483,-2302.199832864483
83,frame_000083.png,84,0.336,2006.5684415386904,-1999.8809672120076,-0.019093586196947804,-1.0939819048543535,0.14092452934427305,8.074380761294368,-2330.388706247413,-2330.388706247413,-2330.388706247413
84,frame_000084.png,85,0.34,1998.4778514704028,-2044.424503731369,-0.01853306040132971,-1.061866142457224,0.13925843843395552,7.978920783848065,-2356.724040967104,-2356.724040967104,-2356.724040967104
85,frame_000085.png,86,0.34400000000000003,1990.214188018521,-2086.473086015751,-0.01797938214992703,-1.0301427154436673,0.13750670861585468,7.878554058423667,-2381.2802301032743,-2381.2802301032743,-2381.2802301032743
86,frame_000086.png,87,0.34800000000000003,1981.7872300544195,-2126.125003289934,-0.017432875945978792,-0.9988302164797173,0.1356780959388958,7.773782269669804,-2404.128870581755,-2404.128870581755,-2404.128870581755
87,frame_000087.png,88,0.352,1973.2063707914187,-2163.474876841523,-0.016893832354964253,-0.9679452937410081,0.13378082462631427,7.665076630867636,-2425.338867387144,-2425.338867387144,-2425.338867387144
88,frame_000088.png,89,0.356,1964.4806321818714,-2198.6137943676636,-0.016362510076419735,-0.9375027696191329,0.1318226143515871,7.552879446726616,-2444.9765338328707,-2444.9765338328707,-2444.9765338328707
89,frame_000089.png,90,0.36,1955.618678786524,-2231.6294395959185,-0.015839137909228126,-0.9075157533244385,0.12981070624458957,7.437605603427502,-2463.105688048746,-2463.105688048746,-2463.105688048746
90,frame_000090.png,91,0.364,1946.6288311347757,-2262.606217316024,-0.015323916615352597,-0.8779957476701011,0.127751887681158,7.319643988959687,-2479.7877458378625,-2479.7877458378625,-2479.7877458378625
91,frame_000091.png,92,0.368,1937.5190785939117,-2291.6253739601752,-0.014817020686776488,-0.8489527503103252,0.1256525159075937,7.199358846705557,-2495.0818100471593,-2495.0818100471593,-2495.0818100471593
92,frame_000092.png,93,0.372,1928.2970917648342,-2318.765113869463,-0.014318600020208693,-0.8203953496938934,0.12351854054996059,7.07709106512826,-2509.0447565890036,-2509.0447565890036,-2509.0447565890036
93,frame_000093.png,94,0.376,1918.970234421269,-2344.1007113832484,-0.013828781503917805,-0.7923308159830655,0.12135552505632463,6.953159406321514,-2521.7313172447034,-2521.7313172447034,-2521.7313172447034
94,frame_000094.png,95,0.38,1909.545575008875,-2367.70461888677,-0.013347670520869232,-0.7647651871769922,0.11916866711837557,6.82786167608235,-2533.19415937489,-2533.19415937489,-2533.19415937489
95,frame_000095.png,96,0.384,1900.0298977201567,-2389.646570950303,-0.012875352372157076,-0.7377033506683532,0.11696281811717174,6.701475838070222,-2543.4839626560934,-2543.4839626560934,-2543.4839626560934
96,frame_000096.png,97,0.388,1890.4297131605404,-2409.9936846907804,-0.01241189362454705,-0.71114912045188,0.11474250163606653,6.574261074519556,-2552.649492957643,-2552.649492957643,-2552.649492957643
97,frame_000097.png,98,0.392,1880.7512686204668,-2428.8105564840857,-0.011957343385777813,-0.6851053101937389,0.11251193108222052,6.44645879587802,-2560.7376734681425,-2560.7376734681425,-2560.7376734681425
98,frame_000098.png,99,0.396,1871.0005579678384,-2446.1593551532824,-0.011511734511105766,-0.6595738023614565,0.11027502645647926,6.3182936016497555,-2567.7936531760943,-2567.7936531760943,-2567.7936531760943
99,frame_000099.png,100,0.4,1861.1833311746677,-2462.099911754921,-0.011075084744422412,-0.6345556136051281,0.10803543030981186,6.189974194631951,-2573.860872804972,-2573.860872804972,-2573.860872804972
100,frame_000100.png,101,0.404,1851.3051034912944,-2476.6898060823282,-0.010647397797123762,-0.6100509565720815,0.10579652292296018,6.0616942506446865,-2578.9811282989026,-2578.9811282989026,-2578.9811282989026
101,frame_000101.png,102,0.40800000000000003,1841.371164281063,-2489.9844500014497,-0.010228664367767717,-0.5860592983289408,0.10356143674444701,5.933633245767858,-2583.1946319512112,-2583.1946319512112,-2583.1946319512112
102,frame_000102.png,103,0.41200000000000003,1831.3865855279055,-2502.037167731453,-0.009818863105417625,-0.5625794155571471,0.10133307012063605,5.805957243015674,-2586.5400712644237,-2586.5400712644237,-2586.5400712644237
103,frame_000103.png,104,0.41600000000000004,1821.3562300288222,-2512.899273178911,-0.009417961519438418,-0.5396094466804374,0.09911410035012666,5.678819640298372,-2589.0546656267557,-2589.0546656267557,-2589.0546656267557
104,frame_000104.png,105,0.42,1811.2847592828375,-2522.6201444309972,-0.009025916838385259,-0.5171469410755389,0.0969069960934041,5.5523618814428115,-2590.7742208868567,-2590.7742208868567,-2590.7742208868567
105,frame_000105.png,106,0.424,1801.1766410875798,-2531.2472955097746,-0.008642676820503624,-0.495188905510403,0.09471402916735162,5.426714131968227,-2591.7331819052997,-2591.7331819052997,-2591.7331819052997
106,frame_000106.png,107,0.428,1791.036156854243,-2538.8264454863256,-0.008268180518243963,-0.47373184794766887,0.09253728575296219,5.301995921240816,-2591.9646831583223,-2591.9646831583223,-2591.9646831583223
107,frame_000107.png,108,0.432,1780.8674086512942,-2545.4015850502255,-0.007902358999083075,-0.45277181884468576,0.09037867704336744,5.178316752560856,-2591.5005974664027,-2591.5005974664027,-2591.5005974664027
108,frame_000108.png,109,0.436,1770.6743259869168,-2551.015040626637,-0.007545136024838355,-0.43230445007535284,0.08823994935812596,5.055776682668735,-2590.3715829174525,-2590.3715829174525,-2590.3715829174525
109,frame_000109.png,110,0.44,1760.4606723398156,-2555.707536130167,-0.007196428691559537,-0.41232499159321473,0.08612269374858386,4.9344668720915745,-2588.6071280517963,-2588.6071280517963,-2588.6071280517963
110,frame_000110.png,111,0.444,1750.2300514476638,-2559.518252441572,-0.006856148031985495,-0.39282834594969424,0.08402835511803446,4.814470107689885,-2586.2355953734955,-2586.2355953734955,-2586.2355953734955
111,frame_000111.png,112,0.448,1739.9859133621278,-2562.4848846903997,-0.006524199582460916,-0.3738091007760244,0.0819582408793622,4.695861298704027,-2583.2842632501815,-2583.2842632501815,-2583.2842632501815
112,frame_000112.png,113,0.452,1729.7315602790836,-2564.6436974237517,-0.006200483916118866,-0.3552615593323598,0.07991352917185471,4.57870794754286,-2579.779366261172,-2579.779366261172,-2579.779366261172
113,frame_000113.png,114,0.456,1719.470152152321,-2566.029577738523,-0.005884897144050587,-0.3371797692226903,0.07789527665790771,4.463070596502028,-2575.746134051452,-2575.746134051452,-2575.746134051452
114,frame_000114.png,115,0.46,1709.20471209873,-2566.6760864517387,-0.005577331386102708,-0.31955754936953457,0.07590442591942656,4.349003251546555,-2571.208828746873,-2571.208828746873,-2571.208828746873
115,frame_000115.png,116,0.464,1698.9381316026704,-2566.61550738094,-0.005277675212864731,-0.30238851533795746,0.07394181247284654,4.236553784241895,-2566.190780983917,-2566.190780983917,-2566.190780983917
116,frame_000116.png,117,0.468,1688.6731755269411,-2565.8788948040055,-0.004985814060335605,-0.2856661030942146,0.0720081714208478,4.125764312869131,-2560.714424605313,-2560.714424605313,-2560.714424605313
117,frame_000117.png,118,0.47200000000000003,1678.412486937496,-2564.496119165289,-0.0047016306186875795,-0.2693835912802804,0.07010414375803152,4.016671563713601,-2554.8013300709345,-2554.8013300709345,-2554.8013300709345
118,frame_000118.png,119,0.47600000000000003,1668.1585917487878,-2562.4959110925533,-0.004425005196478007,-0.2535341220816474,0.06823028234704769,3.909307213471797,-2548.472236631522,-2548.472236631522,-2548.472236631522
119,frame_000119.png,120,0.48,1657.9139031963723,-2559.905903786838,-0.004155816061595334,-0.23811072076209241,0.06638705758092246,3.8036982136788335,-2541.7470833110438,-2541.7470833110438,-2541.7470833110438
120,frame_000120.png,121,0.484,1647.680726143155,-2556.752673845155,-0.003893939760163954,-0.22310631393557856,0.06457486274662178,3.699867098017995,-2534.645038741748,-2534.645038741748,-2534.645038741748
121,frame_000121.png,122,0.488,1637.4612612254343,-2553.061780573723,-0.003639251414573817,-0.20851374664209438,0.06279401910420748,3.597832273334951,-2527.1845298944045,-2527.1845298944045,-2527.1845298944045
122,frame_000122.png,123,0.492,1627.2576088446647,-2548.8578038473415,-0.0033916250017446232,-0.19432579829101737,0.06104478069529095,3.4976082951418546,-2519.3832697445564,-2519.3832697445564,-2519.3832697445564
123,frame_000123.png,124,0.496,1617.071773010643,-2544.1643805685057,-0.003150933612680818,-0.18053519753252006,0.05932733889386575,3.3992061283608455,-2511.2582839141746,-2511.2582839141746,-2511.2582839141746
124,frame_000124.png,125,0.5,1606.905665041617,-2539.0042397778616,-0.0029170496943225436,-0.16713463611460866,0.05764182671200559,3.302633394022371,-2502.8259363266106,-2502.8259363266106,-2502.8259363266106
125,frame_000125.png,126,0.504,1596.7611071266087,-2533.399236465755,-0.002689845274648869,-0.15411678178058796,0.055988322872342566,3.207894602601004,-2494.1019539113117,-2494.1019539113117,-2494.1019539113117
126,frame_000126.png,127,0.508,1586.6398357550456,-2527.3703841327797,-0.0024691921719430876,-0.14147429025908,0.05436685565869648,3.1149913746402453,-2485.1014503934825,-2485.1014503934825,-2485.1014503934825
127,frame_000127.png,128,0.512,1576.5435050186165,-2520.9378861454775,-0.0022549621890854436,-0.12919981639617703,0.05277740655570359,3.023922649287899,-2475.8389492024926,-2475.8389492024926,-2475.8389492024926
128,frame_000128.png,129,0.516,1566.4736897900755,-2514.1211659316627,-0.0020470272936962642,-0.11728602447688277,0.05121991368779516,2.9346848813350186,-2466.3284055316326,-2466.3284055316326,-2466.3284055316326
129,frame_000129.png,130,0.52,1556.4318887835489,-2506.938896058191,-0.0018452597849120322,-0.10572559778067751,0.04969427506739961,2.847272227324192,-2456.583227580626,-2456.583227580626,-2456.583227580626
130,frame_000130.png,131,0.524,1546.4195275007319,-2499.409026232435,-0.0016495324475383748,-0.09451124741383377,0.04820035166178564,2.7616767212667015,-2446.616297011062,-2446.616297011062,-2446.616297011062
131,frame_000131.png,132,0.528,1536.4379610671992,-2491.5488102671975,-0.001459718694287153,-0.08363572045900114,0.04673797028752892,2.6778884404832497,-2436.439988643898,-2436.439988643898,-2436.439988643898
132,frame_000132.png,133,0.532,1526.4884769628957,-2483.374832047351,-0.0012756926967697447,-0.07309180748056868,0.045306926341168174,2.5958956620590334,-2426.0661894270397,-2426.0661894270397,-2426.0661894270397
133,frame_000133.png,134,0.536,1516.5722976507268,-2474.903030535057,-0.0010973295058851692,-0.06287234942239622,0.04390698637421886,2.5156850103811537,-2415.506316699991,-2415.506316699991,-2415.506316699991
134,frame_000134.png,135,0.54,1506.6905831070214,-2466.1487238490854,-0.0009245051622097863,-0.052970243932678324,0.042537890520332175,2.437241596204587,-2404.771335781562,-2404.771335781562,-2404.771335781562
135,frame_000135.png,136,0.544,1496.844433257499,-2457.1266324524295,-0.0007570967969649021,-0.04337845114896188,0.041199354782024133,2.3605491476721085,-2393.8717769056666,-2393.8717769056666,-2393.8717769056666
136,frame_000136.png,137,0.548,1487.0348903222437,-2447.8509014811657,-0.0005949827241096067,-0.03408999897467711,0.03989107318405219,2.285590133693685,-2382.8177515293264,-2382.8177515293264,-2382.8177515293264
137,frame_000137.png,138,0.552,1477.2629410730526,-2438.335122246276,-0.0004380425240785427,-0.025097987876958237,0.0386127198001853,2.2123458800718447,-2371.618968036078,-2371.618968036078,-2371.618968036078
138,frame_000138.png,139,0.556,1467.5295190064057,-2428.592352939,-0.0002861571196579536,-0.016395595234020826,0.03736395065979663,2.140796678741394,-2360.284746857158,-2360.284746857158,-2360.284746857158
139,frame_000139.png,140,0.56,1457.835506435182,-2418.63513856914,-0.0001392088444682637,-0.007976079258924606,0.0361444055404054,2.070921890474499,-2348.824035031984,-2348.824035031984,-2348.824035031984
140,frame_000140.png,141,0.5640000000000001,1448.1817365021332,-2408.475530164669,2.9184955024806413e-06,0.00016721747482005323,0.03495370965200541,2.0027000413855993,-2337.245420228667,-2337.245420228667,-2337.245420228667
141,frame_000141.png,142,0.5680000000000001,1438.5689951180132,-2398.125103259943,0.00014033956689276712,0.008040864881649453,0.0337914752187418,1.9361089135548153,-2325.557144244536,-2325.557144244536,-2325.557144244536
142,frame_000142.png,143,0.5720000000000001,1428.9980228271554,-2387.5949756988016,0.00027316746008954323,0.015651342563439183,0.03265730296323399,1.8711256300733847,-2313.7671160058867,-2313.7671160058867,-2313.7671160058867
143,frame_000143.png,144,0.5760000000000001,1419.469516603186,-2376.8958247778933,0.00040151364609876275,0.023005037338368478,0.03155078349859108,1.8077267348002704,-2301.8829240854984,-2301.8829240854984,-2301.8829240854984
144,frame_000144.png,145,0.58,1409.9841315774645,-2366.037903754599,0.0005254879388051022,0.03010824107856123,0.030471498632925444,1.7458882671052858,-2289.9118487557303,-2289.9118487557303,-2289.9118487557303
145,frame_000145.png,146,0.584,1400.5424827027405,-2355.0310577430496,0.0006451984622801536,0.036967148836983446,0.02941902259094114,1.6855858318609513,-2277.8608735943862,-2277.8608735943862,-2277.8608735943862
146,frame_000146.png,147,0.588,1391.1451463544352,-2343.88473902086,0.0007607516228162629,0.04358785724510017,0.028392923156954523,1.6267946649327556,-2265.7366966599034,-2265.7366966599034,-2265.7366966599034
147,frame_000147.png,148,0.592,1381.7926618718532,-2332.608021768357,0.0008722520853801848,0.04997636316376933,0.027392762743495218,1.569489694405478,-2253.5457412517644,-2253.5457412517644,-2253.5457412517644
148,frame_000148.png,149,0.596,1372.4855330415553,-2321.2096162612925,0.000979802754196917,0.05613856257077735,0.02641809938943617,1.5136455977718295,-2241.294166271501,-2241.294166271501,-2241.294166271501
149,frame_000149.png,150,0.6,1363.2242295250376,-2309.6978825372394,0.0010835047571894822,0.06208024966930437,0.025468487691411017,1.4592368552987367,-2228.9878761990567,-2228.9878761990567,-2228.9878761990567
150,frame_000150.png,151,0.604,1354.0091882327797,-2298.0808435551385,0.001183457434015088,0.06780711620244664,0.02454347967209503,1.4062377997761748,-2216.6325306987364,-2216.6325306987364,-2216.6325306987364
151,frame_000151.png,152,0.608,1344.8408146466538,-2286.366197866734,0.0012797583274520526,0.07332475095972382,0.02364262558875261,1.3546226628435276,-2204.233553868449,-2204.233553868449,-2204.233553868449
152,frame_000152.png,153,0.612,1335.7194840926084,-2274.5613318179476,0.0013725031779051565,0.07863863946225864,0.022765474685288493,1.3043656180789467,-2191.7961431454346,-2191.7961431454346,-2191.7961431454346
153,frame_000153.png,154,0.616,1326.6455429654723,-2262.6733312975766,0.0014617859208097066,0.08375416381404097,0.02191157589088212,1.2554408210281525,-2179.325277881199,-2179.325277881199,-2179.325277881199
154,frame_000154.png,155,0.62,1317.6193099076552,-2250.7089930500556,0.001547698686726616,0.08867660270737526,0.021080478468133754,1.207822446340471,-2166.8257275978735,-2166.8257275978735,-2166.8257275978735
155,frame_000155.png,156,0.624,1308.6410769434544,-2238.6748355684053,0.0016303318039322203,0.09341113157126625,0.020271732613507263,1.1614847221716722,-2154.3020599378124,-2154.3020599378124,-2154.3020599378124
156,frame_000156.png,157,0.628,1299.711110570618,-2226.5771095828964,0.0017097738033174145,0.09796282285211876,0.01948489001271745,1.1164019620053187,-2141.758648317771,-2141.758648317771,-2141.758648317771
157,frame_000157.png,158,0.632,1290.8296528107483,-2214.421808160378,0.00178611142542102,0.10233664641671994,0.018719504353578685,1.072548594036829,-2129.1996792985783,-2129.1996792985783,-2129.1996792985783
158,frame_000158.png,159,0.636,1281.9969222200739,-2202.21467642868,0.0018594296294321042,0.10653747006803421,0.01797513179870725,1.0298991882573256,-2116.6291596808614,-2116.6291596808614,-2116.6291596808614
159,frame_000159.png,160,0.64,1273.2131148620642,-2189.961220939951,0.0019298116040053048,0.11057006016487568,0.01725133142035068,0.9884284813675218,-2104.0509233369444,-2104.0509233369444,-2104.0509233369444
160,frame_000160.png,161,0.644,1264.4784052432997,-2177.6667186862933,0.001997338779742072,0.11443908233703066,0.016547665599504116,0.948111399645405,-2091.4686377886965,-2091.4686377886965,-2091.4686377886965
161,frame_000161.png,162,0.648,1255.7929472139647,-2165.336225780556,0.0020620908431991615,0.11814910228788517,0.015863700391365147,0.9089230798852552,-2078.8858105407053,-2078.8858105407053,-2078.8858105407053
162,frame_000162.png,163,0.652,1247.1568748342768,-2152.9745858146766,0.0021241457522937083,0.1217045866770707,0.015199005859076228,0.870838888519678,-2066.305795177883,-2066.305795177883,-2066.305795177883
163,frame_000163.png,164,0.656,1238.5703032081167,-2140.586437907499,0.0021835797529818125,0.1251099040760767,0.014553156377604912,0.8338344390306589,-2053.7317972361725,-2053.7317972361725,-2053.7317972361725
164,frame_000164.png,165,0.66,1230.0333292850794,-2128.176224453562,0.0022404673970947676,0.12836932599019127,0.013925730909518713,0.7978856077502995,-2041.166879854787,-2041.166879854787,-2041.166879854787
165,frame_000165.png,166,0.664,1221.5460326321179,-2115.748198583916,0.002294881561223919,0.13148702794052378,0.013316313254322323,0.7629685481467876,-2028.6139692180632,-2028.6139692180632,-2028.6139692180632
166,frame_000166.png,167,0.668,1213.1084761759105,-2103.306431349631,0.0023468934665516338,0.13446709060023584,0.012724492272939394,0.7290597036862553,-2016.0758597946997,-2016.0758597946997,-2016.0758597946997
167,frame_000167.png,168,0.672,1204.7207069170415,-2090.854818638258,0.002396572699532027,0.13731350097945952,0.012149862088840752,0.6961358193565775,-2003.5552193819203,-2003.5552193819203,-2003.5552193819203
168,frame_000168.png,169,0.676,1196.3827566170405,-2078.397087833121,0.0024439872333309335,0.14003015365371724,0.011592022267243065,0.6641739519346993,-1991.0545939617473,-1991.0545939617473,-1991.0545939617473
169,frame_000169.png,170,0.68,1188.0946424592903,-2065.936804224963,0.002489203449940182,0.14262085203097652,0.01105057797372885,0.6331514790748922,-1978.5764123763656,-1978.5764123763656,-1978.5764123763656
170,frame_000170.png,171,0.684,1179.8563676847775,-2053.4773771851114,0.002532286162886457,0.1450893096527717,0.010525140113568476,0.6030461072913177,-1966.122990829267,-1966.122990829267,-1966.122990829267
171,frame_000171.png,172,0.6880000000000001,1171.6679222036194,-2041.0220661089893,0.0025732986404600504,0.14743915152511355,0.010015325452958277,0.5738358789044588,-1953.6965372186369,-1953.6965372186369,-1953.6965372186369
172,frame_000172.png,173,0.6920000000000001,1163.5292831832671,-2028.5739861384734,0.0026123026293935186,0.14967391547517625,0.009520756723325155,0.5454991780173342,-1941.2991553091833,-1941.2991553091833,-1941.2991553091833
173,frame_000173.png,174,0.6960000000000001,1155.4404156142577,-2016.1361136712853,0.0026493583789247354,0.15179705353000886,0.00904106270978779,0.5180147355839518,-1928.9328487484045,-1928.9328487484045,-1928.9328487484045
174,frame_000174.png,175,0.7000000000000001,1147.401272854346,-2003.711291665304,0.0026845246651830855,0.15381193331376122,0.008575878324806843,0.4913616336291547,-1916.59952493305,-1916.59952493305,-1916.59952493305
175,frame_000175.png,176,0.704,1139.411797151823,-1991.302234745388,0.00271785881584155,0.15572183946014448,0.008124844668001896,0.46551930867587915,-1904.3009987313321,-1904.3009987313321,-1904.3009987313321
176,frame_000176.png,177,0.708,1131.4719201487972,-1978.9115341200197,0.002749416734981254,0.15752997503706462,0.007687609073060469,0.4404675544328438,-1892.0389960662214,-1892.0389960662214,-1892.0389960662214
177,frame_000177.png,178,0.712,1123.5815633651812,-1966.5416623148196,0.0027792529281186243,0.15923946298057312,0.007263825142615237,0.41618652379286636,-1879.8151573649911,-1879.8151573649911,-1879.8151573649911
178,frame_000178.png,179,0.716,1115.740638664108,-1954.1949777297034,0.002807420527348745,0.160853347535475,0.006853152771917701,0.39265673018926556,-1867.6310408799354,-1867.6310408799354,-1867.6310408799354
179,frame_000179.png,180,0.72,1107.9490486994632,-1941.8737290262195,0.002833971316561688,0.1623745957001181,0.006455258162092456,0.3698590483552744,-1855.488125885081,-1855.488125885081,-1855.488125885081
180,frame_000180.png,181,0.724,1100.2066873462034,-1929.5800593513534,0.0028589557566916653,0.1638060986730631,0.00606981382371263,0.34777471452889797,-1843.387815753434,-1843.387815753434,-1843.387815753434
181,frame_000181.png,182,0.728,1092.5134401141015,-1917.3160104038573,0.0028824230109617266,0.16515067329949795,0.005696498571397191,0.3263853261433619,-1831.331440919244,-1831.331440919244,-1831.331440919244
182,frame_000182.png,183,0.732,1084.8691845455357,-1905.0835263489357,0.0029044209700894424,0.16641106351541735,0.005334997510091553,0.3056728410410488,-1819.3202617295,-1819.3202617295,-1819.3202617295
183,frame_000183.png,184,0.736,1077.2737905979195,-1892.884457586907,0.00292499627742159,0.167589941787734,0.00498500201365645,0.28561957624673134,-1807.3554711887923,-1807.3554711887923,-1807.3554711887923
184,frame_000184.png,185,0.74,1069.7271210113438,-1880.72056438125,0.002944194353968288,0.1686899105486289,0.004646209696355364,0.2662082063339221,-1795.4381976014952,-1795.4381976014952,-1795.4381976014952
185,frame_000185.png,186,0.744,1062.2290316619833,-1868.5935203512418,0.0029620594233093116,0.1697135036225781,0.0043183243777969345,0.24742176141622158,-1783.5695071150526,-1783.5695071150526,-1783.5695071150526
186,frame_000186.png,187,0.748,1054.7793719018002,-1856.5049158342101,0.0029786345363474976,0.1706631876446184,0.0040010560418579436,0.2292436247937786,-1771.7504061680597,-1771.7504061680597,-1771.7504061680597
187,frame_000187.png,188,0.752,1047.377984885054,-1844.456261122225,0.002993961595886169,0.17154136346853,0.0036941207900820124,0.21165753028323245,-1759.9818438466564,-1759.9818438466564,-1759.9818438466564
188,frame_000188.png,189,0.756,1040.0247078821133,-1832.448989577887,0.0030080813810094485,0.17235036756372554,0.003397240790020909,0.1946475592578876,-1748.2647141526386,-1748.2647141526386,-1748.2647141526386
189,frame_000189.png,190,0.76,1032.719372581041,-1820.4844606336912,0.0030210335712461353,0.17309247339973824,0.003110144218958312,0.17819813742332308,-1736.5998581865606,-1736.5998581865606,-1736.5998581865606
190,frame_000190.png,191,0.764,1025.461805377413,-1808.5639626792813,0.0030328567704995223,0.17376989281729954,0.0028325652034299487,0.1622940313521515,-1724.9880662489736,-1724.9880662489736,-1724.9880662489736
191,frame_000191.png,192,0.768,1018.2518276528056,-1796.68871584075,0.0030435885307271504,0.174384777385089,0.002564243754930199,0.146920344800279,-1713.43007986286,-1713.43007986286,-1713.43007986286
192,frame_000192.png,193,0.772,1011.0892560423821,-1784.8598746559885,0.003053265375355994,0.17493921974132556,0.0023049257021713412,0.13206251482564563,-1701.9265937201494,-1701.9265937201494,-1701.9265937201494
193,frame_000193.png,194,0.776,1003.9739026919798,-1773.0785306499354,0.003061922822420002,0.17543525491945114,0.002054362620240561,0.11770630772922125,-1690.4782575551826,-1690.4782575551826,-1690.4782575551826
194,frame_000194.png,195,0.78,996.9055755050938,-1761.3457148134396,0.0030695954074082513,0.17587486165723326,0.0018123117569780467,0.10383781483678099,-1679.0856779477763,-1679.0856779477763,-1679.0856779477763
195,frame_000195.png,196,0.784,989.8840783801356,-1749.66239998931,0.003076316705813231,0.17625996368868663,0.0015785359568806986,0.09044344813890894,-1667.7494200585616,-1667.7494200585616,-1667.7494200585616
196,frame_000196.png,197,0.788,982.9092114383299,-1738.029503168992,0.0030821193553699365,0.17659243101827932,0.0013528035828163122,0.07750993580555122,-1656.4700092990524,-1656.4700092990524,-1656.4700092990524
197,frame_000197.png,198,0.792,975.9807712426001,-1726.4478877031884,0.0030870350779775815,0.1768740811769544,0.00113488843581621,0.06502431759047245,-1645.2479329389193,-1645.2479329389193,-1645.2479329389193
198,frame_000198.png,199,0.796,969.0985510077818,-1714.9183654296123,0.003091094701296754,0.17710668045955588,0.0009245696731967068,0.05297394013996109,-1634.0836416527573,-1634.0836416527573,-1634.0836416527573
199,frame_000199.png,200,0.8,962.2623408024875,-1703.4416987209509,0.003094328180015816,0.1772919451433035,0.0007216317252442504,0.04134645221923978,-1622.9775510086156,-1622.9775510086156,-1622.9775510086156
200,frame_000200.png,201,0.804,955.4719277429369,-1692.0186024559941,0.003096764616781262,0.17743154268701405,0.0005258642106839434,0.03012979986916829,-1611.930042900456,-1611.930042900456,-1611.930042900456
201,frame_000201.png,202,0.808,948.7270961790542,-1680.6497459167845,0.0030984322827875893,0.17752709291081406,0.0003370618511366087,0.01931222150499451,-1600.9414669266034,-1600.9414669266034,-1600.9414669266034
202,frame_000202.png,203,0.812,942.0276278731217,-1669.335754614527,0.003099358638023038,0.17758016915613511,0.00015502438475611252,0.008882242968137463,-1590.0121417162063,-1590.0121417162063,-1590.0121417162063
203,frame_000203.png,204,0.8160000000000001,935.3733021712706,-1658.0772120469094,0.003099570351168288,0.17759229942582536,-2.044352077396408e-05,-0.001171327458736164,-1579.1423562056475,-1579.1423562056475,-1579.1423562056475
204,frame_000204.png,205,0.8200000000000001,928.7638961680775,-1646.874661389371,0.0030990933191459014,0.17756496750425002,-0.00018953235571776347,-0.010859404063800064,-1568.3323708667413,-1568.3323708667413,-1568.3323708667413
205,frame_000205.png,206,0.8240000000000001,922.1991848645256,-1635.7286071227786,0.003097952686318935,0.17749961405729078,-0.0003524278560834114,-0.020192628736423447,-1557.582418888529,-1557.582418888529,-1557.582418888529
206,frame_000206.png,207,0.8280000000000001,915.6789413195806,-1624.6395165998633,0.0030961728633377484,0.1773976377121884,-0.0005093110915936894,-0.029181376007519303,-1546.892707314385,-1546.892707314385,-1546.892707314385
207,frame_000207.png,208,0.8320000000000001,909.2029367956213,-1613.6078215526984,0.0030937775456345907,0.17726039611720448,-0.0006603585536969978,-0.03783575809220112,-1536.2634181361036,-1536.2634181361036,-1536.2634181361036
208,frame_000208.png,209,0.836,902.7709408979562,-1602.6339195434007,0.0030907897315660643,0.1770892069811081,-0.0008057422434943062,-0.04616562992762606,-1525.6947093465583,-1525.6947093465583,-1525.6947093465583
209,frame_000209.png,210,0.84,896.3827217086493,-1591.7181753601697,0.003087231740204042,0.17688534909252024,-0.0009456297594668435,-0.05418059419942134,-1515.1867159524745,-1515.1867159524745,-1515.1867159524745
210,frame_000210.png,211,0.844,890.0380459148697,-1580.8609223606893,0.003083125228776059,0.17665006331917457,-0.001080184384897969,-0.061890006350588486,-1504.7395509488078,-1504.7395509488078,-1504.7395509488078
211,frame_000211.png,212,0.848,883.73667893197,-1570.0624637648511,0.0030784912097566097,0.17638455358717678,-0.0012095651748909343,-0.06930297956725383,-1494.3533062561382,-1494.3533062561382,-1494.3533062561382
212,frame_000212.png,213,0.852,877.478385021495,-1559.3230738986804,0.0030733500676111566,0.17608998784036548,-0.0013339270428918831,-0.07642838973607124,-1484.028053622474,-1484.028053622474,-1484.028053622474
213,frame_000213.png,214,0.856,871.2629274043097,-1548.642999391276,0.003067721575195002,0.17576749897989843,-0.0014534208466347107,-0.08327488036849982,-1473.7638454907815,-1473.7638454907815,-1473.7638454907815
214,frame_000214.png,215,0.86,865.0900683690328,-1538.0224603265128,0.0030616249098095027,0.17541818578420582,-0.0015681934734314076,-0.08985086748758066,-1463.5607158335074,-1463.5607158335074,-1463.5607158335074
215,frame_000215.png,216,0.864,858.9595693759517,-1527.4616513511878,0.0030550786689183904,0.17504311380946913,-0.0016783879247376683,-0.09616454447318926,-1453.418680955349,-1453.418680955349,-1453.418680955349
216,frame_000216.png,217,0.868,852.8711911565912,-1516.960742741224,0.003048100885527233,0.17464331627079932,-0.0017841433999302367,-0.1022238868621239,-1443.337740265411,-1443.337740265411,-1443.337740265411
217,frame_000217.png,218,0.872,846.8246938090997,-1506.519881427499,0.0030407090432293146,0.1742197949043023,-0.0018855953792374647,-0.10803665709967662,-1433.3178770199343,-1433.3178770199343,-1433.3178770199343
218,frame_000218.png,219,0.876,840.8198368896118,-1496.1391919827922,0.003032920090921432,0.17377352081023195,-0.0019828757057704857,-0.11361040923967325,-1423.3590590366653,-1423.3590590366653,-1423.3590590366653
219,frame_000219.png,220,0.88,834.8563794997393,-1485.8187775713006,0.00302475045719331,0.17330543527744285,-0.0020761126666074513,-0.11895249359025792,-1413.4612393819189,-1413.4612393819189,-1413.4612393819189
220,frame_000220.png,221,0.884,828.9340803703382,-1475.558720862114,0.0030162160643945144,0.172816450589365,-0.0021654310728876913,-0.12407006130295045,-1403.6243570313795,-1403.6243570313795,-1403.6243570313795
221,frame_000221.png,222,0.888,823.0526979416921,-1465.3590849079899,0.0030073323423829065,0.1723074508117324,-0.0022509523388775897,-0.12897006890278734,-1393.8483375055853,-1393.8483375055853,-1393.8483375055853
222,frame_000222.png,223,0.892,817.2119904402498,-1455.2199139907202,0.0029981142419588254,0.17177929256230481,-0.0023327945599739934,-0.13365928275758782,-1384.133093481059,-1384.133093481059,-1384.133093481059
223,frame_000223.png,224,0.896,811.4117159520462,-1445.1412344343303,0.002988576247989317,0.17123280576283076,-0.0024110725896147253,-0.13814428348460173,-1374.4785253779978,-1374.4785253779978,-1374.4785253779978
224,frame_000224.png,225,0.9,805.6516324929341,-1435.123055387312,0.0029787323922268365,0.17066879437350507,-0.0024858981150700406,-0.14243147029303999,-1364.8845219253662,-1364.8845219253662,-1364.8845219253662
225,frame_000225.png,226,0.904,799.9314980757488,-1425.165369575038,0.0029685962658269555,0.17008803711018075,-0.0025573797320914936,-0.14652706526113976,-1355.3509607042856,-1355.3509607042856,-1355.3509607042856
226,frame_000226.png,227,0.908,794.25107077452,-1415.2681540234717,0.002958181031569685,0.1694912881445991,-0.002625623018399019,-0.1504371175466639,-1345.8777086704636,-1345.8777086704636,-1345.8777086704636
227,frame_000227.png,228,0.912,788.6101087858469,-1405.4313707552394,0.0029474994357891033,0.168879277787907,-0.002690730605988907,-0.15416750752984282,-1336.464622656515,-1336.464622656515,-1336.464622656515
228,frame_000228.png,229,0.916,783.0083704875431,-1395.6549674590954,0.002936563820016038,0.16825271315773366,-0.0027528022522491924,-0.15772395088798616,-1327.1115498548697,-1327.1115498548697,-1327.1115498548697
229,frame_000229.png,230,0.92,777.4456144946553,-1385.9388781337695,0.0029253861323385918,0.16761227882910062,-0.002811934909871,-0.16111200260110783,-1317.8183282820214,-1317.8183282820214,-1317.8183282820214
230,frame_000230.png,231,0.924,771.9215997129576,-1376.2830237071532,0.0029139779384853635,0.16695863746944356,-0.0028682227955471803,-0.16433706088806785,-1308.5847872248046,-1308.5847872248046,-1308.5847872248046
231,frame_000231.png,232,0.928,766.4360853900178,-1366.6873126317425,0.0029023504326362174,0.1662924304580238,-0.0029217574574517576,-0.1674043710728599,-1299.4107476693716,-1299.4107476693716,-1299.4107476693716
232,frame_000232.png,233,0.932,760.9888311639281,-1357.1516414572234,0.0028905144479655035,0.16561427849001037,-0.0029726278414957813,-0.1703190293807921,-1290.2960227135245,-1290.2960227135245,-1290.2960227135245
233,frame_000233.png,234,0.936,755.5795971097909,-1347.6758953810502,0.00287848046692262,0.16492478216551268,-0.003020920356357589,-0.1730859866644465,-1281.240417962998,-1281.240417962998,-1281.240417962998
234,frame_000234.png,235,0.9400000000000001,750.2081437840453,-1338.2599487778405,0.002866258631254834,0.1642245225638461,-0.0030667189372866298,-0.17571005205936888,-1272.2437319123342,-1272.2437319123342,-1272.2437319123342
235,frame_000235.png,236,0.9440000000000001,744.8742322667179,-1328.903665708374,0.0028538587517772615,0.1635140618033103,-0.003110105108682485,-0.1781958965695826,-1263.3057563108841,-1263.3057563108841,-1263.3057563108841
236,frame_000236.png,237,0.9480000000000001,739.5776242016773,-1319.6069004089588,0.002841290317894904,0.16279394358676202,-0.0031511580454517338,-0.180548056583078,-1254.4262765145222,-1254.4262765145222,-1254.4262765145222
237,frame_000237.png,238,0.9520000000000001,734.3180818349709,-1310.3694977618945,0.0028285625068816297,0.16206469373326127,-0.003189954633147151,-0.18277093731753458,-1245.6050718235902,-1245.6050718235902,-1245.6050718235902
238,frame_000238.png,239,0.9560000000000001,729.095368051316,-1301.1912937477418,0.0028156841929209524,0.16132682069607004,-0.003226569526894884,-0.18486881619659962,-1236.8419158075953,-1236.8419158075953,-1236.8419158075953
239,frame_000239.png,240,0.96,723.9092464088174,-1292.0721158800745,0.0028026639559134542,0.16058081606728036,-0.0032610752091166116,-0.1868458461571242,-1228.1365766171566,-1228.1365766171566,-1228.1365766171566
240,frame_000240.png,241,0.964,718.7594811719815,-1283.011783623371,0.002789510090055654,0.15982715506934717,-0.0032935420460547746,-0.18870605888782038,-1219.4888172836736,-1219.4888172836736,-1219.4888172836736
241,frame_000241.png,242,0.968,713.6458373430919,-1274.0101087946725,0.0027762306121950956,0.15906629703379976,-0.0033240383431101216,-0.190453367999869,-1210.898396007181,-1210.898396007181,-1210.898396007181
242,frame_000242.png,243,0.972,708.568080692009,-1265.066895949617,0.0027628332699663836,0.15829868586740217,-0.0033526303990016465,-0.19209157213005554,-1202.3650664328352,-1202.3650664328352,-1202.3650664328352
243,frame_000243.png,244,0.976,703.5259777844576,-1256.1819427534303,0.0027493255497128655,0.15752475050603218,-0.003379382558760049,-0.19362435797707173,-1193.8885779164443,-1193.8885779164443,-1193.8885779164443
244,frame_000244.png,245,0.98,698.5192960088601,-1247.3550403374416,0.0027357146841986003,0.15674490535654464,-0.003404357265566413,-0.19505530327165305,-1185.4686757794775,-1185.4686757794775,-1185.4686757794775
245,frame_000245.png,246,0.984,693.547803601771,-1238.5859736416583,0.002722007660115208,0.15595955072688208,-0.0034276151114489076,-0.1963878796812857,-1177.1051015539183,-1177.1051015539183,-1177.1051015539183
246,frame_000246.png,247,0.988,688.6112696719695,-1229.874521743927,0.002708211225388147,0.15516907324469376,-0.0034492148868504532,-0.19762545565022477,-1168.7975932173767,-1168.7975932173767,-1168.7975932173767
247,frame_000247.png,248,0.992,683.709464223262,-1221.2204581761816,0.0026943318962869096,0.15437384626471976,-0.003469213629081404,-0.19877129917562827,-1160.5458854187896,-1160.5458854187896,-1160.5458854187896
248,frame_000248.png,249,0.996,678.8421581760439,-1212.6235512282592,0.0026803759643435664,0.1535742302651944,-0.0034876666696715686,-0.19982858052062832,-1152.3497096950919,-1152.3497096950919,-1152.3497096950919
249,frame_000249.png,250,1.0,674.009123387672,-1204.0835642397547,0.0026663495030840364,0.15277057323351956,-0.0035046276806361895,-0.2008003748651762,-1144.2087946791935,-1144.2087946791935,-1144.2087946791935
250,frame_000250.png,251,1.004,669.2101326716919,-1195.6002558803564,0.002652258374576398,0.1519632110414554,-0.0035201487196714135,-0.20168966489555235,-1136.1228662995686,-1136.1228662995686,-1136.1228662995686
251,frame_000251.png,252,1.008,664.4449598159671,-1187.1733804190994,0.0026381082358004904,0.1511524678100715,-0.0035342802742947474,-0.20249934333342795,-1128.091647971794,-1128.091647971794,-1128.091647971794
252,frame_000252.png,253,1.012,659.7133795997532,-1178.8026879829495,0.002623904544843005,0.15033865626469944,-0.003547071304946265,-0.2032322154053824,-1120.1148607823407,-1120.1148607823407,-1120.1148607823407
253,frame_000253.png,254,1.016,655.0151678097587,-1170.4879248051177,0.0026096525669221772,0.14952207808012238,-0.003558569287067076,-0.20389100125382173,-1112.1922236648888,-1112.1922236648888,-1112.1922236648888
254,frame_000254.png,255,1.02,650.3501012552322,-1162.2288334634939,0.002595357380246152,0.14870302421623446,-0.0035688202521711766,-0.20447833829022258,-1104.3234535694742,-1104.3234535694742,-1104.3234535694742
255,frame_000255.png,256,1.024,645.7179577821154,-1154.0251531095655,0.0025810238817090114,0.14788177524439938,-0.0035778688279276237,-0.2049967834916714,-1096.5082656247096,-1096.5082656247096,-1096.5082656247096
256,frame_000256.png,257,1.028,641.1185162863004,-1145.8766196881845,0.002566656792428393,0.1470586016647323,-0.0035857582772694362,-0.20544881564163953,-1088.746373293378,-1088.746373293378,-1088.746373293378
257,frame_000257.png,258,1.032,636.551556726024,-1137.7829661485212,0.002552260663128556,0.14623376421452702,-0.0035925305365464687,-0.2058368375159818,-1081.0374885216033,-1081.0374885216033,-1081.0374885216033
258,frame_000258.png,259,1.036,632.0168601334371,-1129.7439226465399,0.0025378398793726932,0.14540751416804526,-0.003598226252739001,-0.20616317801511824,-1073.3813218818827,-1073.3813218818827,-1073.3813218818827
259,frame_000259.png,260,1.04,627.5142086253796,-1121.7592167393138,0.0025233986666482046,0.14458009362788146,-0.003602884819749203,-0.20643009424338168,-1065.7775827101837,-1065.7775827101837,-1065.7775827101837
260,frame_000260.png,261,1.044,623.0433854133954,-1113.8285735714865,0.0025089410953085946,0.14375173580811249,-0.0036065444137875664,-0.20663977353651114,-1058.225979237342,-1058.225979237342,-1058.225979237342
261,frame_000261.png,262,1.048,618.6041748130161,-1105.9517160541752,0.0024944710853755797,0.14292266530943837,-0.0036092420278711936,-0.20679433543825804,-1050.726218714985,-1050.726218714985,-1050.726218714985
262,frame_000262.png,263,1.052,614.1963622523443,-1098.1283650366017,0.0024799924112049194,0.14209309838651446,-0.003611013505451295,-0.2068958336270999,-1043.2780075361616,-1043.2780075361616,-1043.2780075361616
263,frame_000263.png,264,1.056,609.8197342799643,-1090.3582394707241,0.00246550870601943,0.14126324320767417,-0.0036118935731866437,-0.206946257794021,-1035.8810513509097,-1035.8810513509097,-1035.8810513509097
264,frame_000264.png,265,1.06,605.4740785722089,-1082.6410565691338,0.002451023466312556,0.14043330010723495,-0.003611915872880081,-0.2069475354723394,-1028.5350551769316,-1028.5350551769316,-1028.5350551769316
265,frame_000265.png,266,1.064,601.1591839398068,-1074.9765319564708,0.002436540056125821,0.13960346183057828,-0.003611112992594912,-0.20690153382054496,-1021.2397235055732,-1021.2397235055732,-1021.2397235055732
266,frame_000266.png,267,1.068,596.8748403339376,-1067.364379814605,0.002422061711203402,0.13877391377218898,-0.0036095164969679842,-0.2068100613591109,-1013.9947604032805,-1013.9947604032805,-1013.9947604032805
267,frame_000267.png,268,1.072,592.620838851719,-1059.8043130218134,0.002407591543027004,0.13794483420683687,-0.0036071569567360587,-0.20667486966223025,-1006.7998696087097,-1006.7998696087097,-1006.7998696087097
268,frame_000268.png,269,1.076,588.3969717411477,-1052.2960432861878,0.002393132542734161,0.13711639451407856,-0.0036040639774920797,-0.2064976550054287,-999.6547546256502,-999.6547546256502,-999.6547546256502
269,frame_000269.png,270,1.08,584.2030324055188,-1044.8392812734842,0.0023786875849229998,0.13628875939625448,-0.003600266227687632,-0.20628005996998722,-992.5591188119315,-992.5591188119315,-992.5591188119315
270,frame_000270.png,271,1.084,580.0388154073453,-1037.4337367296282,0.0023642594313464577,0.13546208709015203,-0.00359579146589792,-0.20602367500511032,-985.5126654644496,-985.5126654644496,-985.5126654644496
271,frame_000271.png,272,1.088,575.9041164717969,-1030.0791185980775,0.0023498507344988677,0.13463652957250166,-0.0035906665673653207,-0.20573003994875957,-978.5150979004748,-978.5150979004748,-978.5150979004748
272,frame_000272.png,273,1.092,571.7987324896802,-1022.7751351322374,0.002335464041097769,0.13381223275947002,-0.003584917549837351,-0.20540064550806017,-971.566119535378,-971.566119535378,-971.566119535378
273,frame_000273.png,274,1.096,567.7224615199789,-1015.5214940031162,0.0023211017954637343,0.13298933670030963,-0.003578569598714748,-0.2050369347001797,-964.6654339569182,-964.6654339569182,-964.6654339569182
274,frame_000274.png,275,1.1,563.6751027919726,-1008.3179024024,0.0023067663428009396,0.1321679757653219,-0.0035716470915252967,-0.20464030425457516,-957.8127449962062,-957.8127449962062,-957.8127449962062
275,frame_000275.png,276,1.104,559.6564567069523,-1001.1640671411241,0.002292459932381149,0.13134827882828592,-0.003564173621738609,-0.2042121059774794,-951.0077567954911,-951.0077567954911,-951.0077567954911
276,frame_000276.png,277,1.108,555.6663248395502,-994.0596947441051,0.002278184720633714,0.13053036944350233,-0.0035561720219370197,-0.20375364807949564,-944.2501738728793,-944.2501738728793,-944.2501738728793
277,frame_000277.png,278,1.112,551.7045099386995,-987.0044915402973,0.0022639427741441413,0.12971436601759864,-0.0035476643863574,-0.20326619646714808,-937.5397011841142,-937.5397011841142,-937.5397011841142
278,frame_000278.png,279,1.116,547.7708159282414,-979.9981637492275,0.0022497360725637103,0.12890038197623813,-0.003538672092818749,-0.2027509759992406,-930.876044181512,-930.876044181512,-930.876044181512
279,frame_000279.png,280,1.12,543.8650479071936,-973.0404175636571,0.0022355665114325712,0.12808852592587122,-0.0035292158240498254,-0.20220917170883992,-924.258908870183,-924.258908870183,-924.258908870183
280,frame_000280.png,281,1.124,539.9870121496958,-966.130959228618,0.0022214359049186976,0.1272789018106662,-0.0035193155884311565,-0.2016419299917051,-917.6880018616303,-917.6880018616303,-917.6880018616303
281,frame_000281.png,282,1.1280000000000001,536.1365161046467,-959.2694951169572,0.0022073459884750027,0.1264716090647505,-0.0035089907401654637,-0.20105035976196795,-911.1630304248265,-911.1630304248265,-911.1630304248265
282,frame_000282.png,283,1.1320000000000001,532.3133683950443,-952.455731801526,0.002193298421416886,0.12566674275989342,-0.0034982599988901426,-0.20043553357584523,-904.6837025348777,-904.6837025348777,-904.6837025348777
283,frame_000283.png,284,1.1360000000000001,528.5173788170454,-945.6893761241425,0.002179294789422408,0.12486439374875546,-0.003487141468745453,-0.19979848872416553,-898.2497269193532,-898.2497269193532,-898.2497269193532
284,frame_000284.png,285,1.1400000000000001,524.748358338755,-938.9701352614487,0.00216533660695725,0.12406464880382839,-0.0034756526569116337,-0.19914022829446773,-891.8608131023825,-891.8608131023825,-891.8608131023825
285,frame_000285.png,286,1.1440000000000001,521.0061190987586,-932.2977167877825,0.0021514253196265555,0.12326759075218578,-0.00346381049162813,-0.19846172220342662,-885.516671446595,-885.516671446595,-885.516671446595
286,frame_000286.png,287,1.1480000000000001,517.2904744044087,-925.6718287351807,0.0021375623064556933,0.1224732986061611,-0.0034516313397076025,-0.19776390820033174,-879.2170131929997,-879.2170131929997,-879.2170131929997
287,frame_000287.png,288,1.1520000000000001,513.6012387298763,-919.09217965062,0.002123748882101952,0.12168184769006851,-0.003439131023557432,-0.19704769284234774,-872.961550498876,-872.961550498876,-872.961550498876
288,frame_000288.png,289,1.156,509.93822771398084,-912.5584786506055,0.002109986298999098,0.12089330976307691,-0.0034263248377209964,-0.19631395244225977,-866.7499964737522,-866.7499964737522,-866.7499964737522
289,frame_000289.png,290,1.16,506.3012581578047,-906.0704354732063,0.0020962757494366988,0.1201077531383465,-0.003413227564950886,-0.19556353398940085,-860.5820652135505,-860.5820652135505,-860.5820652135505
290,frame_000290.png,291,1.164,502.69014802210575,-899.6277605276384,0.0020826183675760656,0.11932524279853368,-0.003399853491825913,-0.19479725604444054,-854.4574718329695,-854.4574718329695,-854.4574718329695
291,frame_000291.png,292,1.168,499.10471642453655,-893.2301649414886,0.002069015231404609,0.11854584050776748,-0.00338621642392355,-0.19401590960870183,-848.3759324961707,-848.3759324961707,-848.3759324961707
292,frame_000292.png,293,1.172,495.54478363667863,-886.8773606056708,0.0020554673646303668,0.11776960492019788,-0.003372329700559215,-0.1932202589686597,-842.3371644458377,-842.3371644458377,-842.3371644458377
293,frame_000293.png,294,1.176,492.0101710809019,-880.5690602172031,0.002041975738518415,0.11699659168521455,-0.0033582062091035703,-0.1924110425162622,-836.3408860306713,-836.3408860306713,-836.3408860306713
294,frame_000294.png,295,1.18,488.50070132705696,-874.3049773198891,0.002028541273670829,0.116226853549431,-0.003343858398888778,-0.1915889735456999,-830.3868167313806,-830.3868167313806,-830.3868167313806
295,frame_000295.png,296,1.184,485.016198089009,-868.0848263429858,0.002015164841751816,0.11546044045552749,-0.0033292982947144573,-0.19075474102724052,-824.4746771852306,-824.4746771852306,-824.4746771852306
296,frame_000296.png,297,1.188,481.55648622102063,-861.908322637936,0.0020018472671595967,0.11469739963804265,-0.0033145375099637286,-0.1899090103587227,-818.6041892092071,-818.6041892092071,-818.6041892092071
297,frame_000297.png,298,1.192,478.12139171399235,-855.7751825132393,0.001988589328646586,0.11393777571620319,-0.0032995872593397334,-0.18905242409530496,-812.7750758218435,-812.7750758218435,-812.7750758218435
298,frame_000298.png,299,1.196,474.7107416915662,-849.685123267538,0.001975391760889355,0.11318161078387592,-0.0032844583712325903,-0.18818560265804,-806.9870612637719,-806.9870612637719,-806.9870612637719
299,frame_000299.png,300,1.2,471.3243644061014,-843.6378632209821,0.0019622552560098483,0.11242894449672718,-0.0032691612997265765,-0.18730914502183557,-801.2398710170487,-801.2398710170487,-801.2398710170487
300,frame_000300.png,301,1.204,467.9620892345271,-837.6331217449467,0.0019491804650492678,0.11167981415667011,-0.0032537061362571656,-0.18642362938335355,-795.5332318232975,-795.5332318232975,-795.5332318232975
301,frame_000301.png,302,1.208,464.6237466740807,-831.6706192901607,0.0019361679993960058,0.11093425479367926,-0.0032381026209273526,-0.1855296138093876,-789.8668717007172,-789.8668717007172,-789.8668717007172
302,frame_000302.png,303,1.212,461.30916833793526,-825.7500774133149,0.001923218432168977,0.11019229924504957,-0.0032223601534922923,-0.18462763686623648,-784.2405199600121,-784.2405199600121,-784.2405199600121
303,frame_000303.png,304,1.216,458.01818695072484,-819.8712188022035,0.0019103322995576517,0.10945397823217475,-0.0032064878040213747,-0.1837182182305962,-778.6539072192675,-778.6539072192675,-778.6539072192675
304,frame_000304.png,305,1.22,454.7506363439712,-814.0337672994619,0.0018975101021200674,0.10871932043491771,-0.0031904943232463207,-0.18280185928246198,-773.1067654178344,-773.1067654178344,-773.1067654178344
305,frame_000305.png,306,1.224,451.506351451419,-808.237447924953,0.0018847523060400591,0.10798835256364468,-0.0031743881526039765,-0.18187904368053817,-767.598827829245,-767.598827829245,-767.598827829245
306,frame_000306.png,307,1.228,448.2851683042833,-802.481986896857,0.0018720593443449065,0.10726109942899122,-0.003158177433982095,-0.18095023792063022,-762.1298290732102,-762.1298290732102,-762.1298290732102
307,frame_000307.png,308,1.232,445.0869240264161,-796.7671116515156,0.0018594316180845767,0.10653758400942781,-0.003141870019176197,-0.1800158918774831,-756.6995051267327,-756.6995051267327,-756.6995051267327
308,frame_000308.png,309,1.236,441.9114568293956,-791.09255086208,0.0018468694974737004,0.10581782751669029,-0.0031254734790655565,-0.17907643933052644,-751.3075933343698,-751.3075933343698,-751.3075933343698
309,frame_000309.png,310,1.24,438.7586060075428,-785.4580344560105,0.0018343733229973856,0.10510184945913835,-0.0031089951125160466,-0.17813229847396997,-745.9538324176792,-745.9538324176792,-745.9538324176792
310,frame_000310.png,311,1.244,435.6282119328712,-779.8632936314747,0.0018219434064819533,0.10438966770310412,-0.0030924419550173304,-0.1771838724116782,-740.6379624838917,-740.6379624838917,-740.6379624838917
311,frame_000311.png,312,1.248,432.5201160499722,-774.3080608726858,0.0018095800321316373,0.10368129853229072,-0.0030758207870618965,-0.17623154963725376,-735.3597250338271,-735.3597250338271,-735.3597250338271
312,frame_000312.png,313,1.252,429.43416087084205,-768.7920699642264,0.0017972834575322697,0.10297675670527918,-0.0030591381422730903,-0.17527570449973925,-730.1188629690964,-730.1188629690964,-730.1188629690964
313,frame_000313.png,314,1.256,426.3701899696527,-763.3150560043964,0.0017850539146229405,0.10227605551120048,-0.003042400315289153,-0.17431669765533947,-724.9151205986145,-724.9151205986145,-724.9151205986145
314,frame_000314.png,315,1.26,423.3280479774718,-757.876755417626,0.0017728916106365949,0.10157920682362774,-0.00302561336941015,-0.17335487650555806,-719.7482436444532,-719.7482436444532,-719.7482436444532
315,frame_000315.png,316,1.264,420.30758057693447,-752.4769059659905,0.0017607967290105015,0.10088622115274226,-0.003008783144014421,-0.1723905756221289,-714.617979247063,-714.617979247063,-714.617979247063
316,frame_000316.png,317,1.268,417.30863449687115,-747.115246759864,0.0017487694302675035,0.10019710769582547,-0.002991915261751162,-0.17142411715912056,-709.524075969885,-709.524075969885,-709.524075969885
317,frame_000317.png,318,1.272,414.3310575068941,-741.7915182677472,0.0017368098528689332,0.09951187438612735,-0.0029750151355153118,-0.17045581125256803,-704.466283803391,-704.466283803391,-704.466283803391
318,frame_000318.png,319,1.276,411.37469841194655,-736.5054623253014,0.001724918114040048,0.09883052794016038,-0.002958087975211139,-0.16948595640799755,-699.444354168556,-699.444354168556,-699.444354168556
319,frame_000319.png,320,1.28,408.43940704681705,-731.2568221436245,0.0017130943105688238,0.0981530739034671,-0.0029411387943103513,-0.16851483987617866,-694.4580399198085,-694.4580399198085,-694.4580399198085
320,frame_000320.png,321,1.284,405.52503427062237,-726.0453423167961,0.001701338519578913,0.0974795166949073,-0.0029241724162107595,-0.16754273801744887,-689.5070953474644,-689.5070953474644,-689.5070953474644
321,frame_000321.png,322,1.288,402.63143196126157,-720.8707688287254,0.001689650799277556,0.09680985964951017,-0.0029071934804010876,-0.16656991665493112,-684.5912761796772,-684.5912761796772,-684.5912761796772
322,frame_000322.png,323,1.292,399.758453009844,-715.7328490593286,0.001678031189679209,0.09614410505993518,-0.00289020644843758,-0.16559663141696832,-679.7103395839185,-679.7103395839185,-679.7103395839185
323,frame_000323.png,324,1.296,396.90595131509406,-710.6313317900642,0.0016664797133056298,0.095482254216584,-0.002873215609737795,-0.1646231280690831,-674.864044168012,-674.864044168012,-674.864044168012
324,frame_000324.png,325,1.3,394.0737817777348,-705.5659672088536,0.0016549963758631448,0.09482430744640506,-0.0028562250871968595,-0.1636496428357656,-670.0521499807417,-670.0521499807417,-670.0521499807417
325,frame_000325.png,326,1.304,391.26180029485334,-700.536506914412,0.0016435811668977934,0.09417026415043053,-0.0028392388426313284,-0.16267640271238362,-665.2744185120491,-665.2744185120491,-665.2744185120491
326,frame_000326.png,327,1.308,388.46986375425007,-695.5427039200143,0.0016322340604290329,0.09352012284008496,-0.0028222606820556707,-0.16170362576750305,-660.5306126928413,-660.5306126928413,-660.5306126928413
327,frame_000327.png,328,1.312,385.6978300287736,-690.5843126567207,0.0016209550155626617,0.09287388117230319,-0.0028052942607962456,-0.16073152143589695,-655.8204968944224,-655.8204968944224,-655.8204968944224
328,frame_000328.png,329,1.316,382.9455579706442,-685.6610889760841,0.0016097439770836018,0.09223153598349429,-0.0027883430884474477,-0.15976029080251197,-651.1438369275741,-651.1438369275741,-651.1438369275741
329,frame_000329.png,330,1.32,380.2129074057674,-680.7727901523618,0.0015986008760291636,0.0915930833223872,-0.0027714105336747574,-0.1587901268776627,-646.5004000412869,-646.5004000412869,-646.5004000412869
330,frame_000330.png,331,1.324,377.49973912803944,-675.9191748842525,0.0015875256302433946,0.0909585184817926,-0.0027544998288690573,-0.15782121486370448,-641.8899549211726,-641.8899549211726,-641.8899549211726
331,frame_000331.png,332,1.328,374.80591489364696,-671.1000032961792,0.0015765181449130998,0.09032783602931453,-0.0027376140746566847,-0.1568537324134403,-637.3122716875603,-637.3122716875603,-637.3122716875603
332,frame_000332.png,333,1.332,372.1312974153625,-666.3150369391377,0.0015655783130861026,0.0897010298370447,-0.0027207562442693595,-0.15588784988049917,-632.7671218933019,-632.7671218933019,-632.7671218933019
333,frame_000333.png,334,1.336,369.4757503568371,-661.5640387911293,0.0015547060161722967,0.08907809311027051,-0.0027039291877782277,-0.1549237305619291,-628.2542785212872,-628.2542785212872,-628.2542785212872
334,frame_000334.png,335,1.34,366.83913832689234,-656.8467732571958,0.0015439011244280263,0.08845901841522807,-0.0026871356361959694,-0.15396153093323045,-623.773515981695,-623.773515981695,-623.773515981695
335,frame_000335.png,336,1.344,364.2213268738128,-652.1630061690753,0.0015331634974243143,0.08784379770592968,-0.0026703782054508934,-0.15300140087605485,-619.324610108983,-619.324610108983,-619.324610108983
336,frame_000336.png,337,1.348,361.62218247964086,-647.512504784494,0.0015224929844994415,0.08723242235009467,-0.0026536594002368446,-0.15204348389878852,-614.9073381586338,-614.9073381586338,-614.9073381586338
337,frame_000337.png,338,1.352,359.04157255447467,-642.8950377861115,0.0015118894251963672,0.08662488315421182,-0.0026369816177425516,-0.15108791735022836,-610.5214788036687,-610.5214788036687,-610.5214788036687
338,frame_000338.png,339,1.356,356.47936543077157,-638.310375280134,0.0015013526496854687,0.08602117038776054,-0.002620347151264116,-0.15013483262656216,-606.1668121309351,-606.1668121309351,-606.1668121309351
339,frame_000339.png,340,1.36,353.9354303576572,-633.7582887946126,0.001490882479173054,0.08542127380661685,-0.0026037581937040054,-0.14918435537184618,-601.8431196371862,-601.8431196371862,-601.8431196371862
340,frame_000340.png,341,1.364,351.4096374952421,-629.2385512774367,0.0014804787262961017,0.0848251826756704,-0.0025872168409600514,-0.14823660567218047,-597.550184224958,-597.550184224958,-597.550184224958
341,frame_000341.png,342,1.368,348.90185790894725,-624.7509370940422,0.0014701411955036579,0.08423288579067684,-0.0025707250952077005,-0.14729169824376798,-593.2877901982536,-593.2877901982536,-593.2877901982536
342,frame_000342.png,343,1.372,346.4119635638391,-620.2952220248428,0.00145986968342531,0.08364437149936985,-0.002554284868078703,-0.14634974261503994,-589.0557232580484,-589.0557232580484,-589.0557232580484
343,frame_000343.png,344,1.3760000000000001,343.9398273189753,-615.8711832623992,0.0014496639792271487,0.08305962772185627,-0.002537897983739438,-0.14541084330303103,-584.8537704976195,-584.8537704976195,-584.8537704976195
344,frame_000344.png,345,1.3800000000000001,341.48532292176264,-611.4785994083392,0.0014395238649556098,0.08247864197031671,-0.002521566181871788,-0.1444750999841708,-580.681720397715,-580.681720397715,-580.681720397715
345,frame_000345.png,346,1.3840000000000001,339.0483250023274,-607.1172504700389,0.0014294491158695828,0.08190140136803407,-0.002505291120559609,-0.1435426076596663,-576.539362821565,-576.539362821565,-576.539362821565
346,frame_000346.png,347,1.3880000000000001,336.62870906789954,-602.7869178570777,0.0014194395007611571,0.0813278926677709,-0.002489074379083585,-0.14261345681563536,-572.4264890097461,-572.4264890097461,-572.4264890097461
347,frame_000347.png,348,1.3920000000000001,334.22635149721185,-598.4873843774769,0.0014094947822653654,0.08075810226951635,-0.0024729174606272723,-0.14168773357815162,-568.342891574908,-568.342891574908,-568.342891574908
348,frame_000348.png,349,1.3960000000000001,331.84112953491405,-594.2184342337338,0.001399614717159277,0.08019201623762301,-0.002456821794897016,-0.1407655198633546,-564.2883644963681,-564.2883644963681,-564.2883644963681
349,frame_000349.png,350,1.4000000000000001,329.4729212860035,-589.9798530186595,0.0013897990566507775,0.07962962031735275,-0.0024407887406583846,-0.13984689352277668,-560.2627031145782,-560.2627031145782,-560.2627031145782
350,frame_000350.png,351,1.4040000000000001,327.1216057102728,-585.771427711032,0.001380047546657365,0.07907089995085056,-0.002424819588191624,-0.13893192848403035,-556.2657041254802,-556.2657041254802,-556.2657041254802
351,frame_000351.png,352,1.408,324.787062616775,-581.5929466710727,0.0013703599280752827,0.07851584029256474,-0.0024089155616686293,-0.13802069488699864,-552.297165574744,-552.297165574744,-552.297165574744
352,frame_000352.png,353,1.412,322.4691726583079,-577.4441996357559,0.0013607359370392948,0.0779644262241309,-0.002393077821453841,-0.13711325921566667,-548.3568868519055,-548.3568868519055,-548.3568868519055
353,frame_000353.png,354,1.416,320.16781732591636,-573.3249777139592,0.0013511753051734078,0.0774166423687373,-0.002377307466331362,-0.1362096844257261,-544.4446686844049,-544.4446686844049,-544.4446686844049
354,frame_000354.png,355,1.42,317.8828789434154,-569.2350733814637,0.0013416777598328259,0.0768724731049878,-0.0023616055356605803,-0.1353100300680833,-540.560313131532,-540.560313131532,-540.560313131532
355,frame_000355.png,356,1.424,315.6142406619327,-565.1742804758118,0.0013322430243374222,0.0763319025802789,-0.0023459730114625205,-0.13441435240839833,-536.7036235782841,-536.7036235782841,-536.7036235782841
356,frame_000356.png,357,1.428,313.3617864544726,-561.1423941910305,0.001322870818197001,0.07579491472370617,-0.002330410820438951,-0.1335227045427714,-532.8744047291475,-532.8744047291475,-532.8744047291475
357,frame_000357.png,358,1.432,311.12540111050134,-557.1392110722264,0.0013135608573286118,0.07526149325851553,-0.0023149198359264708,-0.13263513650970377,-529.0724626017948,-529.0724626017948,-529.0724626017948
358,frame_000358.png,359,1.436,308.90497023055354,-553.1645290100612,0.0013043128542661762,0.0747316217141139,-0.002299500879787443,-0.13175169539844014,-525.2976045207181,-525.2976045207181,-525.2976045207181
359,frame_000359.png,360,1.44,306.7003802208619,-549.2181472351128,0.001295126518362671,0.07420528343765356,-0.0022841547242398166,-0.1308724254538099,-521.5496391107924,-521.5496391107924,-521.5496391107924
360,frame_000360.png,361,1.444,304.5115182880093,-545.2998663121296,0.0012860015559851127,0.07368246160520381,-0.0022688820936276714,-0.12999736817767166,-517.8283762907802,-517.8283762907802,-517.8283762907802
361,frame_000361.png,362,1.448,302.33827243360383,-541.4094881341837,0.0012769376707025735,0.07316313923252357,-0.002253683666134365,-0.1291265624270696,-514.1336272667743,-514.1336272667743,-514.1336272667743
362,frame_000362.png,363,1.452,300.18053144897783,-537.5468159167295,0.001267934563467458,0.07264729918544777,-0.002238560075440023,-0.12826004450920048,-510.4652045255932,-510.4652045255932,-510.4652045255932
363,frame_000363.png,364,1.456,298.0381849099106,-533.7116541915727,0.001258991932790257,0.07213492418989993,-0.0022235119123251547,-0.1273978482732941,-506.82292182812307,-506.82292182812307,-506.82292182812307
364,frame_000364.png,365,1.46,295.91112317137566,-529.9038088007558,0.001250109474907991,0.07162599684154337,-0.0022085397262219947,-0.1265400051994986,-503.2065942026186,-503.2065942026186,-503.2065942026186
365,frame_000365.png,366,1.464,293.79923736231206,-526.1230868903651,0.0012412868839465519,0.07112049961508264,-0.002193644026715287,-0.12568654448486916,-499.61603793795894,-499.61603793795894,-499.61603793795894
366,frame_000366.png,367,1.468,291.70241938042153,-522.3692969042651,0.0012325238520771377,0.07061841487322658,-0.002178825284994028,-0.12483749312654659,-496.05107057686905,-496.05107057686905,-496.05107057686905
367,frame_000367.png,368,1.472,289.62056188699006,-518.6422485777634,0.001223820069666977,0.07011972487532417,-0.002164083935255694,-0.12399287600221376,-492.51151090910673,-492.51151090910673,-492.51151090910673
368,frame_000368.png,369,1.476,287.5535583017351,-514.9417529312135,0.0012151752254245293,0.06962441178568393,-0.0021494203760645085,-0.12315271594791857,-488.99717896461607,-488.99717896461607,-488.99717896461607
369,frame_000369.png,370,1.48,285.50130279767876,-511.2676222635563,0.0012065890065393393,0.06913245768158703,-0.002134834971665123,-0.12231703383334223,-485.50789600665667,-485.50789600665667,-485.50789600665667
370,frame_000370.png,371,1.484,283.46369029604676,-507.61967014580887,0.0011980610988167255,0.06864384456100424,-0.0021203280532531175,-0.12148584863459369,-482.0434845249065,-482.0434845249065,-482.0434845249065
371,frame_000371.png,372,1.488,281.4406164611934,-503.9977114145012,0.0011895911868074708,0.06815855435002677,-0.0021058999202037227,-0.12065917750461015,-478.60376822854323,-478.60376822854323,-478.60376822854323
372,frame_000372.png,373,1.492,279.4319776955531,-500.40156216506665,0.0011811789539326776,0.06767656891001991,-0.0020915508412600236,-0.11983703584123616,-475.1885720393076,-475.1885720393076,-475.1885720393076
373,frame_000373.png,374,1.496,277.4376711346186,-496.8310397451893,0.0011728240826039509,0.06719787004450901,-0.002077281055681956,-0.11901943735305623,-471.7977220845487,-471.7977220845487,-471.7977220845487
374,frame_000374.png,375,1.5,275.45759464194526,-493.28596274811207,0.0011645262543390595,0.06672243950580638,-0.0020630907743573196,-0.11820639412305126,-468.4310456902574,-468.4310456902574,-468.4310456902574
375,frame_000375.png,376,1.504,273.49164680418284,-489.7661510059095,0.0011562851498732305,0.06625025900138796,-0.0020489801808760005,-0.11739791667014686,-465.08837137408864,-465.08837137408864,-465.08837137408864
376,frame_000376.png,377,1.508,271.5397269261339,-486.2714255827272,0.001148100449266215,0.06578131020002781,-0.002034949432568589,-0.11659401400872185,-461.7695288383727,-461.7695288383727,-461.7695288383727
377,frame_000377.png,378,1.512,269.60173502583933,-482.8016087679931,0.0011399718320052698,0.06531557473769846,-0.002020998661510484,-0.11579469370613918,-458.4743489631229,-458.4743489631229,-458.4743489631229
378,frame_000378.png,379,1.516,267.6775718296915,-479.35652406960185,0.001131898977104191,0.06485303422324515,-0.0020071279754926147,-0.11499996193836415,-455.20266379903615,-455.20266379903615,-455.20266379903615
379,frame_000379.png,380,1.52,265.7671387675738,-475.93599620707647,0.0011238815631985286,0.06439367024384118,-0.001993337458959821,-0.11420982354372969,-451.95430656049257,-451.95430656049257,-451.95430656049257
380,frame_000380.png,381,1.524,263.8703379680286,-472.5398511047096,0.0011159192686371097,0.06393746437023191,-0.0019796271739179194,-0.11342428207490739,-448.72911161855404,-448.72911161855404,-448.72911161855404
381,frame_000381.png,382,1.528,261.9870722534521,-469.16791588468726,0.0011080117715699975,0.06348439816177431,-0.001965997160810436,-0.11264333984914059,-445.5269144939664,-445.5269144939664,-445.5269144939664
382,frame_000382.png,383,1.532,260.11724513531675,-465.8200188601972,0.0011001587500329981,0.06303445317127891,-0.0019524474393660283,-0.11186699799679813,-442.34755185015933,-442.34755185015933,-442.34755185015933
383,frame_000383.png,384,1.536,258.2607608094215,-462.49598952852534,0.0010923598820288389,0.06258761094966096,-0.001938978009417459,-0.11109525650829799,-439.1908614862581,-439.1908614862581,-439.1908614862581
384,frame_000384.png,385,1.54,256.41752415116963,-459.1956585641416,0.0010846148456051233,0.06214385305040697,-0.0019255888516930683,-0.11032811427945542,-436.0566823300969,-436.0566823300969,-436.0566823300969
385,frame_000385.png,386,1.544,254.58744071087375,-455.918857811778,0.0010769233189291752,0.061703161033862856,-0.0019122799285816337,-0.10956556915530609,-432.9448544312422,-432.9448544312422,-432.9448544312422
386,frame_000386.png,387,1.548,252.77041670908935,-452.6654202795015,0.0010692849803598749,0.06126551647134995,-0.00189905118487144,-0.10880761797245175,-429.855218954026,-429.855218954026,-429.855218954026
387,frame_000387.png,388,1.552,250.96635903197543,-449.4351801317826,0.0010616995085165886,0.06083090094911433,-0.0018859025484643868,-0.10805425659997556,-426.7876181705898,-426.7876181705898,-426.7876181705898
388,frame_000388.png,389,1.556,249.17517522668308,-446.2279726825627,0.0010541665823452916,0.06039929607211537,-0.0018728339310659916,-0.10730547997897627,-423.7418954539394,-423.7418954539394,-423.7418954539394
389,frame_000389.png,390,1.56,247.3967734967718,-443.043634388322,0.0010466858811819778,0.05997068346765888,-0.0018598452288519527,-0.10656128216075962,-420.71789527101737,-420.71789527101737,-420.71789527101737
390,frame_000390.png,391,1.564,245.63106269765345,-439.8820028411491,0.001039257084813447,0.05954504478887996,-0.001846936323112153,-0.10582165634373689,-417.71546317578543,-417.71546317578543,-417.71546317578543
391,frame_000391.png,392,1.568,243.87795233206413,-436.74291676181485,0.0010318798735355632,0.0591223617180809,-0.0018341070808727145,-0.1050865949090661,-414.7344458023281,-414.7344458023281,-414.7344458023281
392,frame_000392.png,393,1.572,242.13735254556337,-433.62621599285177,0.001024553928209065,0.05870261596992896,-0.001821357355496907,-0.10435608945508149,-411.77469085796827,-411.77469085796827,-411.77469085796827
393,frame_000393.png,394,1.576,240.4091741220614,-430.53174149164016,0.001017278930313015,0.05828578929451874,-0.0018086869872655292,-0.1036301308305469,-408.8360471164058,-408.8360471164058,-408.8360471164058
394,frame_000394.png,395,1.58,238.6933284793738,-427.45933532350364,0.001010054561995966,0.05787186348030381,-0.0017960958039374341,-0.10290870916677157,-405.91836441087344,-405.91836441087344,-405.91836441087344
395,frame_000395.png,396,1.584,236.98972766480387,-424.4088406548141,0.0010028805061249276,0.05746082035690226,-0.001783583621290885,-0.10219181390862747,-403.02149362731166,-403.02149362731166,-403.02149362731166
396,frame_000396.png,397,1.588,235.29828435075243,-421.3801017461087,0.0009957564463321993,0.05705264179778008,-0.001771150243646294,-0.1014794338445001,-400.14528669756805,-400.14528669756805,-400.14528669756805
397,frame_000397.png,398,1.592,233.61891183035527,-418.3729639452194,0.0009886820670601546,0.05664730972281709,-0.00175879546437101,-0.10077155713521063,-397.28959659261545,-397.28959659261545,-397.28959659261545
398,frame_000398.png,399,1.596,231.95152401314803,-415.3872736804164,0.000981657053604037,0.05624480610075894,-0.0017465190663667075,-0.10006817134194126,-394.45427731579434,-394.45427731579434,-394.45427731579434
399,frame_000399.png,400,1.6,230.29603542075824,-412.42287845356753,0.0009746810921528414,0.05584511295155947,-0.0017343208225399304,-0.09936926345319542,-391.6391838960799,-391.6391838960799,-391.6391838960799
400,frame_000400.png,401,1.604,228.65236118262513,-409.4796268333136,0.0009677538698283478,0.05544821234861719,-0.0017222004962563478,-0.09867481991082466,-388.84417238137326,-388.84417238137326,-388.84417238137326
401,frame_000401.png,402,1.608,227.0204170317463,-406.55736844826095,0.0009608750747223675,0.055054086420909275,-0.0017101578417792977,-0.09798482663515537,-386.06909983181436,-386.06909983181436,-386.06909983181436
402,frame_000402.png,403,1.612,225.40011930045176,-403.65595398019343,0.0009540443959322678,0.05466271735502703,-0.0016981926046930268,-0.09729926904923863,-383.3138243131274,-383.3138243131274,-383.3138243131274
403,frame_000403.png,404,1.616,223.79138491620512,-400.7752351573031,0.000947261523594832,0.05427408739711592,-0.0016863045223112537,-0.09661813210225921,-380.57820488998516,-380.57820488998516,-380.57820488998516
404,frame_000404.png,405,1.62,222.19413139743165,-397.9150647474418,0.0009405261489185154,0.05388817885472369,-0.0016744933240714155,-0.09594140029212413,-377.8621016194071,-377.8621016194071,-377.8621016194071
405,frame_000405.png,406,1.624,220.60827684937348,-395.0752965513941,0.0009338379642141509,0.05350497409855965,-0.0016627587319151512,-0.09526905768726286,-375.16537554418005,-375.16537554418005,-375.16537554418005
406,frame_000406.png,407,1.6280000000000001,219.0337399599716,-392.2557853961723,0.0009271966629241604,0.0531244555641684,-0.0016511004606554374,-0.09460108794766259,-372.487888686309,-372.487888686309,-372.487888686309
407,frame_000407.png,408,1.6320000000000001,217.47043999577448,-389.4563871283345,0.0009206019396503238,0.052746605753520866,-0.0016395182183308009,-0.09393747434516313,-369.82950404049825,-369.82950404049825,-369.82950404049825
408,frame_000408.png,409,1.6360000000000001,215.9182967978736,-386.6769586073264,0.0009140534901801556,0.05237140723652556,-0.001628011706547066,-0.09327819978303757,-367.1900855676579,-367.1900855676579,-367.1900855676579
409,frame_000409.png,410,1.6400000000000001,214.37723077786546,-383.9173576988478,0.0009075510115119406,0.05199884265246299,-0.0016165806208070146,-0.09262324681488045,-364.5694981884433,-364.5694981884433,-364.5694981884433
410,frame_000410.png,411,1.6440000000000001,212.84716291384007,-381.1774432682439,0.0009010942018784723,0.051628894711345845,-0.0016052246508283892,-0.09197259766282795,-361.96760777682164,-361.96760777682164,-361.96760777682164
411,frame_000411.png,412,1.6480000000000001,211.32801474639572,-378.4570751739228,0.0008946827607695443,0.05126154619520759,-0.0015939434808505864,-0.09132623423513016,-359.3842811536714,-359.3842811536714,-359.3842811536714
412,frame_000412.png,413,1.6520000000000001,209.81970837468037,-375.7561142607992,0.0008883163889532357,0.05089677995932207,-0.00158273678993042,-0.09068413814309705,-356.81938608041196,-356.81938608041196,-356.81938608041196
413,frame_000413.png,414,1.6560000000000001,208.3221664524587,-373.0744223537651,0.0008819947884960352,0.05053457893335651,-0.001571604252227363,-0.09004629071744161,-354.27279125266136,-354.27279125266136,-354.27279125266136
414,frame_000414.png,415,1.6600000000000001,206.8353121842057,-370.411862251188,0.0008757176627818454,0.05017492612246039,-0.0015605455372785376,-0.08941267302403569,-351.74436629393017,-351.74436629393017,-351.74436629393017
415,frame_000415.png,416,1.6640000000000001,205.3590693212258,-367.76829771843757,0.0008694847165299065,0.04981780460829241,-0.0015495603102638573,-0.0887832658791014,-349.2339817493429,-349.2339817493429,-349.2339817493429
416,frame_000416.png,417,1.668,203.8933621577983,-365.14359348144035,0.0008632956558116789,0.04946319754998776,-0.0015386482322616102,-0.0881580498638551,-346.7415090793943,-346.7415090793943,-346.7415090793943
417,frame_000417.png,418,1.672,202.43811552734806,-362.53761522026355,0.0008571501880667228,0.04911108818506799,-0.0015278089604948107,-0.08753700533862217,-344.2668206537353,-344.2668206537353,-344.2668206537353
418,frame_000418.png,419,1.676,200.99325479864203,-359.95022956272857,0.0008510480221176098,0.04876145983029538,-0.0015170421485686354,-0.08692011245644121,-341.80978974499385,-341.80978974499385,-341.80978974499385
419,frame_000419.png,420,1.68,199.55870587201127,-357.381304078054,0.0008449888681839024,0.048414295882473854,-0.0015063474466992313,-0.08630735117617368,-339.3702905226256,-339.3702905226256,-339.3702905226256
420,frame_000420.png,421,1.684,198.1343951755983,-354.83070727052905,0.0008389724378952358,0.048069579819198585,-0.0014957245019341725,-0.08569870127513522,-336.94819804680026,-336.94819804680026,-336.94819804680026
421,frame_000421.png,422,1.688,196.72024966162968,-352.2983085732173,0.0008329984443035331,0.04772729519955582,-0.0014851729583648622,-0.08509414236126533,-334.54338826231924,-334.54338826231924,-334.54338826231924
422,frame_000422.png,423,1.692,195.31619680271365,-349.7839783416915,0.0008270666018943883,0.04738742566477511,-0.00147469245733113,-0.08449365388484999,-332.1557379925666,-332.1557379925666,-332.1557379925666
423,frame_000423.png,424,1.696,193.92216458816293,-347.2875878477995,0.0008211766265976447,0.04704995493883538,-0.0014642826376183157,-0.08389721514981364,-329.78512493349353,-329.78512493349353,-329.78512493349353
424,frame_000424.png,425,1.7,192.53808152034225,-344.8090092734616,0.0008153282357972008,0.04671486682902681,-0.0014539431356470492,-0.08330480532459288,-327.43142764763604,-327.43142764763604,-327.43142764763604
425,frame_000425.png,426,1.704,191.1638766110407,-342.34811570449955,0.0008095211483400712,0.04638214522646993,-0.001443673585655992,-0.08271640345260668,-325.09452555816733,-325.09452555816733,-325.09452555816733
426,frame_000426.png,427,1.708,189.79947937786875,-339.90478112449773,0.0008037550845447299,0.04605177410659369,-0.0014334736198777934,-0.08213198846233803,-322.77429894298166,-322.77429894298166,-322.77429894298166
427,frame_000427.png,428,1.712,188.44481984067946,-337.4788804086963,0.0007980297662087638,0.04572373752957396,-0.0014233428687084552,-0.08155153917703772,-320.4706289288139,-320.4706289288139,-320.4706289288139
428,frame_000428.png,429,1.716,187.0998285180145,-335.07028931791666,0.0007923449166158613,0.045398019640733984,-0.001413280960870342,-0.08097503432406424,-318.1833974853919,-318.1833974853919,-318.1833974853919
429,frame_000429.png,430,1.72,185.76443642357413,-332.6788844925199,0.0007867002605421616,0.04507460467090811,-0.001403287523569067,-0.08040245254387257,-315.9124874196226,-315.9124874196226,-315.9124874196226
430,frame_000430.png,431,1.724,184.43857506271118,-330.30454344639736,0.0007810955242619887,0.04475347693677035,-0.0013933621826444096,-0.07983377239866123,-313.6577823698142,-313.6577823698142,-313.6577823698142
431,frame_000431.png,432,1.728,183.1221764289494,-327.9471445609947,0.0007755304355529928,0.04443462084112898,-0.0013835045627155467,-0.07926897238069334,-311.4191667999272,-311.4191667999272,-311.4191667999272
432,frame_000432.png,433,1.732,181.81517300052514,-325.6065670793683,0.0007700047237007229,0.04411802087318849,-0.0013737142873206975,-0.0787080309202977,-309.1965259938663,-309.1965259938663,-309.1965259938663
433,frame_000433.png,434,1.736,180.51749773695315,-323.2826911002758,0.0007645181195026509,0.04380366160878021,-0.001363990979051444,-0.07815092639356482,-306.98974604980026,-306.98974604980026,-306.98974604980026
434,frame_000434.png,435,1.74,179.22908407561576,-320.97539757229896,0.0007590703552716701,0.04349152771056267,-0.0013543342596818607,-0.07759763712974546,-304.7987138745199,-304.7987138745199,-304.7987138745199
435,frame_000435.png,436,1.744,177.94986592837546,-318.6845682880001,0.0007536611648390865,0.04318160392819309,-0.0013447437502926594,-0.07704814141836365,-302.6233171778273,-302.6233171778273,-302.6233171778273
436,frame_000436.png,437,1.748,176.679777678211,-316.4100858781123,0.0007482902835571235,0.0428738750984708,-0.0013352190713905015,-0.0765024175160527,-300.46344446696105,-300.46344446696105,-300.46344446696105
437,frame_000437.png,438,1.752,175.4187541758763,-314.15183380576286,0.0007429574483009592,0.04256832614545402,-0.0013257598430226518,-0.07596044365312449,-298.3189850410537,-298.3189850410537,-298.3189850410537
438,frame_000438.png,439,1.756,174.16673073658282,-311.9096963607305,0.0007376623974703146,0.042264942080550844,-0.0013163656848871087,-0.07542219803987939,-296.1898289856256,-296.1898289856256,-296.1898289856256
439,frame_000439.png,440,1.76,172.92364313670453,-309.6835586537358,0.0007324048709906094,0.041963708002585455,-0.0013070362164384073,-0.07488765887266832,-294.07586716710966,-294.07586716710966,-294.07586716710966
440,frame_000440.png,441,1.764,171.68942761050576,-307.4733066107656,0.0007271846103137035,0.041664609097840644,-0.001297771056989203,-0.07435680433971316,-291.97699122741255,-291.97699122741255,-291.97699122741255
441,frame_000441.png,442,1.768,170.46402084689169,-305.2788269674309,0.0007220013584182412,0.041367630640077466,-0.0012885698258078048,-0.07382961262669488,-289.893093578508,-289.893093578508,-289.893093578508
442,frame_000442.png,443,1.772,169.24735998618127,-303.10000726335886,0.0007168548598096121,0.041072757990533074,-0.001279432142211768,-0.07330606192211604,-287.8240673970656,-287.8240673970656,-287.8240673970656
443,frame_000443.png,444,1.776,168.0393826169026,-300.9367358366176,0.0007117448605195472,0.040779976597897505,-0.0012703576256577346,-0.07278613042244833,-285.7698066191108,-285.7698066191108,-285.7698066191108
444,frame_000444.png,445,1.78,166.84002677261046,-298.78890181817553,0.0007066711081053602,0.040489271998270286,-0.0012613458958275923,-0.07226979633706904,-283.7302059347211,-283.7302059347211,-283.7302059347211
445,frame_000445.png,446,1.784,165.649230928726,-296.6563951263942,0.0007016333516488557,0.04020062981509779,-0.0012523965727110915,-0.07175703789299467,-281.70516078275534,-281.70516078275534,-281.70516078275534
446,frame_000446.png,447,1.788,164.46693399939838,-294.53910646155435,0.0006966313417549091,0.03991403575909197,-0.001243509276685091,-0.07124783333942145,-279.6945673456146,-279.6945673456146,-279.6945673456146
447,frame_000447.png,448,1.792,163.29307533438808,-292.43692730041585,0.0006916648305497406,0.039629475628131385,-0.0012346836285894803,-0.07074216095207529,-277.6983225440382,-277.6983225440382,-277.6983225440382
448,frame_000448.png,449,1.796,162.1275947159722,-290.34974989081155,0.0006867335716788894,0.03934693530714516,-0.0012259192497999314,-0.07023999903738017,-275.7163240319336,-275.7163240319336,-275.7163240319336
449,frame_000449.png,450,1.8,160.97043235587114,-288.27746724627406,0.0006818373203049038,0.03906640076798066,-0.0012172157622975799,-0.06974132593645056,-273.74847019123786,-273.74847019123786,-273.74847019123786
450,frame_000450.png,451,1.804,159.82152889219657,-286.21997314069637,0.0006769758331047603,0.03878785806925556,-0.0012085727887357648,-0.0692461200289154,-271.79466012681235,-271.79466012681235,-271.79466012681235
451,frame_000451.png,452,1.808,158.68082538642096,-284.1771621030259,0.0006721488682670187,0.03851129335619492,-0.0011999899525038703,-0.06875435973657588,-269.8547936613728,-269.8547936613728,-269.8547936613728
452,frame_000452.png,453,1.812,157.54826332036814,-282.1489294119919,0.0006673561854887303,0.03823669286045396,-0.001191466877788443,-0.06826602352690724,-267.92877133044874,-267.92877133044874,-267.92877133044874
453,frame_000453.png,454,1.816,156.42378459322484,-280.13517109086587,0.0006625975459721053,0.03796404289992718,-0.0011830031896316305,-0.06778108991640701,-266.01649437737865,-266.01649437737865,-266.01649437737865
454,frame_000454.png,455,1.82,155.3073315185732,-278.1357839022556,0.0006578727124209534,0.03769332987854436,-0.001174598513987045,-0.06729953747379587,-264.1178647483365,-264.1178647483365,-264.1178647483365
455,frame_000455.png,456,1.824,154.1988468214439,-276.15066534293203,0.0006531814490369045,0.037424540286054096,-0.001166252477773154,-0.06682134482307657,-262.2327850873909,-262.2327850873909,-262.2327850873909
456,frame_000456.png,457,1.828,153.09827363539023,-274.1797136386896,0.0006485235215154219,0.03715766069779532,-0.0011579647089242705,-0.06634649064645555,-260.3611587315968,-260.3611587315968,-260.3611587315968
457,frame_000457.png,458,1.832,152.00555549958224,-272.22282773923877,0.0006438986970416158,0.036892677774457414,-0.0011497348364392429,-0.06587495368713263,-258.50288970611973,-258.50288970611973,-258.50288970611973
458,frame_000458.png,459,1.836,150.9206363559215,-270.2799073131323,0.0006393067442858672,0.03662957826182955,-0.0011415624904278984,-0.06540671275196201,-256.6578827193922,-256.6578827193922,-256.6578827193922
459,frame_000459.png,460,1.84,149.84346054617603,-268.3508527427236,0.0006347474333992698,0.036368348990539465,-0.0011334473021553538,-0.06494174671399115,-254.82604315830167,-254.82604315830167,-254.82604315830167
460,frame_000460.png,461,1.844,148.77397280913542,-266.4355651191581,0.0006302205360088998,0.03610897687578248,-0.001125388904084242,-0.06448003451488009,-253.0072770834106,-253.0072770834106,-253.0072770834106
461,frame_000461.png,462,1.848,147.71211827778575,-264.5339462373972,0.0006257258252129205,0.03585144891704098,-0.0011173869299149364,-0.06402155516720617,-251.20149122420924,-251.20149122420924,-251.20149122420924
462,frame_000462.png,463,1.852,146.65784247650447,-262.6458985912741,0.0006212630755755297,0.03559575219779495,-0.0011094410146238543,-0.0635662877566587,-249.40859297439812,-249.40859297439812,-249.40859297439812
463,frame_000463.png,464,1.856,145.6110913182749,-260.7713253685829,0.0006168320631217591,0.03534187388522399,-0.0011015507944998767,-0.06311421144412559,-247.6284903872047,-247.6284903872047,-247.6284903872047
464,frame_000464.png,465,1.86,144.57181110192047,-258.910130446199,0.0006124325653321301,0.03508980122990111,-0.0010937159071790054,-0.06266530546767911,-245.86109217072794,-245.86109217072794,-245.86109217072794
465,frame_000465.png,466,1.864,143.5399485093582,-257.0622183852321,0.0006080643611371756,0.03483952156547888,-0.0010859359916772534,-0.06221954914446031,-244.10630768331805,-244.10630768331805,-244.10630768331805
466,frame_000466.png,467,1.868,142.51545060287162,-255.22749442621088,0.000603727230911834,0.03459102230836818,-0.001078210688421892,-0.06177692187246943,-242.36404692898356,-242.36404692898356,-242.36404692898356
467,frame_000467.png,468,1.872,141.49826482240297,-253.40586448429968,0.000599420956469721,0.03434429095741005,-0.001070539639281077,-0.06133740313226327,-240.6342205528319,-240.6342205528319,-240.6342205528319
468,frame_000468.png,469,1.8760000000000001,140.48833898286424,-251.59723514454674,0.0005951453210572863,0.03409931509354087,-0.00106292248759192,-0.060900972488563625,-238.9167398365396,-238.9167398365396,-238.9167398365396
469,frame_000469.png,470,1.8800000000000001,139.48562127146735,-249.80151365716407,0.0005909001093478612,0.033856082379451286,-0.0010553588781870684,-0.06046760959178017,-237.21151669385347,-237.21151669385347,-237.21151669385347
470,frame_000470.png,471,1.8840000000000001,138.4900602450731,-248.0186079328386,0.0005866851074356029,0.03361458055923932,-0.0010478484574198421,-0.0600372941794507,-235.51846366612182,-235.51846366612182,-235.51846366612182
471,frame_000471.png,472,1.8880000000000001,137.50160482755877,-246.24842653807482,0.000582500102829342,0.033374797458057756,-0.001040390873187978,-0.059610006077601585,-233.83749391785648,-233.83749391785648,-233.83749391785648
472,frame_000472.png,473,1.8920000000000001,136.52020430720427,-244.4908786905684,0.0005783448844463361,0.033136720981756344,-0.0010329857749560405,-0.05918572520203177,-232.16852123232445,-232.16852123232445,-232.16852123232445
473,frame_000473.png,474,1.8960000000000001,135.54580833409688,-242.74587425461075,0.0005742192426059388,0.032900339116518997,-0.0010256328137765308,-0.05876443155952233,-230.51146000717017,-230.51146000717017,-230.51146000717017
474,frame_000474.png,475,1.9000000000000001,134.57836691755404,-241.01332373652463,0.0005701229690231842,0.03266563992849623,-0.001018331642309769,-0.058346105248975544,-228.86622525006658,-228.86622525006658,-228.86622525006658
475,frame_000475.png,476,1.9040000000000001,133.6178304235646,-239.29313828013025,0.0005660558568022976,0.03243261156343334,-0.0010110819148425555,-0.057930726462484136,-227.23273257439791,-227.23273257439791,-227.23273257439791
476,frame_000476.png,477,1.9080000000000001,132.66414957224808,-237.585229662242,0.0005620177004301309,0.03220124224629434,-0.0010038832873056954,-0.057518275486335396,-225.61089819496885,-225.61089819496885,-225.61089819496885
477,frame_000477.png,478,1.9120000000000001,131.71727543533171,-235.8895102881956,0.0005580082957695329,0.03197152028088199,-0.0009967354172904079,-0.05710873270195131,-224.0006389237459,-224.0006389237459,-224.0006389237459
478,frame_000478.png,479,1.9160000000000001,130.77715943364552,-234.20589318740548,0.0005540274400526542,0.03174343404945431,-0.0009896379640636573,-0.05670207858676699,-222.40187216562651,-222.40187216562651,-222.40187216562651
479,frame_000479.png,480,1.92,129.84375333463495,-232.5342920089522,0.0005500749318741945,0.03151697201233763,-0.0009825905885824612,-0.05629829371505048,-220.8145159142374,-220.8145159142374,-220.8145159142374
480,frame_000480.png,481,1.924,128.91700924989135,-230.8746210171999,0.000546150571184594,0.03129212270753647,-0.0009755929535071998,-0.05589735875866529,-219.23848874776218,-219.23848874776218,-219.23848874776218
481,frame_000481.png,482,1.928,127.99687963269947,-229.22679508744335,0.0005422541592831742,0.031068874750340567,-0.0009686447232139773,-0.0554992544877787,-217.67370982479645,-217.67370982479645,-217.67370982479645
482,frame_000482.png,483,1.932,127.08331727560278,-227.59072970158493,0.00053838549881123,0.03084721683292908,-0.0009617455638060552,-0.05510396177151679,-216.1200988802335,-216.1200988802335,-216.1200988802335
483,frame_000483.png,484,1.936,126.17627530798576,-225.96634094384083,0.0005345443937450801,0.030627137723972374,-0.0009548951431243963,-0.0547114615785686,-214.57757622117674,-214.57757622117674,-214.57757622117674
484,frame_000484.png,485,1.94,125.27570719367331,-224.35354549647658,0.0005307306493890749,0.030408626268231438,-0.0009480931307573747,-0.05432173497774247,-213.04606272287992,-213.04606272287992,-213.04606272287992
485,frame_000485.png,486,1.944,124.3815667285473,-222.75226063557182,0.0005269440723685691,0.030191671386155233,-0.0009413391980496399,-0.053934763138473896,-211.52547982471782,-211.52547982471782,-211.52547982471782
486,frame_000486.png,487,1.948,123.49380803817984,-221.16240422681398,0.0005231844706228593,0.02997626207347604,-0.000934633018110218,-0.053550527331289725,-210.01574952618165,-210.01574952618165,-210.01574952618165
487,frame_000487.png,488,1.952,122.61238557548343,-219.58389472132095,0.0005194516533980915,0.02976238740080311,-0.000927974265819836,-0.05316900892822777,-208.5167943829046,-208.5167943829046,-208.5167943829046
488,frame_000488.png,489,1.956,121.73725411837772,-218.01665115149206,0.0005157454312401409,0.029550036513214674,-0.0009213626178375231,-0.05279018940321505,-207.02853750271396,-207.02853750271396,-207.02853750271396
489,frame_000489.png,490,1.96,120.86836876747276,-216.46059312688797,0.0005120656159874667,0.029339198629848573,-0.0009147977526065111,-0.05241405033240589,-205.55090254171023,-205.55090254171023,-205.55090254171023
490,frame_000490.png,491,1.964,120.00568494376878,-214.91564083013878,0.0005084120207639447,0.029129863043491605,-0.0009082793503594529,-0.052040573394480864,-204.08381370037466,-204.08381370037466,-204.08381370037466
491,frame_000491.png,492,1.968,119.14915838637222,-213.38171501288008,0.0005047844599716808,0.028922019120167754,-0.0009018070931230012,-0.05166974037090918,-202.6271957197025,-202.6271957197025,-202.6271957197025
492,frame_000492.png,493,1.972,118.29874515022789,-211.85873699171734,0.0005011827492838074,0.028715656298725446,-0.0008953806647217654,-0.05130153314617535,-201.18097387736339,-201.18097387736339,-201.18097387736339
493,frame_000493.png,494,1.976,117.45440160386734,-210.34662864421801,0.0004976067056372649,0.02851076409042399,-0.000888999750781654,-0.05093593370797078,-199.74507398388982,-199.74507398388982,-199.74507398388982
494,frame_000494.png,495,1.98,116.61608442717318,-208.84531240493124,0.000494056147225572,0.028307332078519314,-0.0008826640387326625,-0.050572924147353385,-198.31942237889007,-198.31942237889007,-198.31942237889007
495,frame_000495.png,496,1.984,115.78375060915914,-207.35471126143534,0.0004905308934915854,0.028105349917849146,-0.0008763732178110883,-0.05021248665887459,-196.9039459272891,-196.9039459272891,-196.9039459272891
496,frame_000496.png,497,1.988,114.95735744576608,-205.87474875041238,0.00048703076512025194,0.02790480733441774,-0.0008701269790612367,-0.04985460354067702,-195.49857201559456,-195.49857201559456,-195.49857201559456
497,frame_000497.png,498,1.992,114.13686253767345,-204.4053489537501,0.0004835555840313554,0.02770569412498029,-0.0008639250153365981,-0.04949925719456199,-194.1032285481901,-194.1032285481901,-194.1032285481901
498,frame_000498.png,499,1.996,113.32222378812646,-202.94643649467082,0.00048010517337225935,0.027508000156627133,-0.0008577670213005379,-0.049146430126029005,-192.71784394365375,-192.71784394365375,-192.71784394365375
499,frame_000499.png,500,2.0,112.51339940077855,-201.49793653388733,0.00047667935751064867,0.027311715366367867,-0.0008516526934265402,-0.048796104944289743,-191.34234713110084,-191.34234713110084,-191.34234713110084
500,frame_000500.png,501,2.004,111.71034787754927,-200.05977476578533,0.0004732779620272706,0.027116829760715444,-0.0008455817299979664,-0.04844826436225419,-189.97666754655597,-189.97666754655597,-189.97666754655597
501,frame_000501.png,502,2.008,110.91302801649731,-198.6318774146325,0.0004699008137086783,0.026923333415270402,-0.0008395538311074071,-0.04810289119649355,-188.62073512934649,-188.62073512934649,-188.62073512934649
502,frame_000502.png,503,2.012,110.12139890970866,-197.21417123081392,0.00046654774053997764,0.0267312164743053,-0.0008335686986556123,-0.047759968367178926,-187.2744803185234,-187.2744803185234,-187.2744803185234
503,frame_000503.png,504,2.016,109.33541994119983,-195.80658348709377,0.0004632185716975795,0.02654046915034943,-0.0008276260363500243,-0.04741947889799725,-185.93783404930696,-185.93783404930696,-185.93783404930696
504,frame_000504.png,505,2.02,108.55505078483588,-194.40904197490306,0.0004599131375419584,0.026351081723773952,-0.0008217255497029322,-0.04708140591604557,-184.61072774955676,-184.61072774955676,-184.61072774955676
505,frame_000505.png,506,2.024,107.78025140226332,-193.02147500065317,0.0004566312696104196,0.02616304454237745,-0.0008158669460292486,-0.04674573265170366,-183.29309333626804,-183.29309333626804,-183.29309333626804
506,frame_000506.png,507,2.028,107.01098204085763,-191.64381138207523,0.0004533728006098762,0.025976348020972102,-0.0008100499344439668,-0.04641244243848831,-181.98486321208918,-181.98486321208918,-181.98486321208918
507,frame_000507.png,508,2.032,106.24720323168545,-190.2759804445851,0.0004501375644096366,0.025790982640970433,-0.0008042742258592499,-0.04608151871288656,-180.6859702618683,-180.6859702618683,-180.6859702618683
508,frame_000508.png,509,2.036,105.48887578748122,-188.91791201767347,0.00044692539603420487,0.025606938949972798,-0.0007985395329812269,-0.045752945014172104,-179.39634784921998,-179.39634784921998,-179.39634784921998
509,frame_000509.png,510,2.04,104.73596080063818,-187.56953643132172,0.0004437361316560945,0.02542420756135566,-0.0007928455703064673,-0.04542670498420336,-178.11592981311867,-178.11592981311867,-178.11592981311867
510,frame_000510.png,511,2.044,103.98841964121374,-186.2307845124424,0.0004405696085886571,0.025242779153860678,-0.000787192054118163,-0.045102782367204636,-176.84465046451533,-176.84465046451533,-176.84465046451533
511,frame_000511.png,512,2.048,103.2462139549489,-184.90158758134476,0.0004374256652789266,0.02506264447118473,-0.000781578702482045,-0.044781161009532215,-175.5824445829769,-175.5824445829769,-175.5824445829769
512,frame_000512.png,513,2.052,102.50930566130191,-183.5818774482252,0.000434304141300481,0.02488379432157091,-0.0007760052352420136,-0.04446182485942399,-174.32924741335125,-174.32924741335125,-174.32924741335125
513,frame_000513.png,514,2.056,101.7776569514958,-182.27158640968216,0.0004312048773463221,0.024706219577400577,-0.0007704713740155295,-0.044144757966735365,-173.084994662454,-173.084994662454,-173.084994662454
514,frame_000514.png,515,2.06,101.05123028657988,-180.9706472452555,0.00042812771522177383,0.02452991117478645,-0.0007649768421887503,-0.04382994448266061,-171.84962249577939,-171.84962249577939,-171.84962249577939
515,frame_000515.png,516,2.064,100.32998839550498,-179.67899321399025,0.00042507249783740143,0.024354860113166916,-0.0007595213649114313,-0.04351736865944071,-170.62306753423502,-170.62306753423502,-170.62306753423502
516,frame_000516.png,517,2.068,99.61389427321241,-178.39655805102436,0.00042203906920195073,0.024181057454901463,-0.0007541046690916274,-0.04320701485005979,-169.4052668508972,-169.4052668508972,-169.4052668508972
517,frame_000517.png,518,2.072,98.90291117873653,-177.12327596420047,0.00041902727441530974,0.02400849432486743,-0.0007487264833901516,-0.04289886750792762,-168.19615796779254,-168.19615796779254,-168.19615796779254
518,frame_000518.png,519,2.076,98.19700263332076,-175.85908163070155,0.00041603695966149285,0.023837161910058018,-0.0007433865382148563,-0.04259291118655195,-166.99567885269948,-166.99567885269948,-166.99567885269948
519,frame_000519.png,520,2.08,97.49613241854712,-174.60391019371013,0.0004130679722016481,0.02366705145918165,-0.0007380845657147129,-0.04228913053919931,-165.80376791597365,-165.80376791597365,-165.80376791597365
520,frame_000520.png,521,2.084,96.80026457447897,-173.35769725909108,0.000410120160367089,0.023498154282262696,-0.0007328202997737019,-0.04198751031854491,-164.62036400739595,-164.62036400739595,-164.62036400739595
521,frame_000521.png,522,2.088,96.109363397817,-172.12037889209768,0.000407193373552351,0.02333046175024367,-0.0007275934760045517,-0.041688035376313944,-163.44540641304104,-163.44540641304104,-163.44540641304104
522,frame_000522.png,523,2.092,95.42339344006842,-170.89189161410096,0.0004042874622082735,0.023163965294588838,-0.0007224038317422835,-0.0413906906629117,-162.27883485217103,-162.27883485217103,-162.27883485217103
523,frame_000523.png,524,2.096,94.74231950572906,-169.672172399342,0.00040140227783510825,0.022998656406889372,-0.0007172511060376295,-0.04109546122704645,-161.1205894741475,-161.1205894741475,-161.1205894741475
524,frame_000524.png,525,2.1,94.06610665047855,-168.4611586717073,0.00039853767297565423,0.022834526638469993,-0.0007121350396502692,-0.04080233221534196,-159.97061085536916,-159.97061085536916,-159.97061085536916
525,frame_000525.png,526,2.104,93.39472017938822,-167.2587883015265,0.0003956935012084202,0.02267156759999722,-0.0007070553750419583,-0.040511288871943774,-158.82883999622732,-158.82883999622732,-158.82883999622732
526,frame_000526.png,527,2.108,92.72812564514187,-166.06499960239313,0.0003928696171408151,0.022509770961089207,-0.0007020118563694998,-0.040222316538116476,-157.69521831808612,-157.69521831808612,-157.69521831808612
527,frame_000527.png,528,2.112,92.06628884626917,-164.87973132800755,0.00039006587640236673,0.022349128449927227,-0.0006970042294776008,-0.03993540065183445,-156.5696876602821,-156.5696876602821,-156.5696876602821
528,frame_000528.png,529,2.116,91.40917582539163,-163.70292266904215,0.0003872821356379696,0.022189631852868746,-0.0006920322418916065,-0.03965052674736554,-155.45219027714603,-155.45219027714603,-155.45219027714603
529,frame_000529.png,530,2.12,90.75675286748104,-162.53451325002877,0.00038451825250116194,0.02203127301406229,-0.0006870956428101259,-0.039367680454848536,-154.34266883504495,-154.34266883504495,-154.34266883504495
530,frame_000530.png,531,2.124,90.10898649813043,-161.3744431262681,0.00038177408564743287,0.02187404383506392,-0.0006821941830975355,-0.03908684749986371,-153.24106640944677,-153.24106640944677,-153.24106640944677
531,frame_000531.png,532,2.128,89.46584348183721,-160.22265278076088,0.0003790494947275594,0.021717936274455504,-0.0006773276152764103,-0.03880801370299905,-152.14732648200294,-152.14732648200294,-152.14732648200294
532,frame_000532.png,533,2.132,88.8272908202986,-159.07908312116083,0.00037634434038097436,0.02156294234746471,-0.0006724956935198344,-0.03853116497940982,-151.06139293765494,-151.06139293765494,-151.06139293765494
533,frame_000533.png,534,2.136,88.19329575071922,-157.94367547674904,0.00037365848422916547,0.021409054125586812,-0.000667698173643635,-0.03825628733837347,-149.98321006175917,-149.98321006175917,-149.98321006175917
534,frame_000534.png,535,2.14,87.56382574413071,-156.81637159542979,0.000370991788869105,0.02125626373620823,-0.000662934813098539,-0.03798336688284033,-148.91272253723213,-148.91272253723213,-148.91272253723213
535,frame_000535.png,536,2.144,86.93884850372338,-155.69711364074772,0.0003683441178667121,0.021104563362231942,-0.0006582053709622373,-0.037712389808978904,-147.8498754417177,-147.8498754417177,-147.8498754417177
536,frame_000536.png,537,2.148,86.31833196318964,-154.58584418892593,0.00036571533575034643,0.020953945241704724,-0.0006535096079313897,-0.03744334240571778,-146.7946142447725,-146.7946142447725,-146.7946142447725
537,frame_000537.png,538,2.152,85.70224428507933,-153.48250622592522,0.0003631053080043342,0.02080440166744618,-0.0006488472863135615,-0.03717621105428362,-145.74688480507177,-145.74688480507177,-145.74688480507177
538,frame_000538.png,539,2.156,85.09055385916675,-152.38704314452391,0.0003605139010625267,0.020655924986679706,-0.0006442181700190863,-0.03691098222773495,-144.70663336763636,-144.70663336763636,-144.70663336763636
539,frame_000539.png,540,2.16,84.48322930082928,-151.2993987414187,0.0003579409823018916,0.020508507600665284,-0.0006396220245528808,-0.03664764249049319,-143.67380656107724,-143.67380656107724,-143.67380656107724
540,frame_000540.png,541,2.164,83.88023944943764,-150.21951721434561,0.000355386420036137,0.02036214196433417,-0.0006350586170062078,-0.03638617849787067,-142.6483513948612,-142.6483513948612,-142.6483513948612
541,frame_000541.png,542,2.168,83.28155336675755,-149.14734315922175,0.00035285008350936927,0.020216820585925506,-0.0006305277160483782,-0.03612657699559526,-141.63021525659536,-141.63021525659536,-141.63021525659536
542,frame_000542.png,543,2.172,82.68714033536278,-148.082821567307,0.00035033184288978326,0.02007253602662482,-0.0006260290919184179,-0.03586882481933282,-140.6193459093309,-140.6193459093309,-140.6193459093309
543,frame_000543.png,544,2.176,82.09696985705962,-147.02589782238607,0.00034783156926338697,0.019929280900204443,-0.0006215625164166911,-0.035612908894207346,-139.61569148888594,-139.61569148888594,-139.61569148888594
544,frame_000544.png,545,2.18,81.51101165132239,-145.97651769797034,0.00034534913462775925,0.019787047872665876,-0.0006171277628964802,-0.035358816234318476,-138.6192005011879,-138.6192005011879,-138.6192005011879
545,frame_000545.png,546,2.184,80.92923565374034,-144.9346273545197,0.00034288441188584185,0.0196458296618841,-0.0006127246062555404,-0.03510653394225762,-137.62982181963395,-137.62982181963395,-137.62982181963395
546,frame_000546.png,547,2.188,80.35161201447538,-143.9001733366839,0.00034043727483976495,0.019505619037253782,-0.000608352822927614,-0.03485604920862179,-136.64750468247092,-136.64750468247092,-136.64750468247092
547,frame_000547.png,548,2.192,79.778111096731,-142.87310257056365,0.00033800759818470704,0.0193664088193375,-0.0006040121908739299,-0.03460734931152648,-135.672198690193,-135.672198690193,-135.672198690193
548,frame_000548.png,549,2.196,79.20870347523199,-141.85336236099107,0.0003355952575027891,0.019228191879515893,-0.0005997024895746628,-0.03436042161611643,-134.7038538029592,-134.7038538029592,-134.7038538029592
549,frame_000549.png,550,2.2,78.64335993471502,-140.84090038882948,0.00033320012925700264,0.019090961139639755,-0.0005954235000203865,-0.034115253574075834,-133.74242033802784,-133.74242033802784,-133.74242033802784
550,frame_000550.png,551,2.204,78.08205146843007,-139.83566470829223,0.00033082209078517233,0.018954709571684138,-0.0005911750047034989,-0.033871832723137076,-132.78784896720998,-132.78784896720998,-132.78784896720998
551,frame_000551.png,552,2.208,77.52474927665236,-138.83760374428076,0.00032846102029395304,0.018819430197404393,-0.0005869567876096375,-0.033630146686588876,-131.84009071434082,-131.84009071434082,-131.84009071434082
552,frame_000552.png,553,2.212,76.9714247652051,-137.84666628974134,0.0003261167968528614,0.018685116087994207,-0.0005827686342090789,-0.03339018317278351,-130.89909695276918,-130.89909695276918,-130.89909695276918
553,frame_000553.png,554,2.216,76.42204954399263,-136.86280150304077,0.0003237893003883418,0.018551760363745614,-0.0005786103314481346,-0.0331519299746438,-129.96481940286418,-129.96481940286418,-129.96481940286418
554,frame_000554.png,555,2.22,75.87659542554407,-135.88595890536067,0.00032147841167786675,0.018419356193710962,-0.0005744816677405278,-0.032915374969169096,-129.03721012954105,-129.03721012954105,-129.03721012954105
555,frame_000555.png,556,2.224,75.33503442356734,-134.9160883781101,0.0003191840123440721,0.0182878967953669,-0.0005703824329587773,-0.03268050611694156,-128.11622153980295,-128.11622153980295,-128.11622153980295
556,frame_000556.png,557,2.228,74.79733875151354,-133.95314016035684,0.00031690598484892656,0.018157375434280303,-0.0005663124184255744,-0.03244731146163213,-127.20180638030098,-127.20180638030098,-127.20180638030098
557,frame_000557.png,558,2.232,74.26348082115149,-132.99706484627677,0.00031464421248793625,0.01802778542377622,-0.0005622714169051545,-0.03221577912950612,-126.29391773491227,-126.29391773491227,-126.29391773491227
558,frame_000558.png,559,2.236,73.73343324115248,-132.0478133826213,0.00031239857938438316,0.017899120124607763,-0.0005582592225946781,-0.031985897328929425,-125.3925090223336,-125.3925090223336,-125.3925090223336
559,frame_000559.png,560,2.24,73.20716881568516,-131.10533706620305,0.0003101689704835988,0.017771372944628015,-0.0005542756311156122,-0.03175765434987467,-124.49753399369382,-124.49753399369382,-124.49753399369382
560,frame_000560.png,561,2.244,72.68466054302031,-130.169587541399,0.0003079552715472721,0.017644537338463894,-0.0005503204395051187,-0.031531038563427836,-123.60894673018203,-123.60894673018203,-123.60894673018203
561,frame_000561.png,562,2.248,72.16588161414573,-129.24051679767194,0.0003057573691477918,0.017518606807192,-0.0005463934462074441,-0.031306038421294924,-122.72670164069388,-122.72670164069388,-122.72670164069388
562,frame_000562.png,563,2.2520000000000002,71.65080541139086,-128.31807716710895,0.00030357515066262365,0.01739357489801643,-0.0005424944510653306,-0.03108264245530981,-121.85075345949298,-121.85075345949298,-121.85075345949298
563,frame_000563.png,564,2.2560000000000002,71.13940550706137,-127.40222132197782,0.0003014085042687215,0.017269435203948597,-0.0005386232553114265,-0.03086083927694214,-120.98105724389058,-120.98105724389058,-120.98105724389058
564,frame_000564.png,565,2.2600000000000002,70.63165566208329,-126.49290227230065,0.0002992573189369733,0.017146181363488975,-0.0005347796615597213,-0.030640617576806577,-120.11756837194042,-120.11756837194042,-120.11756837194042
565,frame_000565.png,566,2.2640000000000002,70.127529824657,-125.59007336344476,0.00029712148442668113,0.017023807060310845,-0.0005309634737969784,-0.03042196612417194,-119.26024254015158,-119.26024254015158,-119.26024254015158
566,frame_000566.png,567,2.2680000000000002,69.62700212892072,-124.6936882737307,0.00029500089128007575,0.01690230602294599,-0.0005271744973742015,-0.030204873766472247,-118.40903576121559,-118.40903576121559,-118.40903576121559
567,frame_000567.png,568,2.2720000000000002,69.13004689362351,-123.80370101205732,0.00029289543081686514,0.016781672024472363,-0.0005234125389981103,-0.029989329428818327,-117.56390436175127,-117.56390436175127,-117.56390436175127
568,frame_000568.png,569,2.2760000000000002,68.63663862080784,-122.92006591554369,0.0002908049951288173,0.016661898882203697,-0.0005196774067226313,-0.02977532211351029,-116.72480498006524,-116.72480498006524,-116.72480498006524
569,frame_000569.png,570,2.2800000000000002,68.14675199450146,-122.04273764718786,0.0002887294770743771,0.01654298045738107,-0.0005159689099404178,-0.02956284089955161,-115.89169456392796,-115.89169456392796,-115.89169456392796
570,frame_000570.png,571,2.2840000000000003,67.66036187941863,-121.17167119354224,0.00028666877027331715,0.016424910654866426,-0.0005122868593743788,-0.029351874942163816,-115.06453036836646,-115.06453036836646,-115.06453036836646
571,frame_000571.png,572,2.2880000000000003,67.17744331967064,-120.30682186240546,0.0002846227691014223,0.016307683422838032,-0.0005086310670692471,-0.029142413472303372,-114.24326995347133,-114.24326995347133,-114.24326995347133
572,frame_000572.png,573,2.2920000000000003,66.69797153748551,-119.44814528053078,0.0002825913686852084,0.016191292752487856,-0.0005050013463831543,-0.02893444579617892,-113.42787118222117,-113.42787118222117,-113.42787118222117
573,frame_000573.png,574,2.2960000000000003,66.22192193193683,-118.59559739135081,0.0002805744648966744,0.016075732677720913,-0.0005013975119792381,-0.02872796129477048,-112.61829221832127,-112.61829221832127,-112.61829221832127
574,frame_000574.png,575,2.3000000000000003,65.74927007768163,-117.74913445271821,0.0002785719543480881,0.01596099727485649,-0.0004978193798172803,-0.028522949423350277,-111.81449152405773,-111.81449152405773,-111.81449152405773
575,frame_000575.png,576,2.3040000000000003,65.2799917237073,-116.90871303466278,0.0002765837343868057,0.015847080662331346,-0.0004942667671453632,-0.028319399711004733,-111.01642785816748,-111.01642785816748,-111.01642785816748
576,frame_000576.png,577,2.308,64.81406279208746,-116.07429001716429,0.00027460970309012403,0.01573397700040475,-0.0004907394924915571,-0.028117301760158173,-110.22406027372318,-110.22406027372318,-110.22406027372318
577,frame_000577.png,578,2.312,64.35145937674663,-115.24582258794126,0.00027264975926016697,0.015621680490865502,-0.00048723737565563633,-0.027916645246098205,-109.43734811603298,-109.43734811603298,-109.43734811603298
578,frame_000578.png,579,2.316,63.89215774223384,-114.42326824025552,0.0002707038024188042,0.015510185376740808,-0.00048376023770082665,-0.02771741991650286,-108.65625102055549,-108.65625102055549,-108.65625102055549
579,frame_000579.png,580,2.32,63.43613432250483,-113.6065847707323,0.0002687717328026035,0.015399485942007045,-0.0004803079009455789,-0.027519615590969274,-107.88072891082959,-107.88072891082959,-107.88072891082959
580,frame_000580.png,581,2.324,62.983365719713056,-112.79573027719591,0.00026685345135781576,0.015289576511302451,-0.0004768801889553753,-0.027323222160544218,-107.110741996419,-107.110741996419,-107.110741996419
581,frame_000581.png,582,2.328,62.53382870300932,-111.99066315652085,0.0002649488597353929,0.015180451449641646,-0.0004734769265345715,-0.027128229587256688,-106.34625077087111,-106.34625077087111,-106.34625077087111
582,frame_000582.png,583,2.332,62.08750020734987,-111.19134210249817,0.0002630578602860382,0.015072105162132058,-0.00047009793971826744,-0.026934627903652118,-105.58721600969102,-105.58721600969102,-105.58721600969102
583,frame_000583.png,584,2.336,61.64435733231312,-110.39772610371706,0.00026118035605528944,0.014964532093692199,-0.0004667430557642085,-0.026742407212328376,-104.83359876832955,-104.83359876832955,-104.83359876832955
584,frame_000584.png,585,2.34,61.204377340924715,-109.6097744414616,0.0002593162507786342,0.014857726728771786,-0.000463412103144727,-0.026551557685474042,-104.08536038018582,-104.08536038018582,-104.08536038018582
585,frame_000585.png,586,2.344,60.767537658491044,-108.82744668762226,0.00025746544887665743,0.014751683591073733,-0.000460104911538715,-0.02636206956440846,-103.34246245462361,-103.34246245462361,-103.34246245462361
586,frame_000586.png,587,2.348,60.33381587144104,-108.0507027026226,0.00025562785545022153,0.014646397243277973,-0.00045682131182362903,-0.026173933159123676,-102.60486687500281,-102.60486687500281,-102.60486687500281
587,frame_000587.png,588,2.352,59.90318972617629,-107.27950263336052,0.00025380337627567764,0.014541862286767095,-0.00045356113606753756,-0.025987138847828762,-101.87253579672358,-101.87253579672358,-101.87253579672358
588,frame_000588.png,589,2.356,59.475637127929254,-106.51380691116422,0.0002519919178001095,0.014438073361353837,-0.0004503242175211944,-0.02580167707649568,-101.14543164528595,-101.14543164528595,-101.14543164528595
589,frame_000589.png,590,2.36,59.05113613962976,-105.75357624976276,0.00025019338713660853,0.01433502514501037,-0.0004471103906101598,-0.02561753835840783,-100.42351711436174,-100.42351711436174,-100.42351711436174
590,frame_000590.png,591,2.364,58.62966498077949,-104.99877164327106,0.0002484076920595806,0.014232712353599382,-0.0004439194909269515,-0.025434713273710365,-99.70675516388138,-99.70675516388138,-99.70675516388138
591,frame_000591.png,592,2.368,58.2112020263345,-104.24935436418929,0.00024663474100008434,0.014131129740606997,-0.0004407513552232311,-0.025253192468962474,-98.99510901813397,-98.99510901813397,-98.99510901813397
592,frame_000592.png,593,2.372,57.79572580559579,-103.50528596141645,0.00024487444304120037,0.014030272096877452,-0.00043760582140203405,-0.025072966656692224,-98.28854216388066,-98.28854216388066,-98.28854216388066
593,frame_000593.png,594,2.376,57.38321500110771,-102.76652825827817,0.0002431267079134318,0.013930134250349556,-0.0004344827285100363,-0.024894026614953445,-97.58701834848165,-97.58701834848165,-97.58701834848165
594,frame_000594.png,595,2.38,56.97364844756427,-102.03304335056855,0.00024139144599013556,0.013830711065794928,-0.00043138191672985543,-0.024716363186884634,-96.89050157803686,-96.89050157803686,-96.89050157803686
595,frame_000595.png,596,2.384,56.56700513072324,-101.30479360460592,0.00023966856828298478,0.013731997444558011,-0.0004283032273723949,-0.024539967280270303,-96.19895611553926,-96.19895611553926,-96.19895611553926
596,frame_000596.png,597,2.388,56.16326418632797,-100.58174165530252,0.00023795798643746135,0.01363398832429782,-0.0004252465028692241,-0.024364829867104396,-95.51234647904187,-95.51234647904187,-95.51234647904187
597,frame_000597.png,598,2.392,55.76240489903699,-99.86385040424794,0.0002362596127283793,0.013536678678731437,-0.0004222115867649975,-0.024190941983155925,-94.83063743983772,-94.83063743983772,-94.83063743983772
598,frame_000598.png,599,2.396,55.364406701361126,-99.15108301780606,0.0002345733600554384,0.01344006351737927,-0.00041919832370991886,-0.02401829472753722,-94.1537940206523,-94.1537940206523,-94.1537940206523
599,frame_000599.png,600,2.4,54.96924917260832,-98.44340292522583,0.0002328991419388077,0.01334413788531199,-0.00041620655945223727,-0.023846879262273975,-93.48178149384972,-93.48178149384972,-93.48178149384972
600,frame_000600.png,601,2.404,54.5769120378359,-97.7407738167653,0.00023123687251473942,0.013248896862899236,-0.0004132361408307869,-0.023676686811877803,-92.81456537965119,-92.81456537965119,-92.81456537965119
601,frame_000601.png,602,2.408,54.187375166810355,-97.04315964182909,0.00022958646653121234,0.013154335565559996,-0.0004102869157675715,-0.02350770866292136,-92.15211144436574,-92.15211144436574,-92.15211144436574
602,frame_000602.png,603,2.412,53.80061857297452,-96.3505246071192,0.00022794783934360503,0.013060449143514705,-0.00040735873326037757,-0.02333993616361511,-91.49438569863503,-91.49438569863503,-91.49438569863503
603,frame_000603.png,604,2.416,53.41662241242216,-95.66283317479888,0.00022632090691039855,0.012967232781539025,-0.0004044514433754387,-0.023173360723387035,-90.84135439568882,-90.84135439568882,-90.84135439568882
604,frame_000604.png,605,2.42,53.03536698287982,-94.9800500606697,0.00022470558578890839,0.0128746816987193,-0.0004015648972401369,-0.023007973812464444,-90.19298402961425,-90.19298402961425,-90.19298402961425
605,frame_000605.png,606,2.424,52.65683272269603,-94.3021402323616,0.0002231017931310458,0.012782791148209705,-0.0003986989470357422,-0.022843766961457974,-89.54924133363693,-89.54924133363693,-89.54924133363693
606,frame_000606.png,607,2.428,52.2810002098376,-93.62906890753575,0.00022150944667910795,0.012691556416991035,-0.00039585344599019534,-0.022680731760948074,-88.91009327841431,-88.91009327841431,-88.91009327841431
607,frame_000607.png,608,2.432,51.907850160893176,-92.96080155210042,0.00021992846476159698,0.012600972825631156,-0.00039302824837093137,-0.02251885986107384,-88.27550707034132,-88.27550707034132,-88.27550707034132
608,frame_000608.png,609,2.436,51.53736343008387,-92.29730387843932,0.0002183587662890678,0.012511035728047102,-0.00039022320947774427,-0.02235814297112417,-87.64545014986791,-87.64545014986791,-87.64545014986791
609,frame_000609.png,610,2.44,51.16952100828096,-91.63854184365276,0.00021680027075000435,0.0124217405112688,-0.00038743818563569295,-0.02219857285913132,-87.01989018982886,-87.01989018982886,-87.01989018982886
610,frame_000610.png,611,2.444,50.80430402203057,-90.9844816478113,0.0002152528982067242,0.012333082595204423,-0.0003846730341880453,-0.022040141351466622,-86.39879509378534,-86.39879509378534,-86.39879509378534
611,frame_000611.png,612,2.448,50.44169373258537,-90.33508973222185,0.00021371656929131146,0.012245057432407362,-0.00038192761348926807,-0.02188284033243883,-85.78213299437823,-85.78213299437823,-85.78213299437823
612,frame_000612.png,613,2.452,50.081671534943126,-89.69033277770613,0.0002121912052015776,0.012157660507844796,-0.00037920178289805283,-0.021726661743894544,-85.1698722516935,-85.1698722516935,-85.1698722516935
613,frame_000613.png,614,2.456,49.72421895689213,-89.05017770289143,0.00021067672769705008,0.012070887338667865,-0.00037649540277038857,-0.021571597584821307,-84.56198145163873,-84.56198145163873,-84.56198145163873
614,frame_000614.png,615,2.46,49.369317658063466,-88.4145916625135,0.00020917305909498894,0.011984733473983425,-0.00037380833445266977,-0.0214176399109527,-83.95842940433175,-83.95842940433175,-83.95842940433175
615,frame_000615.png,616,2.464,49.01694942899001,-87.78354204573162,0.00020768012226643056,0.011899194494627384,-0.0003711404402748509,-0.021264780834376155,-83.35918514250042,-83.35918514250042,-83.35918514250042
616,frame_000616.png,617,2.468,48.66709619017215,-87.15699647445565,0.0002061978406322592,0.01181426601293961,-0.00036849158354363733,-0.0211130125231428,-82.76421791989404,-82.76421791989404,-82.76421791989404
617,frame_000617.png,618,2.472,48.31973999115021,-86.53492280168501,0.00020472613815930533,0.011729943672540388,-0.0003658616285357214,-0.02096232720087992,-82.1734972097058,-82.1734972097058,-82.1734972097058
618,frame_000618.png,619,2.476,47.974863009583416,-85.91728910985951,0.0002032649393564712,0.011646223148108424,-0.00036325044049105733,-0.020812717146405653,-81.58699270300684,-81.58699270300684,-81.58699270300684
619,frame_000619.png,620,2.48,47.63244755033553,-85.30406370922195,0.00020181416927088342,0.01156310014516041,-0.0003606578856061764,-0.02066417469334595,-81.00467430719135,-81.00467430719135,-81.00467430719135
620,frame_000620.png,621,2.484,47.29247604456691,-84.6952151361924,0.00020037375348407198,0.011480570399832099,-0.0003580838310275466,-0.02051669222975414,-80.42651214443254,-80.42651214443254,-80.42651214443254
621,frame_000621.png,622,2.488,46.95493104883316,-84.09071215175408,0.0001989436181081759,0.011398629678660899,-0.0003555281448449695,-0.020370262197732567,-79.85247655014999,-79.85247655014999,-79.85247655014999
622,frame_000622.png,623,2.492,46.61979524419011,-83.49052373985069,0.0001975236897821754,0.011317273778369993,-0.0003529906960850187,-0.020224877093056683,-79.28253807148769,-79.28253807148769,-79.28253807148769
623,frame_000623.png,624,2.496,46.28705143530523,-82.8946191057953,0.00019611389566815017,0.011236498525653962,-0.00035047135470452203,-0.02008052946480156,-78.71666746580297,-78.71666746580297,-78.71666746580297
624,frame_000624.png,625,2.5,45.95668254957542,-82.3029676746905,0.00019471416344756364,0.01115629977696588,-0.0003479699915840803,-0.01993721191497058,-78.15483569916637,-78.15483569916637,-78.15483569916637
625,frame_000625.png,626,2.504,45.62867163625101,-81.71553908985977,0.0001933244213175732,0.011076673418305906,-0.00034548647852162954,-0.019794917098126537,-77.59701394487189,-77.59701394487189,-77.59701394487189
626,frame_000626.png,627,2.508,45.30300186556609,-81.13230321129019,0.0001919445979873662,0.01099761536501136,-0.0003430206882260448,-0.019653637721025217,-77.04317358195814,-77.04317358195814,-77.04317358195814
627,frame_000627.png,628,2.512,44.97965652787501,-80.55323011408615,0.00019057462267452153,0.010919121561548244,-0.0003405724943107767,-0.019513366542250745,-76.49328619374032,-76.49328619374032,-76.49328619374032
628,frame_000628.png,629,2.516,44.65861903279504,-79.97829008693408,0.00018921442510139638,0.010841187981304236,-0.0003381417712875405,-0.01937409637185403,-75.94732356635163,-75.94732356635163,-75.94732356635163
629,frame_000629.png,630,2.52,44.339872908355176,-79.40745363057823,0.00018786393549153856,0.010763810626383114,-0.0003357283945600363,-0.01923582007099295,-75.40525768729631,-75.40525768729631,-75.40525768729631
630,frame_000630.png,631,2.524,44.023401800151,-78.84069145630721,0.00018652308456612357,0.010686985527400624,-0.00033333224041771025,-0.019098530551574875,-74.86706074401246,-74.86706074401246,-74.86706074401246
631,frame_000631.png,632,2.528,43.70918947050555,-78.27797448445142,0.000185191803540417,0.010610708743281792,-0.0003309531860295602,-0.018962220775901796,-74.33270512244479,-74.33270512244479,-74.33270512244479
632,frame_000632.png,633,2.532,43.397219797636225,-77.7192738428911,0.00018387002412026122,0.010534976361059616,-0.0003285911094379774,-0.018826883756317456,-73.80216340562814,-73.80216340562814,-73.80216340562814
633,frame_000633.png,634,2.536,43.08747677482762,-77.16456086557517,0.00018255767849858706,0.010459784495675214,-0.0003262458895526292,-0.018692512554856853,-73.27540837228082,-73.27540837228082,-73.27540837228082
634,frame_000634.png,635,2.54,42.779944509610246,-76.61380709105048,0.00018125469935194972,0.010385129289779336,-0.00032391740614438,-0.018559100282897936,-72.75241299540806,-72.75241299540806,-72.75241299540806
635,frame_000635.png,636,2.544,42.47460722294512,-76.06698426100164,0.000179961019837089,0.010311006913535285,-0.0003216055398392553,-0.018426640100815784,-72.23315044091518,-72.23315044091518,-72.23315044091518
636,frame_000636.png,637,2.548,42.171449248414184,-75.5240643188013,0.00017867657358751373,0.010237413564423216,-0.0003193101721124397,-0.01829512521763871,-71.71759406623121,-71.71759406623121,-71.71759406623121
637,frame_000637.png,638,2.552,41.8704550314165,-74.98501940807063,0.00017740129471011012,0.010164345467045807,-0.0003170311852823183,-0.018164548890706858,-71.20571741894167,-71.20571741894167,-71.20571741894167
638,frame_000638.png,639,2.556,41.57160912837016,-74.44982187125026,0.0001761351177817738,0.010091798872935296,-0.0003147684625045568,-0.018034904425333006,-70.69749423543152,-70.69749423543152,-70.69749423543152
639,frame_000639.png,640,2.56,41.274896205919944,-73.9184442481813,0.00017487797784606574,0.010019770060361878,-0.00031252188776621564,-0.01790618517446535,-70.19289843953786,-70.19289843953786,-70.19289843953786
640,frame_000640.png,641,2.564,40.98030104015055,-73.39085927469642,0.0001736298104098916,0.009948255334143435,-0.0003102913458799103,-0.017778384538352905,-69.69190414121178,-69.69190414121178,-69.69190414121178
641,frame_000641.png,642,2.568,40.68780851580553,-72.86703988122119,0.00017239055144020428,0.009877251025456621,-0.0003080767224780054,-0.017651495964212848,-69.1944856351902,-69.1944856351902,-69.1944856351902
642,frame_000642.png,643,2.572,40.39740362551174,-72.34695919138521,0.00017116013736072976,0.009806753491649256,-0.00030587790400684613,-0.017525512945900015,-68.70061739967721,-68.70061739967721,-68.70061739967721
643,frame_000643.png,644,2.576,40.10907146900934,-71.83059052064323,0.0001699385050487161,0.009736759116054065,-0.0003036947777210323,-0.01740042902357881,-68.21027409503432,-68.21027409503432,-68.21027409503432
644,frame_000644.png,645,2.58,39.8227972523873,-71.31790737490607,0.00016872559183170514,0.009667264307803701,-0.0003015272316777264,-0.0172762377833971,-67.72343056248064,-67.72343056248064,-67.72343056248064
645,frame_000645.png,646,2.584,39.53856628732436,-70.80888344918144,0.00016752133548432704,0.009598265501647095,-0.0002993751547310016,-0.01715293285716237,-67.24006182280195,-67.24006182280195,-67.24006182280195
646,frame_000646.png,647,2.588,39.25636399033536,-70.30349262622418,0.0001663256742251173,0.00952975915776708,-0.0002972384365262276,-0.017030507922020054,-66.76014307506918,-66.76014307506918,-66.76014307506918
647,frame_000647.png,648,2.592,38.976175882023064,-69.80170897519648,0.0001651385467133563,0.009461741761599309,-0.0002951169674944926,-0.016908956700133933,-66.28364969536594,-66.28364969536594,-66.28364969536594
648,frame_000648.png,649,2.596,38.69798758633519,-69.30350675033735,0.0001639598920459312,0.009394209823652454,-0.0002930106388470623,-0.016788272958368676,-65.81055723552524,-65.81055723552524,-65.81055723552524
649,frame_000649.png,650,2.6,38.42178482982682,-68.8088603896418,0.00016278964975421968,0.009327159879329666,-0.0002909193425698789,-0.016668450507974643,-65.34084142187496,-65.34084142187496,-65.34084142187496
650,frame_000650.png,651,2.604,38.14755344092808,-68.31774451354931,0.000161627759800996,0.009260588488751298,-0.0002888429714180947,-0.016549483204274695,-64.87447815399264,-64.87447815399264,-64.87447815399264
651,frame_000651.png,652,2.608,37.875279349216974,-67.8301339236418,0.00016047416257735872,0.009194492236578871,-0.0002867814189106419,-0.016431364946353035,-64.41144350346894,-64.41144350346894,-64.41144350346894
652,frame_000652.png,653,2.612,37.60494858469752,-67.34600360135066,0.00015932879889968008,0.009128867731840304,-0.0002847345793248405,-0.016314089676746312,-63.95171371267986,-63.95171371267986,-63.95171371267986
653,frame_000653.png,654,2.616,37.33654727708292,-66.8653287066733,0.00015819161000657706,0.009063711607756347,-0.0002827023476910432,-0.016197651381136748,-63.49526519356792,-63.49526519356792,-63.49526519356792
654,frame_000654.png,655,2.62,37.070061655083954,-66.38808457689856,0.00015706253755590365,0.008999020521568268,-0.000280684619787315,-0.016082044088047344,-63.042074526431804,-63.042074526431804,-63.042074526431804
655,frame_000655.png,656,2.624,36.805478045702344,-65.91424672534151,0.00015594152362176456,0.00893479115436674,-0.00027868129213415034,-0.01596726186853916,-62.59211845872488,-62.59211845872488,-62.59211845872488
656,frame_000656.png,657,2.628,36.542782873529255,-65.44379084008702,0.00015482851069154995,0.008871020210921956,-0.000276692261989222,-0.015853298835910475,-62.14537390386235,-62.14537390386235,-62.14537390386235
657,frame_000657.png,658,2.632,36.28196266004877,-64.97669278274246,0.00015372344166299102,0.008807704419514907,-0.0002747174273421721,-0.015740149145398306,-61.70181794003636,-61.70181794003636,-61.70181794003636
658,frame_000658.png,659,2.636,36.02300402294631,-64.51292858719923,0.0001526262598412366,0.008744840531769904,-0.0002727566869094337,-0.015627806993881742,-61.26142780904027,-61.26142780904027,-61.26142780904027
659,frame_000659.png,660,2.64,35.76589367542203,-64.05247445840313,0.00015153690893595045,0.008682425322488252,-0.0002708099401290897,-0.015516266619587347,-60.82418091510087,-60.82418091510087,-60.82418091510087
660,frame_000660.png,661,2.644,35.510618425509065,-63.595306771133565,0.00015045533305842879,0.008620455589483102,-0.0002688770871557666,-0.015405522301796622,-60.390054823718984,-60.390054823718984,-60.390054823718984
661,frame_000661.png,662,2.648,35.25716517539672,-63.14140206879138,0.00014938147671873854,0.008558928153415484,-0.0002669580288555617,-0.015295568360555331,-59.95902726051875,-59.95902726051875,-59.95902726051875
662,frame_000662.png,663,2.652,35.00552092075843,-62.69073706219538,0.00014831528482287573,0.008497839857631492,-0.0002650526668010083,-0.015186399156385045,-59.53107611010432,-59.53107611010432,-59.53107611010432
663,frame_000663.png,664,2.656,34.755672750084486,-62.24328862838746,0.000147256702669944,0.008437187568000633,-0.00026316090326607166,-0.015078009089996427,-59.10617941492555,-59.10617941492555,-59.10617941492555
664,frame_000664.png,665,2.66,34.507607844019645,-61.79903380944624,0.00014620567594935305,0.008376968172755295,-0.00026128264122118037,-0.014970392602004546,-58.68431537415131,-58.68431537415131,-58.68431537415131
665,frame_000665.png,666,2.664,34.261313474705325,-61.35794981130915,0.00014516215073803697,0.008317178582331386,-0.0002594177843282938,-0.014863544172646263,-58.265462342550904,-58.265462342550904,-58.265462342550904
666,frame_000666.png,667,2.668,34.016777005126606,-60.92001400260294,0.00014412607349769234,0.008257815729210078,-0.0002575662369360027,-0.014757458321499531,-57.849598829383396,-57.849598829383396,-57.849598829383396
667,frame_000667.png,668,2.672,33.77398588846381,-60.485203913482565,0.0001430973910720358,0.008198876567760678,-0.0002557279040746596,-0.014652129607204365,-57.43670349729538,-57.43670349729538,-57.43670349729538
668,frame_000668.png,669,2.676,33.53292766744878,-60.05349723447828,0.00014207605068408116,0.008140358074084622,-0.0002539026914515503,-0.014547552627186197,-57.02675516122572,-57.02675516122572,-57.02675516122572
669,frame_000669.png,670,2.68,33.29358997372569,-59.62487181535105,0.00014106199993343575,0.008082257245860567,-0.0002520905054460903,-0.014443722017380669,-56.61973278731898,-56.61973278731898,-56.61973278731898
670,frame_000670.png,671,2.684,33.05596052721645,-59.19930566395607,0.00014005518679361588,0.008024571102190575,-0.00025029125310506103,-0.014340632451960659,-56.21561549184604,-56.21561549184604,-56.21561549184604
671,frame_000671.png,672,2.688,32.82002713549067,-58.7767769451144,0.00013905555960938156,0.007967296683447402,-0.00024850484213787547,-0.014238278643065042,-55.8143825401326,-55.8143825401326,-55.8143825401326
672,frame_000672.png,673,2.692,32.58577769314003,-58.357263979492686,0.0001380630670940898,0.00791043105112286,-0.0002467311809118782,-0.014136655340529398,-55.41601334549544,-55.41601334549544,-55.41601334549544
673,frame_000673.png,674,2.696,32.35320018115723,-57.94074524249084,0.00013707765832706692,0.00785397128767726,-0.00024497017844767553,-0.014035757331618449,-55.02048746818619,-55.02048746818619,-55.02048746818619
674,frame_000674.png,675,2.7,32.122282666319265,-57.52719936313768,0.0001360992827509996,0.007797914496389922,-0.0002432217444145007,-0.013935579440760494,-54.62778461434246,-54.62778461434246,-54.62778461434246
675,frame_000675.png,676,2.704,31.89301330057518,-57.11660512299444,0.00013512789016934416,0.007742257801210747,-0.00024148578912561137,-0.013836116529283722,-54.237884634946596,-54.237884634946596,-54.237884634946596
676,frame_000676.png,677,2.708,31.665380320438164,-56.7089414550661,0.00013416343074375427,0.007686998346612835,-0.00023976222353371544,-0.013737363495154118,-53.85076752479222,-53.85076752479222,-53.85076752479222
677,frame_000677.png,678,2.712,31.439372046381965,-56.30418744272052,0.00013320585499152727,0.0076321332974461625,-0.00023805095922643294,-0.013639315272715452,-53.46641342145733,-53.46641342145733,-53.46641342145733
678,frame_000678.png,679,2.716,31.214976882241665,-55.90232231861523,0.00013225511378306813,0.007577659838792287,-0.00023635190842178743,-0.013541966832430958,-53.084802604285585,-53.084802604285585,-53.084802604285585
679,frame_000679.png,680,2.72,30.992183314618668,-55.50332546363193,0.00013131115833937186,0.007523575175820091,-0.00023466498396372787,-0.013445313180626752,-52.70591549337432,-52.70591549337432,-52.70591549337432
680,frame_000680.png,681,2.724,30.770979912289988,-55.1071764058186,0.00013037394022952345,0.007469876533642549,-0.00023299009931768264,-0.013349349359237097,-52.32973264857,-52.32973264857,-52.32973264857
681,frame_000681.png,682,2.728,30.551355325621717,-54.713854819339076,0.0001294434113682158,0.007416561157174506,-0.00023132716856614566,-0.01325407044555151,-51.95623476847069,-51.95623476847069,-51.95623476847069
682,frame_000682.png,683,2.732,30.333298285986707,-54.32334052343023,0.0001285195240132852,0.007363626310991477,-0.0002296761064042918,-0.013159471551963538,-51.58540268943587,-51.58540268943587,-51.58540268943587
683,frame_000683.png,684,2.736,30.116797605186385,-53.93561348136654,0.00012760223076326425,0.007311069279189439,-0.00022803682813562337,-0.013065547825721325,-51.21721738460309,-51.21721738460309,-51.21721738460309
684,frame_000684.png,685,2.74,29.901842174876702,-53.550653799432006,0.0001266914845549524,0.0072588873652456275,-0.00022640924966764648,-0.01297229444867988,-50.85165996291184,-50.85165996291184,-50.85165996291184
685,frame_000685.png,686,2.744,29.68842096599819,-53.16844172589953,0.00012578723866100348,0.00720707789188032,-0.0002247932875075791,-0.012879706637055175,-50.48871166813413,-50.48871166813413,-50.48871166813413
686,frame_000686.png,687,2.748,29.476523028210078,-52.78895765001742,0.0001248894466875305,0.007155638200919596,-0.00022318885875808648,-0.012787779641179796,-50.12835387791242,-50.12835387791242,-50.12835387791242
687,frame_000687.png,688,2.7520000000000002,29.266137489328436,-52.41218210100328,0.00012399806257172748,0.007104565653159083,-0.0002215958811130495,-0.012696508745260487,-49.77056810280382,-49.77056810280382,-49.77056810280382
688,frame_000688.png,689,2.7560000000000002,29.05725355476836,-52.038095747044956,0.0001231130405795083,0.0070538576282286655,-0.00022001427285336006,-0.012605889267137252,-49.415335985331694,-49.415335985331694,-49.415335985331694
689,frame_000689.png,690,2.7600000000000002,28.849860506990098,-51.666679394308694,0.00012223433530316212,0.007003511524458151,-0.0002184439528427471,-0.012515916558044191,-49.06263929904367,-49.06263929904367,-49.06263929904367
690,frame_000690.png,691,2.7640000000000002,28.643947704949163,-51.297913985954324,0.00012136190165902551,0.006953524758743905,-0.000216884840523632,-0.012426586002372042,-48.71245994757646,-48.71245994757646,-48.71245994757646
691,frame_000691.png,692,2.7680000000000002,28.439504583550352,-50.93178060115753,0.00012049569488517141,0.006903894766416422,-0.00021533685591301267,-0.012337893017432352,-48.364779963727415,-48.364779963727415,-48.364779963727415
692,frame_000692.png,693,2.7720000000000002,28.236520653105664,-50.56826045413902,0.00011963567053911413,0.0068546190011088415,-0.00021379991959837648,-0.012249833053223308,-48.01958150853264,-48.01958150853264,-48.01958150853264
693,frame_000693.png,694,2.7760000000000002,28.034985498796107,-50.20733489320071,0.00011878178449553096,0.006805694934626402,-0.00021227395273364178,-0.012162401592197197,-47.67684687035171,-47.67684687035171,-47.67684687035171
694,frame_000694.png,695,2.7800000000000002,27.834888780137312,-49.84898539976871,0.00011793399294399986,0.006757120056816822,-0.00021075887703512954,-0.012075594149029612,-47.33655846395888,-47.33655846395888,-47.33655846395888
695,frame_000695.png,696,2.7840000000000003,27.636220230448984,-49.4931935874432,0.00011709225238675334,0.006708891875441607,-0.00020925461477755913,-0.011989406270390007,-46.99869882964103,-46.99869882964103,-46.99869882964103
696,frame_000696.png,697,2.7880000000000003,27.438969656328133,-49.139941201055066,0.00011625651963644816,0.006661007916048259,-0.00020776108879007728,-0.011903833534714187,-46.6632506323015,-46.6632506323015,-46.6632506323015
697,frame_000697.png,698,2.7920000000000003,27.243126937126075,-48.78921011572925,0.00011542675181395112,0.006613465721843418,-0.00020627822245231032,-0.01181887155197812,-46.33019666057103,-46.33019666057103,-46.33019666057103
698,frame_000698.png,699,2.7960000000000003,27.048682024429144,-48.44098233595477,0.00011460290634614039,0.006566262853566883,-0.0002048059396904501,-0.011734515963473665,-45.99951982592427,-45.99951982592427,-45.99951982592427
699,frame_000699.png,700,2.8000000000000003,26.85562494154313,-48.09523999466149,0.00011378494096372265,0.006519396889366542,-0.00020334416497335968,-0.011650762441585454,-45.67120316180342,-45.67120316180342,-45.67120316180342
700,frame_000700.png,701,2.8040000000000003,26.663945782981394,-47.75196535230331,0.0001129728136990657,0.006472865424674195,-0.00020189282330871348,-0.011567606689569736,-45.345229822747356,-45.345229822747356,-45.345229822747356
701,frame_000701.png,702,2.8080000000000003,26.473634713956624,-47.411140795948036,0.00011216648288404648,0.006426666072082249,-0.00020045184023916105,-0.011485044441334575,-45.02158308352753,-45.02158308352753,-45.02158308352753
702,frame_000702.png,703,2.8120000000000003,26.284681969876235,-47.07274883837369,0.0001113659071479145,0.006380796461221308,-0.00019902114183851713,-0.011403071461221562,-44.700246338289816,-44.700246338289816,-44.700246338289816
703,frame_000703.png,704,2.816,26.097077855841352,-46.736772117171256,0.00011057104541517032,0.006335254238638611,-0.0001976006547079811,-0.011321683543789198,-44.38120309970243,-44.38120309970243,-44.38120309970243
704,frame_000704.png,705,2.82,25.91081274614939,-46.403193393853854,0.0001097818569034593,0.006290037067677359,-0.0001961903059723827,-0.011240876513597797,-44.064436998109926,-44.064436998109926,-44.064436998109926
705,frame_000705.png,706,2.824,25.725877083800167,-46.07199555297229,0.00010899830112148026,0.006245142628356887,-0.00019479002327645143,-0.011160646224995735,-43.7499317806935,-43.7499317806935,-43.7499317806935
706,frame_000706.png,707,2.828,25.542261380005556,-45.74316160123686,0.0001082203378669091,0.006200568617253697,-0.00019339973478111575,-0.011080988561907406,-43.43767131063693,-43.43767131063693,-43.43767131063693
707,frame_000707.png,708,2.832,25.35995621370262,-45.41667466664548,0.00010744792722433704,0.00615631274738333,-0.00019201936915982703,-0.011001899437622609,-43.127639566298626,-43.127639566298626,-43.127639566298626
708,frame_000708.png,709,2.836,25.178952231070237,-45.09251799761801,0.00010668102956322378,0.006112372748083086,-0.00019064885559490793,-0.010923374794587316,-42.81982064038972,-42.81982064038972,-42.81982064038972
709,frame_000709.png,710,2.84,24.99924014504917,-44.77067496213676,0.00010591960553586508,0.006068746364895579,-0.0001892881237739296,-0.010845410604196106,-42.51419873915772,-42.51419873915772,-42.51419873915772
710,frame_000710.png,711,2.844,24.82081073486556,-44.45112904689313,0.0001051636160753748,0.006025431359453114,-0.00018793710388611163,-0.010768002866585899,-42.210758181576296,-42.210758181576296,-42.210758181576296
711,frame_000711.png,712,2.848,24.643654845557815,-44.13386385644035,0.00010441302239368152,0.005982425509362903,-0.0001865957266187489,-0.010691147610431223,-41.909483398540644,-41.909483398540644,-41.909483398540644
712,frame_000712.png,713,2.852,24.467763387506896,-43.81886311235225,0.00010366778597953907,0.005939726608093078,-0.00018526392315366437,-0.01061484089274098,-41.610358932068635,-41.610358932068635,-41.610358932068635
713,frame_000713.png,714,2.856,24.29312733596994,-43.506110652388045,0.00010292786859655164,0.005897332464859533,-0.00018394162516368457,-0.010539078798656506,-41.31336943450782,-41.31336943450782,-41.31336943450782
714,frame_000714.png,715,2.86,24.1197377306172,-43.19559042966309,0.00010219323228121264,0.005855240904513567,-0.00018262876480914278,-0.010463857441251213,-41.018499667747776,-41.018499667747776,-41.018499667747776
715,frame_000715.png,716,2.864,23.947585675072318,-42.887286511825536,0.00010146383934095774,0.0058134497674303225,-0.00018132527473440426,-0.010389172961331503,-40.725734502438485,-40.725734502438485,-40.725734502438485
716,frame_000716.png,717,2.868,23.776662336455864,-42.58118308023886,0.00010073965235223163,0.005771956909398028,-0.00018003108806441891,-0.010315021527239253,-40.435058917213865,-40.435058917213865,-40.435058917213865
717,frame_000717.png,718,2.872,23.606958944932124,-42.27726442917025,0.00010002063415856867,0.005730760201508021,-0.0001787461384012961,-0.010241399334655558,-40.146457997921175,-40.146457997921175,-40.146457997921175
718,frame_000718.png,719,2.876,23.43846679325914,-41.97551496498478,9.930674786868713e-05,0.005689857530045556,-0.00017747035982090397,-0.010168302606405898,-39.8599169368558,-39.8599169368558,-39.8599169368558
719,frame_000719.png,720,2.88,23.27117723634195,-41.67591920534531,9.859795685459712e-05,0.0056492467963814,-0.00017620368686949335,-0.01009572759226669,-39.57542103200143,-39.57542103200143,-39.57542103200143
720,frame_000720.png,721,2.884,23.105081690789028,-41.378461778418114,9.789422474972187e-05,0.00560892591686419,-0.00017494605456034684,-0.010023670568773303,-39.29295568627573,-39.29295568627573,-39.29295568627573
721,frame_000721.png,722,2.888,22.940171634471884,-41.083127422084196,9.719551544703249e-05,0.00556889282271356,-0.00017369739837044883,-0.00995212783902926,-39.01250640678144,-39.01250640678144,-39.01250640678144
722,frame_000722.png,723,2.892,22.776438606087794,-40.7899009831562,9.650179309719599e-05,0.005529145459914031,-0.000172457654237182,-0.009881095732516967,-38.734058804062684,-38.734058804062684,-38.734058804062684
723,frame_000723.png,724,2.896,22.61387420472567,-40.49876741660093,9.581302210673655e-05,0.00548968178910966,-0.00017122675855504442,-0.009810570604909608,-38.45759859136679,-38.45759859136679,-38.45759859136679
724,frame_000724.png,725,2.9,22.452470089435018,-40.209711784767414,9.512916713620978e-05,0.005450499785499433,-0.0001700046481723929,-0.009740548837884557,-38.1831115839111,-38.1831115839111,-38.1831115839111
725,frame_000725.png,726,2.904,22.292217978797986,-39.922719256620496,9.445019309839013e-05,0.0054115974387334105,-0.00016879126038820628,-0.009671026838937934,-37.91058369815538,-37.91058369815538,-37.91058369815538
726,frame_000726.png,727,2.908,22.133109650504448,-39.637775106979845,9.377606515647112e-05,0.005372972752809612,-0.0001675865329488741,-0.009602001041200597,-37.64000095107903,-37.64000095107903,-37.64000095107903
727,frame_000727.png,728,2.912,21.97513694093013,-39.354864715764464,9.310674872227847e-05,0.005334623745971627,-0.0001663904040450073,-0.009533467903255419,-37.3713494594637,-37.3713494594637,-37.3713494594637
728,frame_000728.png,729,2.916,21.81829174471775,-39.07397356724254,9.24422094544959e-05,0.005296548450606971,-0.00016520281230827125,-0.009465423908955831,-37.104615439181,-37.104615439181,-37.104615439181
729,frame_000729.png,730,2.92,21.662566014361136,-38.795087249286674,9.178241325690363e-05,0.005258744913146154,-0.00016402369680824154,-0.009397865567245672,-36.839785204485224,-36.839785204485224,-36.839785204485224
730,frame_000730.png,731,2.924,21.507951759792324,-38.5181914526344,9.112732627662945e-05,0.0052212111939624745,-0.00016285299704928233,-0.009330789411980327,-36.576845167311134,-36.576845167311134,-36.576845167311134
731,frame_000731.png,732,2.928,21.354441047971605,-38.243271970154034,9.047691490241218e-05,0.00518394536727252,-0.00016169065296744545,-0.009264192001749064,-36.31578183657686,-36.31578183657686,-36.31578183657686
732,frame_000732.png,733,2.932,21.202026002480487,-37.97031469611571,8.98311457628776e-05,0.005146945521037395,-0.00016053660492739384,-0.009198069919698763,-36.05658181749159,-36.05658181749159,-36.05658181749159
733,frame_000733.png,734,2.936,21.050698803117573,-37.699305625467616,8.91899857248266e-05,0.005110209756864624,-0.00015939079371934484,-0.009132419773358769,-35.79923181086838,-35.79923181086838,-35.79923181086838
734,frame_000734.png,735,2.94,20.900451685497302,-37.43023085311747,8.855340189153561e-05,0.005073736189910792,-0.0001582531605560354,-0.00906723819446702,-35.54371861244179,-35.54371861244179,-35.54371861244179
735,frame_000735.png,736,2.944,20.75127694065159,-37.16307657321903,8.792136160106908e-05,0.005037522948784836,-0.00015712364706971097,-0.009002521838797524,-35.290029112190325,-35.290029112190325,-35.290029112190325
736,frame_000736.png,737,2.948,20.603166914634276,-36.89782907846374,8.729383242460403e-05,0.005001568175452068,-0.00015600219530913315,-0.008938267385988899,-35.03815029366383,-35.03815029366383,-35.03815029366383
737,frame_000737.png,738,2.952,20.456114008128427,-36.63447475937744,8.667078216476652e-05,0.00496587002513885,-0.0001548887477366088,-0.008874471539374167,-34.78806923331571,-34.78806923331571,-34.78806923331571
738,frame_000738.png,739,2.956,20.31011067605641,-36.373000103622104,8.605217885398004e-05,0.004930426666237966,-0.00015378324722504285,-0.008811131025811884,-34.53977309983965,-34.53977309983965,-34.53977309983965
739,frame_000739.png,740,2.96,20.165149427192777,-36.11339169530251,8.543799075282562e-05,0.004895236280214663,-0.00015268563705500917,-0.008748242595518319,-34.293249153511454,-34.293249153511454,-34.293249153511454
740,frame_000740.png,741,2.964,20.021222823779897,-35.855636214277915,8.482818634841361e-05,0.004860297061513366,-0.00015159586091184325,-0.008685803021900865,-34.04848474553529,-34.04848474553529,-34.04848474553529
741,frame_000741.png,742,2.968,19.878323481146342,-35.5997204354786,8.422273435276719e-05,0.004825607217465053,-0.0001505138628827563,-0.008623809101392712,-33.80546731739473,-33.80546731739473,-33.80546731739473
742,frame_000742.png,743,2.972,19.736444067327973,-35.34563122822734,8.362160370121728e-05,0.004791164968195294,-0.00014943958745396857,-0.008562257653288566,-33.564184400208376,-33.564184400208376,-33.564184400208376
743,frame_000743.png,744,2.976,19.595577302691762,-35.09335555556565,8.302476355080893e-05,0.0047569685465329425,-0.00014837297950786433,-0.008501145519581676,-33.3246236140901,-33.3246236140901,-33.3246236140901
744,frame_000744.png,745,2.98,19.455715959562284,-34.84288047358493,8.243218327871919e-05,0.004723016197919486,-0.00014731398432016551,-0.00844046956480187,-33.0867726675139,-33.0867726675139,-33.0867726675139
745,frame_000745.png,746,2.984,19.31685286185087,-34.59419313076228,8.184383248068605e-05,0.004689306180319034,-0.00014626254755712765,-0.008380226675854904,-32.85061935668311,-32.85061935668311,-32.85061935668311
746,frame_000746.png,747,2.988,19.17898088468742,-34.34728076730116,8.12596809694488e-05,0.00465583676412895,-0.00014521861527275247,-0.008320413761862754,-32.616151564904484,-32.616151564904484,-32.616151564904484
747,frame_000747.png,748,2.992,19.04209295405482,-34.10213071447665,8.067969877319936e-05,0.004622606232091129,-0.00014418213390602513,-0.008261027754005326,-32.38335726196617,-32.38335726196617,-32.38335726196617
748,frame_000748.png,749,2.996,18.906182046426,-33.85873039398549,8.010385613404474e-05,0.0045896128792038944,-0.00014315305027816556,-0.008202065605362963,-32.15222450352081,-32.15222450352081,-32.15222450352081
749,frame_000749.png,750,3.0,18.771241188403565,-33.617067317300666,7.95321235064804e-05,0.004556855012634533,-0.00014213131158990398,-0.00814352429076034,-31.9227414304724,-31.9227414304724,-31.9227414304724
750,frame_000750.png,751,3.004,18.637263456361993,-33.37712908503067,7.896447155587463e-05,0.004524330951632453,-0.00014111686541877283,-0.008085400806611319,-31.694896268368012,-31.694896268368012,-31.694896268368012
751,frame_000751.png,752,3.008,18.5042419760924,-33.13890338628328,7.840087115696356e-05,0.00449203902744296,-0.00014010965971641943,-0.00802769217076496,-31.468677326793582,-31.468677326793582,-31.468677326793582
752,frame_000752.png,753,3.012,18.37216992244982,-32.902377998033934,7.784129339235703e-05,0.004459977583221641,-0.00013910964280593825,-0.007970395422352677,-31.24407299877405,-31.24407299877405,-31.24407299877405
753,frame_000753.png,754,3.016,18.241040519003047,-32.66754078449857,7.728570955105508e-05,0.004428144973949373,-0.00013811676337921935,-0.007913507621636316,-31.021071760177982,-31.021071760177982,-31.021071760177982
754,frame_000754.png,755,3.02,18.110847037686913,-32.43437969651097,7.673409112697504e-05,0.004396539566347928,-0.00013713097049431882,-0.007857025849857488,-30.799662169126137,-30.799662169126137,-30.799662169126137
755,frame_000755.png,756,3.024,17.981582798457104,-32.20288277090452,7.618640981748909e-05,0.004365159738796185,-0.00013615221357284713,-0.007800947209087944,-30.579832865404406,-30.579832865404406,-30.579832865404406
756,frame_000756.png,757,3.028,17.853241168947395,-31.973038129898395,7.564263752197228e-05,0.004334003881246932,-0.00013518044239737513,-0.007745268822080931,-30.361572569881034,-30.361572569881034,-30.361572569881034
757,frame_000757.png,758,3.032,17.725815564129377,-31.744833980488146,7.510274634036092e-05,0.00430307039514427,-0.0001342156071088586,-0.007689987832123647,-30.144870083927813,-30.144870083927813,-30.144870083927813
758,frame_000758.png,759,3.036,17.59929944597457,-31.518258613840615,7.456670857172123e-05,0.004272357693341605,-0.00013325765820408213,-0.0076351014028907755,-29.929714288845574,-29.929714288845574,-29.929714288845574
759,frame_000759.png,760,3.04,17.473686323118972,-31.293300404693163,7.403449671282819e-05,0.004241864200020222,-0.00013230654653312074,-0.007580606718299052,-29.71609414529361,-29.71609414529361,-29.71609414529361
760,frame_000760.png,761,3.044,17.34896975053,-31.069947810757192,7.350608345675459e-05,0.0042115883506084395,-0.00013136222329681988,-0.007526500982362878,-29.503998692723314,-29.503998692723314,-29.503998692723314
761,frame_000761.png,762,3.048,17.2251433291758,-30.848189372125947,7.298144169147006e-05,0.004181528591701342,-0.00013042464004429238,-0.007472781419050904,-29.293417048815833,-29.293417048815833,-29.293417048815833
762,frame_000762.png,763,3.052,17.102200705696923,-30.628013710686506,7.246054449845015e-05,0.00415168338098109,-0.00012949374867043392,-0.007419445272143679,-29.084338408923685,-29.084338408923685,-29.084338408923685
763,frame_000763.png,764,3.056,16.980135572080343,-30.409409529536,7.194336515129528e-05,0.004122051187137785,-0.0001285695014134561,-0.0073664898050923066,-28.876752045516398,-28.876752045516398,-28.876752045516398
764,frame_000764.png,765,3.06,16.858941665335802,-30.19236561240197,7.14298771143597e-05,0.004092630489790918,-0.00012765185085243696,-0.007313912300878097,-28.67064730763009,-28.67064730763009,-28.67064730763009
765,frame_000765.png,766,3.064,16.738612767174466,-29.9768708230669,7.092005404138998e-05,0.004063419779411363,-0.00012674074990489027,-0.007261710061873303,-28.466013620320936,-28.466013620320936,-28.466013620320936
766,frame_000766.png,767,3.068,16.619142703689874,-29.762914104796806,7.041386977417347e-05,0.004034417557243934,-0.00012583615182434877,-0.007209880409702639,-28.262840484122727,-28.262840484122727,-28.262840484122727
767,frame_000767.png,768,3.072,16.500525345041158,-29.550484479773953,6.991129834119615e-05,0.004005622335230493,-0.00012493801019796883,-0.007158420685106053,-28.061117474507967,-28.061117474507967,-28.061117474507967
768,frame_000768.png,769,3.076,16.382754605138533,-29.339571048533585,6.941231395631031e-05,0.003977032635933603,-0.0001240462789441493,-0.007107328247802284,-27.860834241353132,-27.860834241353132,-27.860834241353132
769,frame_000769.png,770,3.08,16.265824441331038,-29.13016298940471,6.891689101741152e-05,0.003948646992460734,-0.00012316091231016777,-0.007056600476353439,-27.661980508407623,-27.661980508407623,-27.661980508407623
770,frame_000770.png,771,3.084,16.149728854096477,-28.922249557954828,6.84250041051252e-05,0.003920463948389006,-0.0001222818648698351,-0.007006234768030599,-27.464546072766417,-27.464546072766417,-27.464546072766417
771,frame_000771.png,772,3.088,16.034461886733606,-28.715820086438676,6.793662798150243e-05,0.0038924820576904623,-0.00012140909152116451,-0.006956228538680274,-27.26852080434667,-27.26852080434667,-27.26852080434667
772,frame_000772.png,773,3.092,15.9200176250565,-28.510863983250864,6.745173758872522e-05,0.0038646998846578874,-0.00012054254748405891,-0.006906579222591896,-27.073894645367915,-27.073894645367915,-27.073894645367915
773,frame_000773.png,774,3.096,15.806390197091103,-28.30737073238245,6.697030804782083e-05,0.003837116003831145,-0.00011968218829801457,-0.006857284272366244,-26.880657609835964,-26.880657609835964,-26.880657609835964
774,frame_000774.png,775,3.1,15.693573772773949,-28.10532989288135,6.64923146573854e-05,0.0038097289999240464,-0.00011882796981984043,-0.006808341158784778,-26.68879978303061,-26.68879978303061,-26.68879978303061
775,frame_000775.png,776,3.104,15.58156256365302,-27.90473109831667,6.601773289231669e-05,0.0037825374677517396,-0.00011797984822139372,-0.006759747370679892,-26.49831132099692,-26.49831132099692,-26.49831132099692
776,frame_000776.png,777,3.108,15.470350822590763,-27.705564056246796,6.554653840255572e-05,0.0037555400121586156,-0.000117137779987332,-0.006711500414806121,-26.309182450040126,-26.309182450040126,-26.309182450040126
777,frame_000777.png,778,3.112,15.359932843469203,-27.50781854769129,6.507870701183757e-05,0.00372873524794673,-0.00011630172191288252,-0.006663597815712332,-26.12140346622408,-26.12140346622408,-26.12140346622408
778,frame_000778.png,779,3.116,15.250302960897168,-27.311484426606604,6.461421471645104e-05,0.003702121799804738,-0.0001154716311016241,-0.006616037115614634,-25.934964734873546,-25.934964734873546,-25.934964734873546
779,frame_000779.png,780,3.12,15.141455549919614,-27.116551619365474,6.415303768400699e-05,0.003675698302237326,-0.00011464746496328858,-0.006568815874270413,-25.74985669007968,-25.74985669007968,-25.74985669007968
780,frame_000780.png,781,3.124,15.033385025729014,-26.923010124240065,6.369515225221578e-05,0.0036494633994951643,-0.00011382918121157507,-0.006521931668853098,-25.56606983420933,-25.56606983420933,-25.56606983420933
781,frame_000781.png,782,3.128,14.926085843378806,-26.730850010888794,6.324053492767313e-05,0.003623415745505341,-0.00011301673786198252,-0.006475382093827973,-25.383594737417567,-25.383594737417567,-25.383594737417567
782,frame_000782.png,783,3.132,14.81955249749889,-26.54006141984683,6.278916238465489e-05,0.003597554003802309,-0.00011221009322965453,-0.006429164760828697,-25.202422037164126,-25.202422037164126,-25.202422037164126
783,frame_000783.png,784,3.136,14.713779522013159,-26.350634562020204,6.234101146392019e-05,0.0035718768474593088,-0.00011140920592724209,-0.006383277298534847,-25.022542437732753,-25.022542437732753,-25.022542437732753
784,frame_000784.png,785,3.14,14.608761489859042,-26.162559718183555,6.189605917152333e-05,0.003546382959020298,-0.0001106140348627804,-0.006337717352550266,-24.843946709754434,-24.843946709754434,-24.843946709754434
785,frame_000785.png,786,3.144,14.504493012709043,-25.97582723848145,6.145428267763398e-05,0.0035210710304323513,-0.0001098245392375813,-0.006292482585282317,-24.666625689733735,-24.666625689733735,-24.666625689733735
786,frame_000786.png,787,3.148,14.400968740694283,-25.79042754193326,6.101565931536595e-05,0.0034959397629785553,-0.00010904067854414012,-0.006247570675821938,-24.490570279578733,-24.490570279578733,-24.490570279578733
787,frame_000787.png,788,3.152,14.298183362129995,-25.606351115941564,6.058016657961417e-05,0.0034709878672113718,-0.00010826241256405847,-0.006202979319824648,-24.315771446134107,-24.315771446134107,-24.315771446134107
788,frame_000788.png,789,3.156,14.196131603243,-25.4235885158041,6.01477821259001e-05,0.0034462140628864863,-0.00010748970136598021,-0.006158706229392266,-24.14222022071779,-24.14222022071779,-24.14222022071779
789,frame_000789.png,790,3.16,14.094808227901108,-25.242130364229144,5.971848376922531e-05,0.0034216170788971185,-0.00010672250530354435,-0.006114749132955636,-23.969907698660634,-23.969907698660634,-23.969907698660634
790,frame_000790.png,791,3.164,13.994208037344466,-25.06196735085439,5.92922494829332e-05,0.00339719565320881,-0.00010596078501335022,-0.006071105775158032,-23.798825038849692,-23.798825038849692,-23.798825038849692
791,frame_000791.png,792,3.168,13.894325869918813,-24.883090231769227,5.886905739757898e-05,0.003372948532794673,-0.00010520450141293896,-0.006027773916739508,-23.628963463274445,-23.628963463274445,-23.628963463274445
792,frame_000792.png,793,3.172,13.795156600810646,-24.705489829040488,5.844888579980756e-05,0.0033488744735711024,-0.00010445361569878851,-0.005984751334422021,-23.460314256576524,-23.460314256576524,-23.460314256576524
793,frame_000793.png,794,3.176,13.696695141784266,-24.5291570302415,5.803171313123955e-05,0.0033249722403339453,-0.00010370808934432316,-0.005942035820795382,-23.292868765602478,-23.292868765602478,-23.292868765602478
794,frame_000794.png,795,3.18,13.598936440920719,-24.35408278798456,5.7617517987365146e-05,0.003301240606695128,-0.00010296788409793677,-0.0058996251842040005,-23.12661839895984,-23.12661839895984,-23.12661839895984
795,frame_000795.png,796,3.184,13.501875482358578,-24.180258119456727,5.720627911644599e-05,0.003277678355019735,-0.00010223296198103146,-0.005857517248634507,-22.96155462657623,-22.96155462657623,-22.96155462657623
796,frame_000796.png,797,3.188,13.405507286036597,-24.007674105958927,5.679797541842476e-05,0.003254284276363535,-0.00010150328528606828,-0.005815709853604061,-22.7976689792618,-22.7976689792618,-22.7976689792618
797,frame_000797.png,798,3.192,13.30982690743818,-23.836321892448336,5.639258594384263e-05,0.003231057170410953,-0.00010077881657463375,-0.005774200854049581,-22.634953048274618,-22.634953048274618,-22.634953048274618
798,frame_000798.png,799,3.196,13.214829437337695,-23.666192687084056,5.5990089892764406e-05,0.0032079958454134883,-0.00010005951867551904,-0.005732988120217682,-22.473398484889223,-22.473398484889223,-22.473398484889223
799,frame_000799.png,800,3.2,13.12051000154858,-23.497277760776004,5.5590466613711375e-05,0.003185099118128571,-9.934535468281229e-05,-0.005692069537555374,-22.312996999968362,-22.312996999968362,-22.312996999968362
800,frame_000800.png,801,3.204,13.02686376067326,-23.329568446737046,5.5193695602601715e-05,0.0031623658137588492,-9.863628795400725e-05,-0.005651443006601697,-22.1537403635375,-22.1537403635375,-22.1537403635375
801,frame_000801.png,802,3.208,12.933885909854846,-23.163056140038304,5.4799756501698505e-05,0.003139794765891917,-9.793228210812138e-05,-0.0056111064428799,-21.995620404362768,-21.995620404362768,-21.995620404362768
802,frame_000802.png,803,3.212,12.8415716785306,-22.99773229716767,5.4408629098565225e-05,0.003117384816440468,-9.723330102383109e-05,-0.0055710577767905875,-21.83862900953153,-21.83862900953153,-21.83862900953153
803,frame_000803.png,804,3.216,12.749916330187167,-22.83358843559143,5.4020293325028744e-05,0.0030951348155828797,-9.653930883761778e-05,-0.005531294953505508,-21.682758124036255,-21.682758124036255,-21.682758124036255
804,frame_000804.png,805,3.22,12.658915162117552,-22.670616133319044,5.363472925614965e-05,0.0030730436217042164,-9.585026994192875e-05,-0.005491815932862172,-21.527999750361104,-21.527999750361104,-21.527999750361104
805,frame_000805.png,806,3.224,12.568563505179824,-22.508807028471033,5.325191710919997e-05,0.003051110101337658,-9.51661489833499e-05,-0.0054526186892591595,-21.374345948071692,-21.374345948071692,-21.374345948071692
806,frame_000806.png,807,3.228,12.478856723557561,-22.348152818849933,5.28718372426482e-05,0.0030293331291063458,-9.44869108607923e-05,-0.005413701211552219,-21.221788833407643,-21.221788833407643,-21.221788833407643
807,frame_000807.png,808,3.232,12.38979021452198,-22.18864526151432,5.249447015515151e-05,0.003007711587665641,-9.381252072369163e-05,-0.005375061502951101,-21.070320578878032,-21.070320578878032,-21.070320578878032
808,frame_000808.png,809,3.236,12.301359408195788,-22.030276172355897,5.211979648455521e-05,0.0029862443676457987,-9.31429439702197e-05,-0.005336697580917088,-20.91993341285987,-20.91993341285987,-20.91993341285987
809,frame_000809.png,810,3.24,12.213559767318701,-21.873037425679552,5.1747797006899346e-05,0.002964930367595046,-9.247814624551023e-05,-0.005298607477061336,-20.770619619199252,-20.770619619199252,-20.770619619199252
810,frame_000810.png,811,3.244,12.126386787014646,-21.716920953786452,5.137845263543234e-05,0.0029437684939230746,-9.181809343989538e-05,-0.005260789237043836,-20.62237153681552,-20.62237153681552,-20.62237153681552
811,frame_000811.png,812,3.248,12.039835994560622,-21.561918746560103,5.101174441963173e-05,0.002922757660844927,-9.116275168715696e-05,-0.005223240920473218,-20.47518155930814,-20.47518155930814,-20.47518155930814
812,frame_000812.png,813,3.2520000000000002,11.953902949157213,-21.40802285105536,5.064765354423185e-05,0.0029018967903252906,-9.051208736278801e-05,-0.005185960600807147,-20.329042134566464,-20.329042134566464,-20.329042134566464
813,frame_000813.png,814,3.2560000000000002,11.868583241700735,-21.255225371090372,5.0286161328258464e-05,0.0028811848120231837,-8.986606708226831e-05,-0.00514894636525351,-20.18394576438223,-20.18394576438223,-20.18394576438223
814,frame_000814.png,815,3.2600000000000002,11.78387249455701,-21.103518466841443,4.992724922407031e-05,0.002860620663237043,-8.922465769935179e-05,-0.005112196314672303,-20.0398850040648,-20.0398850040648,-20.0398850040648
815,frame_000815.png,816,3.2640000000000002,11.699766361336751,-20.952894354440772,4.957089881640745e-05,0.002840203288850195,-8.858782630436564e-05,-0.005075708563478168,-19.896852462059265,-19.896852462059265,-19.896852462059265
816,frame_000816.png,817,3.2680000000000002,11.616260526672573,-20.803345305577096,4.921709182144646e-05,0.002819931641276724,-8.79555402225219e-05,-0.0050394812395436585,-19.75484079956714,-19.75484079956714,-19.75484079956714
817,frame_000817.png,818,3.2720000000000002,11.533350705997554,-20.654863647099134,4.8865810085862296e-05,0.0027998046804077205,-8.732776701224164e-05,-0.005003512484103221,-19.613842730169807,-19.613842730169807,-19.613842730169807
818,frame_000818.png,819,3.2760000000000002,11.451032645325418,-20.50744176062191,4.851703558589692e-05,0.0027798213735579186,-8.670447446349053e-05,-0.00496780045165783,-19.473851019454678,-19.473851019454678,-19.473851019454678
819,frame_000819.png,820,3.2800000000000002,11.36930212103226,-20.36107208213585,4.8170750426434515e-05,0.0027599806954127083,-8.60856305961254e-05,-0.004932343309880255,-19.334858484644087,-19.334858484644087,-19.334858484644087
820,frame_000820.png,821,3.2840000000000003,11.288154939639838,-20.21574710161869,4.782693684008337e-05,0.0027402816279755307,-8.547120365825524e-05,-0.004897139239521148,-19.196857994226548,-19.196857994226548,-19.196857994226548
821,frame_000821.png,822,3.2880000000000003,11.207586937600418,-20.071459362650145,4.748557718626423e-05,0.002720723160515647,-8.486116212461054e-05,-0.004862186434315618,-19.05984246759109,-19.05984246759109,-19.05984246759109
822,frame_000822.png,823,3.2920000000000003,11.127593981083137,-19.928201462029342,4.7146653950305236e-05,0.0027013042895162806,-8.425547469492723e-05,-0.0048274831008906375,-18.923804874663773,-18.923804874663773,-18.923804874663773
823,frame_000823.png,824,3.2960000000000003,11.048171965761917,-19.78596604939495,4.681014974254329e-05,0.0026820240186231276,-8.365411029233956e-05,-0.004793027458672958,-18.78873823554713,-18.78873823554713,-18.78873823554713
824,frame_000824.png,825,3.3000000000000003,10.969316816604863,-19.644745826848066,4.647604729743179e-05,0.0026628813585932378,-8.305703806178716e-05,-0.004758817739797844,-18.65463562016187,-18.65463562016187,-18.65463562016187
825,frame_000825.png,826,3.3040000000000003,10.891024487665186,-19.504533548577754,4.614432947265483e-05,0.0026438753272442577,-8.246422736843113e-05,-0.004724852189018319,-18.521490147891477,-18.521490147891477,-18.521490147891477
826,frame_000826.png,827,3.3080000000000003,10.813290961873616,-19.36532202048928,4.5814979248247607e-05,0.002625004949404037,-8.187564779608243e-05,-0.004691129063615123,-18.389294987229086,-18.389294987229086,-18.389294987229086
827,frame_000827.png,828,3.3120000000000003,10.73611225083228,-19.227104099834996,4.548797972572322e-05,0.002606269256860596,-8.129126914564158e-05,-0.0046576466333073125,-18.25804335542697,-18.25804335542697,-18.25804335542697
828,frame_000828.png,829,3.3160000000000003,10.65948439461007,-19.089872694847845,4.51633141272056e-05,0.002587667288312448,-8.071106143354913e-05,-0.004624403180163474,-18.12772851814855,-18.12772851814855,-18.12772851814855
829,frame_000829.png,830,3.3200000000000003,10.583403461539469,-18.953620764377504,4.48409657945687e-05,0.0025691980893192746,-8.013499489024781e-05,-0.0045913969985136175,-17.998343789122828,-17.998343789122828,-17.998343789122828
830,frame_000830.png,831,3.3240000000000003,10.507865548014811,-18.81834131752911,4.45209181885818e-05,0.002550860712252959,-7.95630399586546e-05,-0.004558626394861633,-17.869882529801387,-17.869882529801387,-17.869882529801387
831,frame_000831.png,832,3.3280000000000003,10.432866778292004,-18.684027413304563,4.4203154888060904e-05,0.0025326542162489646,-7.899516729264442e-05,-0.004526089687798406,-17.74233814901774,-17.74233814901774,-17.74233814901774
832,frame_000832.png,833,3.332,10.358403304289663,-18.55067216024639,4.388765958902621e-05,0.002514577667158059,-7.843134775554507e-05,-0.004493785207915595,-17.615704102649104,-17.615704102649104,-17.615704102649104
833,frame_000833.png,834,3.336,10.284471305391673,-18.418268716084167,4.357441610386559e-05,0.0024966301374983865,-7.787155241864162e-05,-0.004461711297719923,-17.489973893280734,-17.489973893280734,-17.489973893280734
834,frame_000834.png,835,3.34,10.211066988251162,-18.286810287383442,4.326340836050403e-05,0.0024788107064078815,-7.731575255969279e-05,-0.0044298663115481885,-17.36514106987243,-17.36514106987243,-17.36514106987243
835,frame_000835.png,836,3.344,10.138186586595863,-18.156290129197174,4.295462040157901e-05,0.0024611184595970184,-7.676391966145705e-05,-0.004398248615482808,-17.241199227427643,-17.241199227427643,-17.241199227427643
836,frame_000836.png,837,3.348,10.065826361034878,-18.02670154471966,4.2648036383621765e-05,0.0024435524893019053,-7.621602541022957e-05,-0.0043668565872679935,-17.118142006664797,-17.118142006664797,-17.118142006664797
837,frame_000837.png,838,3.352,9.993982598866811,-17.898037884942934,4.234364057624438e-05,0.002426111894237704,-7.567204169438987e-05,-0.004335688616226535,-16.995963093690975,-16.995963093690975,-16.995963093690975
838,frame_000838.png,839,3.356,9.922651613889279,-17.770292548315613,4.20414173613327e-05,0.0024087957795523897,-7.513194060295906e-05,-0.004304743103177139,-16.874656219678037,-16.874656219678037,-16.874656219678037
839,frame_000839.png,840,3.36,9.851829746209773,-17.643458980404183,4.1741351232245e-05,0.0023916032567808366,-7.459569442416807e-05,-0.004274018460352398,-16.754215160540923,-16.754215160540923,-16.754215160540923
840,frame_000840.png,841,3.364,9.781513362057876,-17.517530673556703,4.144342679301637e-05,0.002374533443799234,-7.406327564403602e-05,-0.004243513111317329,-16.634633736618305,-16.634633736618305,-16.634633736618305
841,frame_000841.png,842,3.368,9.711698853598818,-17.392501166568895,4.1147628757568754e-05,0.002357585464779825,-7.353465694495811e-05,-0.004213225490888468,-16.515905812355555,-16.515905812355555,-16.515905812355555
842,frame_000842.png,843,3.372,9.642382638748371,-17.26836404435264,4.085394194892669e-05,0.0023407584501459683,-7.300981120430468e-05,-0.004183154045053608,-16.398025295989882,-16.398025295989882,-16.398025295989882
843,frame_000843.png,844,3.376,9.573561160989046,-17.145112937606825,4.05623512984386e-05,0.002324051536527526,-7.24887114930295e-05,-0.004153297230892055,-16.280986139237797,-16.280986139237797,-16.280986139237797
844,frame_000844.png,845,3.38,9.505230889187619,-17.022741522490545,4.0272841845003596e-05,0.0023074638667165614,-7.197133107428799e-05,-0.004123653516495455,-16.164782336984807,-16.164782336984807,-16.164782336984807
845,frame_000845.png,846,3.384,9.437388317413951,-16.901243520298628,3.998539873430392e-05,0.0022909945896233586,-7.145764340206519e-05,-0.0040942213808891886,-16.04940792697729,-16.04940792697729,-16.04940792697729
846,frame_000846.png,847,3.388,9.370029964761112,-16.7806126971395,3.970000721804276e-05,0.0022746428602327547,-7.094762211981413e-05,-0.004064999313954353,-15.934856989516561,-15.934856989516561,-15.934856989516561
847,frame_000847.png,848,3.392,9.303152375166766,-16.660842863615315,3.9416652653187574e-05,0.0022584078395607864,-7.044124105910388e-05,-0.004035985816350298,-15.82112364715514,-15.82112364715514,-15.82112364715514
848,frame_000848.png,849,3.396,9.236752117235858,-16.541927874504395,3.913532050121872e-05,0.0022422886946116384,-6.993847423827633e-05,-0.004007179399437668,-15.708202064395227,-15.708202064395227,-15.708202064395227
849,frame_000849.png,850,3.4,9.170825784064546,-16.42386162844593,3.885599632738359e-05,0.0022262845983349066,-6.94392958611133e-05,-0.003978578585202038,-15.596086447389254,-15.596086447389254,-15.596086447389254
850,frame_000850.png,851,3.404,9.105369993065406,-16.306638067626913,3.8578665799955935e-05,0.002210394729583165,-6.894368031551344e-05,-0.003950181906178092,-15.48477104364261,-15.48477104364261,-15.48477104364261
851,frame_000851.png,852,3.408,9.040381385793864,-16.190251177471335,3.830331468950054e-05,0.0021946182730698304,-6.845160217217763e-05,-0.003921987905374316,-15.374250141718512,-15.374250141718512,-15.374250141718512
852,frame_000852.png,853,3.412,8.975856627775892,-16.074694986331583,3.802992886814315e-05,0.0021789544193273344,-6.796303618330482e-05,-0.0038939951361982687,-15.264518070944938,-15.264518070944938,-15.264518070944938
853,frame_000853.png,854,3.416,8.911792408336911,-15.959963565182036,3.77584943088456e-05,0.002163402364665591,-6.747795728129607e-05,-0.003866202162382327,-15.1555692011237,-15.1555692011237,-15.1555692011237
854,frame_000854.png,855,3.42,8.84818544043193,-15.846051027314868,3.7488997084686074e-05,0.0021479613111307595,-6.699634057746897e-05,-0.003838607557910033,-15.047397942241528,-15.047397942241528,-15.047397942241528
855,frame_000855.png,856,3.424,8.78503246047689,-15.732951528037994,3.722142336814458e-05,0.002132630466464302,-6.651816136078013e-05,-0.00381120990694289,-14.939998744183299,-14.939998744183299,-14.939998744183299
856,frame_000856.png,857,3.428,8.722330228181216,-15.620659264375199,3.695575943039348e-05,0.0021174090440623373,-6.604339509655793e-05,-0.0037840078037477656,-14.833366096447214,-14.833366096447214,-14.833366096447214
857,frame_000857.png,858,3.432,8.660075526381563,-15.50916847476839,3.669199164059304e-05,0.0021022962629352786,-6.557201742524307e-05,-0.0037569998526247187,-14.727494527862127,-14.727494527862127,-14.727494527862127
858,frame_000858.png,859,3.436,8.598265160876744,-15.398473438781984,3.643010646519214e-05,0.0020872913476677637,-6.510400416113925e-05,-0.0037301846678354286,-14.622378606306764,-14.622378606306764,-14.622378606306764
859,frame_000859.png,860,3.44,8.536895960263841,-15.28856847680939,3.617009046723381e-05,0.002072393528378869,-6.46393312911723e-05,-0.003703560873532091,-14.518012938431035,-14.518012938431035,-14.518012938431035
860,frame_000860.png,861,3.444,8.47596477577549,-15.179447949781604,3.5911930305665845e-05,0.002057602040682609,-6.41779749736577e-05,-0.0036771271036868066,-14.414392169379347,-14.414392169379347,-14.414392169379347
861,frame_000861.png,862,3.448,8.415468481118314,-15.07110625887788,3.565561273465629e-05,0.002042916125648717,-6.371991153707784e-05,-0.0036508820020215225,-14.31151098251577,-14.31151098251577,-14.31151098251577
862,frame_000862.png,863,3.452,8.355403972312526,-14.963537845238452,3.540112460291381e-05,0.0020283350297637037,-6.326511747886709e-05,-0.003624824221938419,-14.209364099151333,-14.209364099151333,-14.209364099151333
863,frame_000863.png,864,3.456,8.29576816753266,-14.856737189679325,3.514845285301294e-05,0.0020138580048921985,-6.281356946420626e-05,-0.003598952426450842,-14.107946278273118,-14.107946278273118,-14.107946278273118
864,frame_000864.png,865,3.46,8.236558006949453,-14.750698812409091,3.48975845207241e-05,0.001999484308238563,-6.236524432482509e-05,-0.003573265288114687,-14.007252316275402,-14.007252316275402,-14.007252316275402
865,frame_000865.png,866,3.464,8.177770452572844,-14.645417272747766,3.464850673434846e-05,0.0019852132023087774,-6.192011905781388e-05,-0.0035477614889603106,-13.907277046692613,-13.907277046692613,-13.907277046692613
866,frame_000866.png,867,3.468,8.119402488096103,-14.540887168847643,3.440120671405749e-05,0.001971043954872605,-6.147817082444249e-05,-0.0035224397204248674,-13.808015339934325,-13.808015339934325,-13.808015339934325
867,frame_000867.png,868,3.472,8.06145111874107,-14.437103137416123,3.415567177123724e-05,0.0019569758389260186,-6.103937694898977e-05,-0.0034972986832852377,-13.709462103021956,-13.709462103021956,-13.709462103021956
868,frame_000868.png,869,3.476,8.003913371104494,-14.334059853440536,3.391188930783732e-05,0.0019430081326539009,-6.060371491757935e-05,-0.003472337087591324,-13.611612279327542,-13.611612279327542,-13.611612279327542
869,frame_000869.png,870,3.48,7.946786293005468,-14.231752029914922,3.3669846815724536e-05,0.00192914011939301,-6.017116237702451e-05,-0.0034475536525998707,-13.514460848314275,-13.514460848314275,-13.514460848314275
870,frame_000870.png,871,3.484,7.890066953333967,-14.130174417568764,3.342953187604108e-05,0.001915371087595207,-5.974169713368136e-05,-0.0034229471067087494,-13.418002825278883,-13.418002825278883,-13.418002825278883
871,frame_000871.png,872,3.488,7.83375244190045,-14.029321804597648,3.3190932158567355e-05,0.0019017003307909488,-5.931529715231046e-05,-0.00339851618739174,-13.322233261095867,-13.322233261095867,-13.322233261095867
872,frame_000872.png,873,3.492,7.7778398692865425,-13.929189016395865,3.2954035421089344e-05,0.00188812714755304,-5.8891940554945765e-05,-0.0033742596411337235,-13.227147241963607,-13.227147241963607,-13.227147241963607
873,frame_000873.png,874,3.496,7.722326366696785,-13.829770915290895,3.271882950877046e-05,0.0018746508414606436,-5.84716056197725e-05,-0.0033501762233663903,-13.132739889152198,-13.132739889152198,-13.132739889152198
874,frame_000874.png,875,3.5,7.6672090858114395,-13.731062400279813,3.2485302353527914e-05,0.0018612707210635497,-5.8054270780012626e-05,-0.003326264698404381,-13.039006358753156,-13.039006358753156,-13.039006358753156
875,frame_000875.png,876,3.504,7.612485198640348,-13.633058406767555,3.225344197341351e-05,0.0018479860998466954,-5.763991462281776e-05,-0.003302523839381856,-12.945941841430894,-12.945941841430894,-12.945941841430894
876,frame_000876.png,877,3.508,7.558151897377829,-13.535753906307063,3.2023236471998905e-05,0.0018347962961949456,-5.722851588817155e-05,-0.0032789524281896056,-12.853541562175906,-12.853541562175906,-12.853541562175906
877,frame_000877.png,878,3.512,7.504206394258617,-13.439143906341286,3.179467403776516e-05,0.0018217006333581154,-5.682005346779791e-05,-0.003255549255412498,-12.761800780059847,-12.761800780059847,-12.761800780059847
878,frame_000878.png,879,3.516,7.45064592141482,-13.343223449947017,3.156774294349677e-05,0.001808698439416251,-5.641450640407852e-05,-0.0032323131202674537,-12.670714787992221,-12.670714787992221,-12.670714787992221
879,frame_000879.png,880,3.52,7.3974677307339105,-13.247987615580556,3.134243154567992e-05,0.0017957890472451528,-5.6011853888977446e-05,-0.0032092428305418343,-12.580278912478889,-12.580278912478889,-12.580278912478889
880,frame_000880.png,881,3.524,7.34466909371772,-13.153431516825197,3.11187282839051e-05,0.0017829717944821454,-5.5612075262973204e-05,-0.0031863372025322523,-12.490488513382292,-12.490488513382292,-12.490488513382292
881,frame_000881.png,882,3.528,7.292247301342447,-13.059550302140515,3.0896621680273955e-05,0.0017702460234920957,-5.521515001399949e-05,-0.0031635950609838794,-12.401338983683331,-12.401338983683331,-12.401338983683331
882,frame_000882.png,883,3.532,7.240199663919654,-12.966339154613435,3.067610033881034e-05,0.0017576110813336673,-5.482105777639194e-05,-0.0031410152390301,-12.31282574924505,-12.31282574924505,-12.31282574924505
883,frame_000883.png,884,3.536,7.188523510958272,-12.873793291711083,3.0457152944875657e-05,0.0017450663197258215,-5.4429778329843735e-05,-0.0031185965781326728,-12.224944268577879,-12.224944268577879,-12.224944268577879
884,frame_000884.png,885,3.54,7.137216191027575,-12.781907965035405,3.023976826458828e-05,0.0017326110950145542,-5.4041291598368125e-05,-0.003096337928022288,-12.137690032606642,-12.137690032606642,-12.137690032606642
885,frame_000885.png,886,3.544,7.086275071621142,-12.690678460079534,3.0023935144247188e-05,0.0017202447681398704,-5.3655577649268046e-05,-0.00307423814663953,-12.051058564439234,-12.051058564439234,-12.051058564439234
886,frame_000886.png,887,3.548,7.035697539021784,-12.600100095985889,2.980964250975967e-05,0.001707966704602996,-5.327261669211349e-05,-0.003052296100076283,-11.965045419136885,-11.965045419136885,-11.965045419136885
887,frame_000887.png,888,3.552,6.985480998167444,-12.510168225306012,2.9596879366073142e-05,0.0016957762744338224,-5.28923890777266e-05,-0.003030510662517587,-11.87964618348606,-11.87964618348606,-11.87964618348606
888,frame_000888.png,889,3.556,6.935622872518038,-12.420878233762112,2.938563479661101e-05,0.0016836728521585841,-5.251487529717283e-05,-0.0030088807161838278,-11.794856475772118,-11.794856475772118,-11.794856475772118
889,frame_000889.png,890,3.56,6.886120603923266,-12.332225540010315,2.9175897962712533e-05,0.001671655816767765,-5.2140055980760364e-05,-0.002987405151273415,-11.71067194555441,-11.71067194555441,-11.71067194555441
890,frame_000890.png,891,3.564,6.836971652491353,-12.2442055954056,2.8967658103076736e-05,0.0016597245516842371,-5.1767911897046326e-05,-0.0029660828659058376,-11.627088273443096,-11.627088273443096,-11.627088273443096
891,frame_000891.png,892,3.568,6.788173496458727,-12.156813883768413,2.8760904533210248e-05,0.0016478784447316241,-5.139842395184981e-05,-0.002944912766065116,-11.544101170877525,-11.544101170877525,-11.544101170877525
892,frame_000892.png,893,3.572,6.739723632060638,-12.07004592115295,2.8555626644879098e-05,0.0016361168881028915,-5.10315731872723e-05,-0.0029238937655436774,-11.4617063799062,-11.4617063799062,-11.4617063799062
893,frame_000893.png,894,3.576,6.691619573402689,-11.983897255617094,2.835181390556444e-05,0.0016244392783291615,-5.066734078072507e-05,-0.002903024785886628,-11.379899672968275,-11.379899672968275,-11.379899672968275
894,frame_000894.png,895,3.58,6.643858852333289,-11.898363466993988,2.8149455857922114e-05,0.001612845016248749,-5.0305708043963385e-05,-0.002882304756336418,-11.298676852676685,-11.298676852676685,-11.298676852676685
895,frame_000895.png,896,3.584,6.596439018317016,-11.813440166665243,2.7948542119246125e-05,0.0016013335069764206,-4.9946656422127794e-05,-0.0028617326137779114,-11.218033751602754,-11.218033751602754,-11.218033751602754
896,frame_000896.png,897,3.588,6.549357638308882,-11.729122997335772,2.7749062380935908e-05,0.001589904159872871,-4.95901674927916e-05,-0.00284130730268381,-11.13796623206241,-11.13796623206241,-11.13796623206241
897,frame_000897.png,898,3.592,6.502612296629499,-11.645407632810207,2.7551006407967413e-05,0.001578556388514419,-4.923622296501611e-05,-0.0028210277750605234,-11.058470185903843,-11.058470185903843,-11.058470185903843
898,frame_000898.png,899,3.596,6.456200594841134,-11.562289777770946,2.7354364038367955e-05,0.0015672896106629186,-4.888480467841224e-05,-0.002800892990394403,-10.979541534296718,-10.979541534296718,-10.979541534296718
899,frame_000899.png,900,3.6,6.410120151624646,-11.479765167557755,2.7159125182694833e-05,0.0015561032482358848,-4.853589460220839e-05,-0.0027809019155983342,-10.901176227522953,-10.901176227522953,-10.901176227522953
