frame_index,frame_filename,control_step,simulated_time_s,cart_position_steps,cart_velocity_steps_s,pole_angle_rad,pole_angle_deg,pole_angle_rate_rad_s,pole_angle_rate_deg_s,raw_control_steps_s,target_control_steps_s,applied_control_steps_s
0,frame_000000.png,1,0.004,1.2,600.0,0.08719160346488324,4.995710887516054,-0.03742956741661646,-2.144556241972507,25950.301003874953,12000.0,12000.0
1,frame_000001.png,2,0.008,4.8,1200.0,0.08696697210680791,4.9828404587520465,-0.07488611162104691,-4.290658140031576,26393.885301531882,12000.0,12000.0
2,frame_000002.png,3,0.012,10.799999999999999,1800.0,0.08659235267230177,4.961376346231267,-0.11242360563202622,-6.441398120358294,26797.299929712626,12000.0,12000.0
3,frame_000003.png,4,0.016,19.2,2400.0,0.08606731326052824,4.931293803858613,-0.1500961002547302,-8.59987306596852,27158.78950921823,12000.0,12000.0
4,frame_000004.png,5,0.02,29.999999999999996,3000.0,0.08539120545614419,4.89255568017155,-0.1879578019372933,-10.769188777562755,27476.531977713763,12000.0,12000.0
5,frame_000005.png,6,0.024,43.2,3600.0,0.08456316355067847,4.845112373728393,-0.22606315079556688,-12.952464444015481,27748.636011342085,12000.0,12000.0
6,frame_000006.png,7,0.028,58.800000000000004,4200.0,0.0835821034512504,4.788901770582481,-0.2644668989184673,-15.152837128941133,27973.138348357566,12000.0,12000.0
7,frame_000007.png,8,0.032,76.80000000000001,4800.0,0.08244672127528029,4.723849163765013,-0.3032241890665861,-17.373466279792304,28148.001010992528,12000.0,12000.0
8,frame_000008.png,9,0.036000000000000004,97.20000000000002,5400.0,0.08115549162939267,4.649867154673481,-0.3423906338772208,-19.61753826597374,28271.108421625097,12000.0,12000.0
9,frame_000009.png,10,0.04,120.00000000000001,6000.0,0.07970666557025897,4.566855536236548,-0.3820223956896327,-21.888270952492686,28340.26440916775,12000.0,12000.0
10,frame_000010.png,11,0.044,145.2,6600.0,0.07809826824466941,4.474701157700137,-0.4221762671051504,-24.188918315712847,28353.18910144041,12000.0,12000.0
11,frame_000011.png,12,0.048,172.79999999999998,7200.0,0.07632809620566368,4.373277770853042,-0.4629097523977142,-26.522775107834963,28307.515699130774,12000.0,12000.0
12,frame_000012.png,13,0.052000000000000005,202.7983361371877,7799.168068593852,0.07439390540574463,4.262456801244648,-0.5041856475618123,-28.88770969636223,28200.787126776973,12000.0,12000.0
13,frame_000013.png,14,0.056,235.04376022607477,8323.543975849685,0.07231038865645005,4.143080084965251,-0.5375727270854741,-30.800648443335703,28031.229733180713,12000.0,12000.0
14,frame_000014.png,15,0.06,269.255775735832,8782.46377902893,0.07010685011341478,4.0168266264549235,-0.564196544432161,-32.32608081182806,27865.396370418202,12000.0,12000.0
15,frame_000015.png,16,0.064,305.18889958659355,9184.098146351847,0.06780838040275189,3.8851340126952847,-0.5850383108992779,-33.52022606799113,27701.58098761549,12000.0,12000.0
16,frame_000016.png,17,0.068,342.62829153658436,9535.597828643558,0.06543639755377767,3.749229406371645,-0.6009531135878305,-34.43207709382865,27538.245698447383,12000.0,12000.0
17,frame_000017.png,18,0.07200000000000001,381.38592913834617,9843.220972237337,0.06300911961882592,3.61015662499368,-0.6126858538880426,-35.10431359515386,27373.99796828789,12000.0,12000.0
18,frame_000018.png,19,0.076,421.2972601624823,10112.444539830729,0.06054197752843769,3.4687997957553507,-0.6208851913060753,-35.57410102401083,27207.570583128014,12000.0,12000.0
19,frame_000019.png,20,0.08,462.21827288823584,10348.06182304602,0.058047975662034255,3.3259040147126835,-0.626115741895644,-35.87378949732278,27037.804050348965,12000.0,12000.0
20,frame_000020.png,21,0.084,504.0229320999708,10554.26778282143,0.05553800667937019,3.182093385297288,-0.6288687494363884,-36.03152521037512,26863.631125020565,12000.0,12000.0
21,frame_000021.png,22,0.088,546.6009351397028,10734.733737044511,0.0530211263399691,3.0378867643101515,-0.629571420264154,-36.07178528319306,26684.063193531776,12000.0,12000.0
22,frame_000022.png,23,0.092,589.8557480641441,10892.672725176179,0.050504793321797,2.8937115025194733,-0.628595088821898,-36.01584561214587,26498.17827973312,12000.0,12000.0
23,frame_000023.png,24,0.096,633.7028869417477,11030.896713625654,0.047995078423874626,2.749915431087415,-0.6262623601392859,-35.88219010388308,26305.110467973587,12000.0,12000.0
24,frame_000024.png,25,0.1,678.0684136897356,11151.866660368336,0.045496846989210596,2.606777313634254,-0.6228533571927309,-35.68686862269782,26104.040562967457,12000.0,12000.0
25,frame_000025.png,26,0.10400000000000001,722.8876196707995,11257.736330163578,0.043013917904584045,2.4645159562548713,-0.6186111851205421,-35.44381006699314,25894.18782878567,12000.0,12000.0
26,frame_000026.png,27,0.108,768.1038736120552,11350.39064046426,0.04054920211377199,2.323298143742092,-0.6137467102854848,-35.16509618939675,25674.802668829092,12000.0,12000.0
27,frame_000027.png,28,0.112,813.6676133344512,11431.479220733743,0.03810482321332022,2.183245549215376,-0.6084427399404002,-34.861201073960856,25445.160125757855,12000.0,12000.0
28,frame_000028.png,29,0.116,859.5354633412479,11502.445782664667,0.035682222378352065,2.0444407459268317,-0.6028576775436786,-34.54120057031149,25204.55409532511,12000.0,12000.0
29,frame_000029.png,30,0.12,905.6694625549989,11564.55382421082,0.033282249584465504,1.9069324338909113,-0.5971287193996004,-34.21295544764871,24952.292161164158,12000.0,12000.0
30,frame_000030.png,31,0.124,952.0363884535606,11618.909125070024,0.030905242845472386,1.7707399798724508,-0.5913746500969583,-33.88327156158153,24687.690969037085,12000.0,12000.0
31,frame_000031.png,32,0.128,998.6071655719617,11666.479434130551,0.02855109697119475,1.6358573569182069,-0.5856982870418588,-33.55803991554034,24410.07206907679,12000.0,12000.0
32,frame_000032.png,33,0.132,1045.3563478390206,11708.111699398953,0.02621932316091232,1.502256558809885,-0.5801886180993567,-33.242359138620664,24118.75816332038,12000.0,12000.0
33,frame_000033.png,34,0.136,1092.261665532165,11744.547147173176,0.023909100582990214,1.3698905553591154,-0.5749226708616958,-32.94064258676412,23813.069703498204,12000.0,12000.0
34,frame_000034.png,35,0.14,1139.3036287843765,11776.434478932559,0.021619320946765795,1.2386958461884552,-0.5699671472505139,-32.65671199856597,23492.32179074545,12000.0,12000.0
35,frame_000035.png,36,0.14400000000000002,1186.4651805840494,11804.341420903842,0.01934862694636331,1.1085946633997157,-0.5653798529507277,-32.3938793958038,23155.82133476295,12000.0,12000.0
36,frame_000036.png,37,0.148,1233.7313930897235,11828.764831933187,0.017095445345481984,0.9794968671926852,-0.5612109474899356,-32.15501870771137,22802.86443507523,12000.0,12000.0
37,frame_000037.png,38,0.152,1281.089201852842,11850.13954962609,0.014858015375395217,0.8513015729506315,-0.557504037553447,-31.942628413315468,22432.733951508802,12000.0,12000.0
38,frame_000038.png,39,0.156,1328.5271732166002,11868.846132252995,0.012634413033680304,0.7238985434549602,-0.5542971333040104,-31.75888633452018,22044.697234923107,12000.0,12000.0
39,frame_000039.png,40,0.16,1376.0353007496233,11885.217634258534,0.010422571797058858,0.5971693756435545,-0.5516234850067131,-31.605697571182706,21638.003992639937,12000.0,12000.0
40,frame_000040.png,41,0.164,1423.6048270901533,11899.545536006439,0.008220300196846721,0.4709885076098769,-0.549512315099356,-31.48473644565612,21211.884265997014,12000.0,12000.0
41,frame_000041.png,42,0.168,1471.2280880288342,11912.084933334076,0.006025296648731254,0.3452240682866198,-0.5479894589583771,-31.39748321597245,20765.546500050827,12000.0,12000.0
42,frame_000042.png,43,0.17200000000000001,1518.8983760541266,11923.059079312101,0.0038351618789017002,0.21973858941053034,-0.5470779259563995,-31.34525622207224,20298.17568772061,12000.0,12000.0
43,frame_000043.png,44,0.176,1566.6098209308936,11932.663359071352,0.001647409245068423,0.09438959687325377,-0.546798390960239,-31.32924004656604,19808.931572640126,12000.0,12000.0
44,frame_000044.png,45,0.18,1614.357285185967,11941.068768465271,-0.0005405267871558543,-0.03096990361779661,-0.5471696251518998,-31.350510198959157,19296.946896703284,12000.0,12000.0
45,frame_000045.png,46,0.184,1662.1362726399025,11948.424958502463,-0.0027312837853539357,-0.15649103355329597,-0.5482088739471407,-31.410054768790513,18761.32567978467,12000.0,12000.0
46,frame_000046.png,47,0.188,1709.9428483564132,11954.862899752823,-0.004927565910881888,-0.28232872996606934,-0.5499321888168357,-31.508793437596175,18201.141520415094,12000.0,12000.0
47,frame_000047.png,48,0.192,1757.773568584248,11960.497214164703,-0.007132139726452136,-0.4086415052232969,-0.5523547189682884,-31.6475941910176,17615.435907318297,12000.0,12000.0
48,frame_000048.png,49,0.196,1805.6254194441958,11965.428215809081,-0.0093478311005922,-0.5355912696650644,-0.5554909681017438,-31.82728802986616,17003.216532690534,12000.0,12000.0
49,frame_000049.png,50,0.2,1853.4957632695828,11969.743696884398,-0.011577523078412356,-0.6633432096083365,-0.5593550208083338,-32.048681941769864,16363.455598947075,12000.0,12000.0
50,frame_000050.png,51,0.20400000000000001,1901.3822916449121,11973.520490780349,-0.01382415460524501,-0.7920657142168797,-0.5639607426079936,-32.31257036250177,15695.08811138573,12000.0,12000.0
51,frame_000051.png,52,0.20800000000000002,1949.282984306532,11976.825840029609,-0.0160907200047197,-0.9219303455971629,-0.5693219571293509,-32.61974532763979,14997.01014984083,12000.0,12000.0
52,frame_000052.png,53,0.212,1997.1960731735965,11979.718593502681,-0.018380269125977077,-1.053111847233097,-0.575452603499338,-32.97100549032726,14268.077112934698,12000.0,12000.0
53,frame_000053.png,54,0.216,2045.1200108689236,11982.250254160883,-0.020695908086236833,-1.185788186532043,-0.5823668766305398,-33.36716415914582,13507.101928987488,12000.0,12000.0
54,frame_000054.png,55,0.22,2093.053443169289,11984.465896021811,-0.02304080054502244,-1.3201406278325127,-0.5900793527622641,-33.80905649108901,12712.853228030435,12000.0,12000.0
55,frame_000055.png,56,0.224,2140.9662384535645,11971.931746115977,-0.02541484652190022,-1.456163442677622,-0.5969436356766251,-34.20235093146565,11884.053469690087,11884.053469690087,11884.053469690087
56,frame_000056.png,57,0.228,2188.6195324253345,11854.715239769052,-0.02779402647324681,-1.5924804125919223,-0.592646339996671,-33.956134025684484,11032.897675449181,11032.897675449181,11032.897675449181
57,frame_000057.png,58,0.232,2235.6362591111842,11653.648103155867,-0.030138480579193307,-1.7268077381247733,-0.5795807129765778,-33.20752874074105,10243.944729237224,10243.944729237224,10243.944729237224
58,frame_000058.png,59,0.23600000000000002,2281.715692992403,11386.068837453407,-0.032417091264589054,-1.8573625135513614,-0.5597246297212933,-32.069858972552865,9510.041755130624,9510.041755130624,9510.041755130624
59,frame_000059.png,60,0.24,2326.6206118939153,11066.390613302778,-0.034605958395176384,-1.9827753620489263,-0.5347089355723713,-30.63656527622953,8825.092115973346,8825.092115973346,8825.092115973346
60,frame_000060.png,61,0.244,2370.1665478863692,10706.577382924193,-0.036687125671852096,-2.10201746346318,-0.5058747027654833,-28.984485430897188,8183.888029561238,8183.888029561238,8183.888029561238
61,frame_000061.png,62,0.248,2412.212788708635,10316.543028208702,-0.038647517463315614,-2.21433963930613,-0.4743211929662777,-27.176602490578023,7581.970113668311,7581.970113668311,7581.970113668311
62,frame_000062.png,63,0.252,2452.654846707179,9904.485971063383,-0.04047805190525929,-2.3192215370828384,-0.4409460280055596,-25.264346397775967,7015.509515292585,7015.509515292585,7015.509515292585
63,frame_000063.png,64,0.256,2491.4181579820442,9477.169666369251,-0.04217290161836882,-2.416329272552973,-0.40647882854920403,-23.289521337291188,6481.208980776723,6481.208980776723,6481.208980776723
64,frame_000064.png,65,0.26,2528.452812746369,9040.157715793113,-0.04372887802949569,-2.5054801539324547,-0.37150937701423226,-21.285919352450026,5976.219811534174,5976.219811534174,5976.219811534174
65,frame_000065.png,66,0.264,2563.729150038171,8598.01093010773,-0.04514491916444097,-2.5866133345817346,-0.33651119045840694,-19.280670972189736,5498.072143258295,5498.072143258295,5498.072143258295
66,frame_000066.png,67,0.268,2597.234076867962,8154.452484787654,-0.04642166403760849,-2.659765427329199,-0.3018612461253512,-17.295375401542397,5044.61640003378,5044.61640003378,5044.61640003378
67,frame_000067.png,68,0.272,2628.9679944809477,7712.506321705279,-0.04756109949460939,-2.7250502700429107,-0.2678564823751009,-15.347045955313602,4613.974121556727,4613.974121556727,4613.974121556727
68,frame_000068.png,69,0.276,2658.942233360219,7274.613117930309,-0.04856626765364618,-2.7826421632566536,-0.23472759714329694,-13.448900651557954,4204.496652477348,4204.496652477348,4204.496652477348
69,frame_000069.png,70,0.28,2687.1769144862574,6842.727445088859,-0.04944102401138243,-2.8327620106571767,-0.202650581724826,-11.611023048703501,3814.730426744729,3814.730426744729,3814.730426744729
70,frame_000070.png,71,0.28400000000000003,2713.699167692017,6418.399157791017,-0.05018983788872838,-2.8756658854699264,-0.17175635694814506,-9.840914357671185,3443.387784332883,3443.387784332883,3443.387784332883
71,frame_000071.png,72,0.28800000000000003,2738.5416491258225,6002.841559111732,-0.05081762824161762,-2.9116356231095084,-0.14213881949647542,-8.143954462119863,3089.3224292167743,3089.3224292167743,3089.3224292167743
72,frame_000072.png,73,0.292,2761.741309203581,5596.988479767444,-0.05132962899340674,-2.94097110529455,-0.1138615563980849,-6.5237866304010605,2751.5087812745605,2751.5087812745605,2751.5087812745605
73,frame_000073.png,74,0.296,2783.3383702884926,5201.542062688327,-0.05173127899421114,-2.963983955182069,-0.0869634440041164,-4.982638313358135,2429.024595386243,2429.024595386243,2429.024595386243
74,frame_000074.png,75,0.3,2803.375479924719,4817.012755424889,-0.05202813250782447,-2.9809924086457418,-0.06146331280254387,-3.5215884184781636,2121.0363221268417,2121.0363221268417,2121.0363221268417
75,frame_000075.png,76,0.304,2821.8970109760885,4443.75277025991,-0.0522257867936171,-2.992317165024332,-0.0373638300937715,-2.1407897708170016,1826.7867692560958,1826.7867692560958,1826.7867692560958
76,frame_000076.png,77,0.308,2838.9484846535784,4081.984068484887,-0.05232982390973574,-2.9982780526906425,-0.014654727965550795,-0.8396540623383998,1545.584694321944,1545.584694321944,1545.584694321944
77,frame_000077.png,78,0.312,2854.5760962999957,3731.8217547237696,-0.05234576433244251,-2.9991913716353946,0.006684516612166968,0.3829945899622546,1276.796018330826,1276.796018330826,1276.796018330826
78,frame_000078.png,79,0.316,2868.826327057734,3393.293624145385,-0.05227903037913991,-2.9953677977609328,0.026682460039129066,1.528792347268569,1019.8364004479681,1019.8364004479681,1019.8364004479681
79,frame_000079.png,80,0.32,2881.7456272769346,3066.3564854549377,-0.0521349177517712,-2.987110752438164,0.045373853645229355,2.5997303141159276,774.1649556283355,774.1649556283355,774.1649556283355
80,frame_000080.png,81,0.324,2893.3801598117784,2750.9097819669837,-0.05191857379313073,-2.9747151566849124,0.06279812567500415,3.5980675625098715,539.2789322474982,539.2789322474982,539.2789322474982
81,frame_000081.png,82,0.328,2903.775593273136,2446.806948711761,-0.051634981279776775,-2.9584665025682235,0.07899813100197403,4.526259495834697,314.70919629370655,314.70919629370655,314.70919629370655
82,frame_000082.png,83,0.332,2912.976936916145,2153.864872792635,-0.051288946768927784,-2.9386401855307023,0.09401912442252064,5.386899022925796,100.0163934144166,100.0163934144166,100.0163934144166
83,frame_000083.png,84,0.336,2921.0284101915236,1871.8717648967327,-0.05088509267899816,-2.915501050638638,0.10790792054229052,6.182668423106285,-105.21231914939926,-105.21231914939926,-105.21231914939926
84,frame_000084.png,85,0.34,2927.9733411215575,1600.5937001204213,-0.0504278524193661,-2.889303113538255,0.12071220927373953,6.916300127085232,-301.3660613148477,-301.3660613148477,-301.3660613148477
85,frame_000085.png,86,0.34400000000000003,2933.854088610919,1339.780044560504,-0.04992146799882202,-2.8602894234299017,0.13248000099829807,7.590544927091412,-488.8126155826467,-488.8126155826467,-488.8126155826467
86,frame_000086.png,87,0.34800000000000003,2938.7119845983293,1089.1679491446914,-0.04936998963749043,-2.8286920408328107,0.143259179667497,8.208146371453953,-667.9004728926311,-667.9004728926311,-667.9004728926311
87,frame_000087.png,88,0.352,2942.587292622307,848.4860628441967,-0.04877727698684405,-2.7947321074867615,0.15309714565569038,8.771820301570685,-838.9605924072785,-838.9605924072785,-838.9605924072785
88,frame_000088.png,89,0.356,2945.5191799336267,617.4575928156617,-0.048147001629246726,-2.758619989565336,0.16204053314297237,9.284238659142053,-1002.3079201186447,-1002.3079201186447,-1002.3079201186447
89,frame_000089.png,90,0.36,2947.5457007560476,395.802818394784,-0.04748265058437491,-2.720555478579074,0.1701349892929356,9.748016833988661,-1158.2427039593485,-1158.2427039593485,-1158.2427039593485
90,frame_000090.png,91,0.364,2948.703788689975,183.24114856896117,-0.04678753059664188,-2.6807280370267863,0.17742500457357563,10.165703942155211,-1307.051637047768,-1307.051637047768,-1307.051637047768
91,frame_000091.png,92,0.368,2949.0292565832206,-20.50720194644586,-0.04606477301686294,-2.639317078094363,0.18395378531589526,10.539775524056415,-1449.0088556229157,-1449.0088556229157,-1449.0088556229157
92,frame_000092.png,93,0.372,2948.5568024691984,-215.71985506477023,-0.04531733912409492,-2.5964922705737217,0.18976316106811586,10.872628236264294,-1584.3768139686435,-1584.3768139686435,-1584.3768139686435
93,frame_000093.png,94,0.376,2947.3200204043656,-402.6711773516756,-0.04454802576089958,-2.5524138617396135,0.19489352052955616,11.166576180789834,-1713.4070550571123,-1713.4070550571123,-1713.4070550571123
94,frame_000094.png,95,0.38,2945.351415230661,-581.6314095007135,-0.04375947117808942,-2.507233012228892,0.19938377087552295,11.423848574570888,-1836.3408926476413,-1836.3408926476413,-1836.3408926476413
95,frame_000095.png,96,0.384,2942.682420451228,-752.8659802157609,-0.04295416100404817,-2.4610921380573827,0.20327131614510333,11.646588511183891,-1953.4100180656715,-1953.4100180656715,-1953.4100180656715
96,frame_000096.png,97,0.388,2939.343418543862,-916.6349734673797,-0.04213443426958895,-2.414125255818828,0.2065920510845089,11.836852608093462,-2064.8370427802192,-2064.8370427802192,-2064.8370427802192
97,frame_000097.png,98,0.392,2935.363763150665,-1073.192723131157,-0.041302489432535554,-2.36645832786797,0.2093803674421894,11.996611367335845,-2170.835986131026,-2170.835986131026,-2170.835986131026
98,frame_000098.png,99,0.396,2930.771802677917,-1222.7875132428342,-0.04046039035721665,-2.3182096049203276,0.21166917021726026,12.127750106485236,-2271.612716074383,-2271.612716074383,-2271.612716074383
99,frame_000099.png,100,0.4,2925.5949049201336,-1365.6613656489083,-0.03961007221321061,-2.269489964025384,0.21348990178575894,12.232070340986445,-2367.3653495728,-2367.3653495728,-2367.3653495728
100,frame_000100.png,101,0.404,2919.859482389231,-1502.0498998026476,-0.03875334726527272,-2.220403240304978,0.2148725721831857,12.311291519216674,-2458.284618210312,-2458.284618210312,-2458.284618210312
101,frame_000101.png,102,0.40800000000000003,2913.5910180857327,-1632.1822519465252,-0.037891910532670624,-2.1710465512093378,0.21584579411786173,12.367053028603166,-2544.5542037394835,-2544.5542037394835,-2544.5542037394835
102,frame_000102.png,103,0.41200000000000003,2906.8140914958185,-1756.2810430104673,-0.037027345301360454,-2.1215106123415133,0.21643682153722452,12.400916405309163,-2626.351047531495,-2626.351047531495,-2626.351047531495
103,frame_000103.png,104,0.41600000000000004,2899.552404637185,-1874.5623863060125,-0.03616112847673376,-2.07188004414718,0.21667159077612286,12.414367691857537,-2703.845637283711,-2703.845637283711,-2703.845637283711
104,frame_000104.png,105,0.42,2891.828808009445,-1987.2359275640292,-0.03529463576820338,-2.02223366896953,0.2165747634890653,12.408819896967437,-2777.202273821589,-2777.202273821589,-2777.202273821589
105,frame_000105.png,106,0.424,2883.6653263321296,-2094.504911093724,-0.03442914669979979,-1.9726447981352946,0.21616977071273055,12.38561552015017,-2846.5793203968587,-2846.5793203968587,-2846.5793203968587
106,frame_000106.png,107,0.428,2875.0831839761986,-2196.56626687164,-0.03356584944332333,-1.9231815088739705,0.2154788575255002,12.346029110511939,-2912.1294365189488,-2912.1294365189488,-2912.1294365189488
107,frame_000107.png,108,0.432,2866.1028300139888,-2293.61071423334,-0.03270584547252993,-1.8739069109830166,0.21452312787120137,12.291269834965119,-2973.99979804987,-2973.99979804987,-2973.99979804987
108,frame_000108.png,109,0.436,2856.7439628283933,-2385.8228785644355,-0.03185015403839172,-1.8248794032414004,0.21332258919790503,12.222484035843003,-3032.3323050350837,-3032.3323050350837,-3032.3323050350837
109,frame_000109.png,110,0.44,2847.025554235276,-2473.3814179942,-0.030999716466731424,-1.7761529196459112,0.21189619663224188,12.140757761901668,-3087.2637785262777,-3087.2637785262777,-3087.2637785262777
110,frame_000110.png,111,0.444,2836.9658730840815,-2556.4591576030925,-0.030155400280531822,-1.7277771656020922,0.21026189646755772,12.04711926000773,-3138.9261474697514,-3138.9261474697514,-3138.9261474697514
111,frame_000111.png,112,0.448,2826.5825083107134,-2635.2232290810916,-0.0293180031500122,-1.6797978442469519,0.20843666879225392,11.942541417562348,-3187.446626580967,-3187.446626580967,-3187.446626580967
112,frame_000112.png,113,0.452,2815.892391424291,-2709.8352141300534,-0.028488256674178796,-1.6322568731158442,0.2064365691244477,11.827944147991532,-3232.9478859966475,-3232.9478859966475,-3232.9478859966475
113,frame_000113.png,114,0.456,2804.9118184156277,-2780.451290201599,-0.02766682999802591,-1.5851925913928242,0.20427676895199454,11.70419671351834,-3275.548213387333,-3275.548213387333,-3275.548213387333
114,frame_000114.png,115,0.46,2793.656471080401,-2847.2223774116515,-0.02685433326991379,-1.5386399580038115,0.20197159510406398,11.572119980987987,-3315.361669121514,-3315.361669121514,-3315.361669121514
115,frame_000115.png,116,0.464,2782.1414377542146,-2910.2942856815525,-0.026051320943900065,-1.4926307408262418,0.1995345679027998,11.432488607796971,-3352.498234995346,-3352.498234995346,-3352.498234995346
116,frame_000116.png,117,0.468,2770.381233460191,-2969.807861330291,-0.02525829493197063,-1.447193697298594,0.1969784380619175,11.286033156026969,-3387.0639569765426,-3387.0639569765426,-3387.0639569765426
117,frame_000117.png,118,0.47200000000000003,2758.389819472554,-3025.899132488286,-0.024475707611218672,-1.4023547467190558,0.19431522231406004,11.133442133741958,-3419.1610823559595,-3419.1610823559595,-3419.1610823559595
118,frame_000118.png,119,0.47600000000000003,2746.1806223019275,-3078.6994528250452,-0.023703964691068745,-1.3581371345253634,0.19155623776090439,10.975363963104352,-3448.8881916536557,-3448.8881916536557,-3448.8881916536557
119,frame_000119.png,120,0.48,2733.766552109908,-3128.3356431847287,-0.022943427945647236,-1.3145615888480955,0.18871213494984984,10.812408875529632,-3476.3403255865433,-3476.3403255865433,-3476.3403255865433
120,frame_000120.png,121,0.484,2721.1600205619216,-3174.930130808466,-0.0221944178163695,-1.271646469627933,0.1857929296890189,10.645150734551633,-3501.6091073711905,-3501.6091073711905,-3501.6091073711905
121,frame_000121.png,122,0.488,2708.372958128519,-3218.6010858929376,-0.021457215889754293,-1.2294079105839686,0.18280803361858422,10.474128787430542,-3524.7828606066496,-3524.7828606066496,-3524.7828606066496
122,frame_000122.png,123,0.492,2695.416830846146,-3259.4625552935195,-0.020732067255394365,-1.1878599543154693,0.17976628356137994,10.29984934681906,-3545.946722957824,-3545.946722957824,-3545.946722957824
123,frame_000123.png,124,0.496,2682.3026565491004,-3297.62459322913,-0.020019182748912435,-1.1470146808137882,0.17667596967958515,10.122787404021528,-3565.1827558389505,-3565.1827558389505,-3565.1827558389505
124,frame_000124.png,125,0.5,2669.0410205848693,-3333.1933888864482,-0.019318741084618906,-1.1068823296546497,0.17354486246717943,9.943388175547708,-3582.5700502789414,-3582.5700502789414,-3582.5700502789414
125,frame_000125.png,126,0.504,2655.642091025387,-3366.271390854694,-0.01863089088246451,-1.0674714161339822,0.17038023861001986,9.762068584786054,-3598.184829134918,-3598.184829134918,-3598.184829134918
126,frame_000126.png,127,0.508,2642.115633386978,-3396.9574283498655,-0.01795575259375064,-1.0287888416029927,0.16718890574691336,9.57921868070865,-3612.100545806986,-3612.100545806986,-3612.100545806986
127,frame_000127.png,128,0.512,2628.471024871858,-3425.346829210127,-0.017293420329924678,-0.9908399982504197,0.1639772261660669,9.395202995577801,-3624.387979595789,-3624.387979595789,-3624.387979595789
128,frame_000128.png,129,0.516,2614.7172681441125,-3451.531534662739,-0.016643963598648774,-0.9536288685719484,0.1607511394718859,9.21036184365792,-3635.115327834399,-3635.115327834399,-3635.115327834399
129,frame_000129.png,130,0.52,2600.8630046530307,-3475.600210878213,-0.01600742895119033,-0.9171581197587316,0.15751618425733696,9.025012562950428,-3644.348294917344,-3644.348294917344,-3644.348294917344
130,frame_000130.png,131,0.524,2586.9165275165947,-3497.6383573397798,-0.015383841545041544,-0.881429193228896,0.1542775188170552,8.839450701967404,-3652.1501783418917,-3652.1501783418917,-3652.1501783418917
131,frame_000131.png,132,0.528,2572.8857939777827,-3517.7284120662803,-0.014773206625535192,-0.8464423895178713,0.15103994093612097,8.653951153544964,-3658.5819518699645,-3658.5819518699645,-3658.5819518699645
132,frame_000132.png,133,0.532,2558.7784374461808,-3535.9498537346153,-0.014175510930084966,-0.8121969487354368,0.14780790678899208,8.468769237672314,-3663.702345913038,-3663.702345913038,-3663.702345913038
133,frame_000133.png,134,0.536,2544.6017791372033,-3552.3793007542263,-0.013590724018541982,-0.7786911267895336,0.14458554898249967,8.284141735279265,-3667.567925237003,-3667.567925237003,-3667.567925237003
134,frame_000134.png,135,0.54,2530.362839320993,-3567.0906073510496,-0.01301879953302473,-0.745922267569204,0.14137669377612652,8.100287874885503,-3670.2331640792045,-3670.2331640792045,-3670.2331640792045
135,frame_000135.png,136,0.544,2516.0683481928463,-3580.154956722178,-0.01245967639044845,-0.7138868712714919,0.13818487751201322,7.917410273970598,-3671.75051876553,-3671.75051876553,-3671.75051876553
136,frame_000136.png,137,0.548,2501.7247563767514,-3591.6409513252984,-0.011913279910851827,-0.6825806590497993,0.1350133622862992,7.735695836875704,-3672.170497911422,-3672.170497911422,-3672.170497911422
137,frame_000137.png,138,0.552,2487.338245073363,-3601.614700369,-0.01137952288449418,-0.6519986341540531,0.13186515089252368,7.555316610997368,-3671.541730287234,-3671.541730287234,-3671.541730287234
138,frame_000138.png,139,0.556,2472.914735863482,-3610.1399045714265,-0.01085830658057534,-0.6221351397260955,0.12874300106689618,7.376430602981405,-3669.9110304249116,-3669.9110304249116,-3669.9110304249116
139,frame_000139.png,140,0.56,2458.459900177828,-3617.2779382555505,-0.010349521700312921,-0.59298391340699,0.12564943906431245,7.199182556571318,-3667.323462040039,-3667.323462040039,-3667.323462040039
140,frame_000140.png,141,0.5640000000000001,2443.9791684436173,-3623.087928849711,-0.009853049276998201,-0.5645381389064241,0.12258677259304766,7.023704693711622,-3663.8223993404304,-3663.8223993404304,-3663.8223993404304
141,frame_000141.png,142,0.5680000000000001,2429.4777389181936,-3627.6268338620594,-0.009368761525541879,-0.5367904946780963,0.11955710313511352,6.850117420452308,-3659.4495862898398,-3659.4495862898398,-3659.4495862898398
142,frame_000142.png,143,0.5720000000000001,2414.960586219675,-3630.949515397228,-0.008896522643915005,-0.5097331998388983,0.11656233767832382,6.678529999146689,-3654.2451938928907,-3654.2451938928907,-3654.2451938928907
143,frame_000143.png,144,0.5760000000000001,2400.4324695643145,-3633.108812282973,-0.008436189568787993,-0.48335805746384186,0.11360419988518225,6.509041188381534,-3648.247875565017,-3648.247875565017,-3648.247875565017
144,frame_000144.png,145,0.58,2385.897940720001,-3634.1556098737838,-0.007987612687572053,-0.4576564953830273,0.11068424072278743,6.341739852025756,-3641.494820649015,-3641.494820649015,-3641.494820649015
145,frame_000145.png,146,0.584,2371.3613516850583,-3634.1389075975185,-0.0075506365089723785,-0.43261960460151105,0.10780384857704992,6.1767055387323655,-3634.0218061377795,-3634.0218061377795,-3634.0218061377795
146,frame_000146.png,147,0.588,2356.826862101243,-3633.1058843100554,-0.007125100294071012,-0.4082381754576907,0.10496425887363332,6.01400903317779,-3625.863246660749,-3625.863246660749,-3625.863246660749
147,frame_000147.png,148,0.592,2342.298446409579,-3631.1019615218092,-0.006710838649869401,-0.38450273163078824,0.10216656322717227,5.853712880273447,-3617.0522427898118,-3617.0522427898118,-3617.0522427898118
148,frame_000148.png,149,0.596,2327.7799007574176,-3628.1708645587023,-0.0063076820871360946,-0.3614035621031686,0.09941171813948103,5.695871883536392,-3607.6206277185383,-3607.6206277185383,-3607.6206277185383
149,frame_000149.png,150,0.6,2313.2748496648624,-3624.354681718897,-0.005915457544323825,-0.3389307511785773,0.0967005532666534,5.540533578759246,-3597.5990123669562,-3597.5990123669562,-3597.5990123669562
150,frame_000150.png,151,0.604,2298.7867524584544,-3619.693921485242,-0.005533988879242191,-0.31707420665291014,0.09403377927416397,5.387738684074349,-3587.01682896241,-3587.01682896241,-3587.01682896241
151,frame_000151.png,152,0.608,2284.31890947978,-3614.2275678520145,-0.005163097330097232,-0.295823686229835,0.09141199529831578,5.237521527463219,-3575.9023731454454,-3575.9023731454454,-3575.9023731454454
152,frame_000152.png,153,0.612,2269.8744680764294,-3607.9931338231636,-0.004802601947437321,-0.27516882226946854,0.08883569603163936,5.089910452720011,-3564.282844648198,-3564.282844648198,-3564.282844648198
153,frame_000153.png,154,0.616,2255.4564283825075,-3601.0267131378237,-0.004452319998475779,-0.25509914495435526,0.08630527844913151,4.944928204836614,-3552.184386591178,-3552.184386591178,-3552.184386591178
154,frame_000154.png,155,0.62,2241.067648895677,-3593.363030277505,-0.0041120673451944525,-0.23560410395320713,0.08382104819153197,4.802592295737464,-3539.6321234430497,-3539.6321234430497,-3539.6321234430497
155,frame_000155.png,156,0.624,2226.710851857506,-3585.0354888079337,-0.0037816587975690505,-0.21667308865922433,0.08138322562116906,4.662915351253935,-3526.6501976865593,-3526.6501976865593,-3526.6501976865593
156,frame_000156.png,157,0.628,2212.3886284436758,-3576.0762181071423,-0.0034609084431961876,-0.19829544707633376,0.0789919515652624,4.5259054401913525,-3513.261805232433,-3513.261805232433,-3513.261805232433
157,frame_000157.png,158,0.632,2198.1034437704016,-3566.5161185300212,-0.003149629954543761,-0.18046050342333883,0.07664729276095086,4.391566386306112,-3499.489229621801,-3499.489229621801,-3499.489229621801
158,frame_000158.png,159,0.636,2183.8576417232252,-3556.38490505819,-0.002847636874990422,-0.163157574522774,0.07434924701571853,4.259898063976303,-3485.353875056473,-3485.353875056473,-3485.353875056473
159,frame_000159.png,160,0.64,2169.6534496141435,-3545.7111494826977,-0.0025547428847663527,-0.14637598503818883,0.072097748096316,4.130896678316272,-3470.8762982951494,-3470.8762982951494,-3470.8762982951494
160,frame_000160.png,161,0.644,2155.4929826728467,-3534.5223211657417,-0.0022707620478562758,-0.13010508162064846,0.06989267035872247,4.004555030453907,-3456.076239452479,-3456.076239452479,-3456.076239452479
161,frame_000161.png,162,0.648,2141.3782483776627,-3522.8448264262975,-0.0019955090408765052,-0.11433424602242262,0.06773383313116287,3.880862768659018,-3440.9726517367985,-3440.9726517367985,-3440.9726517367985
162,frame_000162.png,163,0.652,2127.3111506316236,-3510.70404659328,-0.0017287993648908138,-0.09905290723314082,0.06562100486168287,3.759806625981885,-3425.583730161194,-3425.583730161194,-3425.583730161194
163,frame_000163.png,164,0.656,2113.2934937888995,-3498.124374768609,-0.0014704495410848585,-0.08425055269111115,0.0635539070412948,3.6413706450329566,-3409.9269392615624,-3409.9269392615624,-3409.9269392615624
164,frame_000164.png,165,0.66,2099.3269865366797,-3485.129251341321,-0.0012202772911758006,-0.06991673862003002,0.06153221791323412,3.5255363905075967,-3394.019039854198,-3394.019039854198,-3394.019039854198
165,frame_000165.png,166,0.664,2085.413245637412,-3471.7411982926897,-0.0009781017033925021,-0.056041099538947044,0.05955557597841508,3.4122831500338924,-3377.8761148645326,-3377.8761148645326,-3377.8761148645326
166,frame_000166.png,167,0.668,2071.553799536164,-3457.981852331141,-0.0007437433848221976,-0.04261335699108617,0.05762358330673721,3.3015881238965465,-3361.513594257599,-3361.513594257599,-3361.513594257599
167,frame_000167.png,168,0.672,2057.7500918377127,-3443.8719968946057,-0.0005170246008817672,-0.029623327534961125,0.05573580866347797,3.1934266041659773,-3344.946279099885,-3344.946279099885,-3344.946279099885
168,frame_000168.png,169,0.676,2044.0034846578098,-3429.431593056846,-0.000297769402635601,-0.01706093003915163,0.05389179045960514,3.0877721437387695,-3328.1883647813074,-3328.1883647813074,-3328.1883647813074
169,frame_000169.png,170,0.68,2030.3152618529498,-3414.6798093732054,-8.580374264747503e-05,-0.004916192320126988,0.05209103953445784,2.984596715773551,-3311.2534634251206,-3311.2534634251206,-3311.2534634251206
170,frame_000170.png,171,0.684,2016.6866321328032,-3399.6350507001666,0.0001190444199791926,0.006820742839390591,0.05033304177887597,2.8838708639852384,-3294.154625512754,-3294.154625512754,-3294.154625512754
171,frame_000171.png,172,0.6880000000000001,2003.1187320593588,-3384.31498602208,0.0003169450247499518,0.01815961225584166,0.04861726060650367,2.785563844240297,-3276.904360749696,-3276.904360749696,-3276.904360749696
172,frame_000172.png,173,0.6920000000000001,1989.6126289366796,-3368.7365753174126,0.0005080658245242636,0.02911002746007458,0.04694313928065223,2.6896437578761643,-3259.514658197715,-3259.514658197715,-3259.514658197715
173,frame_000173.png,174,0.6960000000000001,1976.169323595053,-3352.9160954958893,0.0006925723092931329,0.0396814703301256,0.045310103103782445,2.596077677149346,-3241.9970056979455,-3241.9970056979455,-3241.9970056979455
174,frame_000174.png,175,0.7000000000000001,1962.789753073187,-3336.86916543695,0.0008706276384534041,0.049883289210821795,0.04371756147635315,2.504831763198752,-3224.3624086085456,-3224.3624086085456,-3224.3624086085456
175,frame_000175.png,176,0.704,1949.4747932019952,-3320.6107701590145,0.001042392581069079,0.059724695491006737,0.04216490983148425,2.4158713768937186,-3206.6214078799803,-3206.6214078799803,-3206.6214078799803
176,frame_000176.png,177,0.708,1936.2252610933808,-3304.155284148143,0.0012080254636352352,0.06921476061063349,0.04065153145159377,2.329161182919648,-3188.7840974901083,-3188.7840974901083,-3188.7840974901083
177,frame_000177.png,178,0.712,1923.041917537337,-3287.516493873806,0.0013676821248842115,0.0783624134713497,0.039176799172894336,2.24466524743846,-3170.860141260692,-3170.860141260692,-3170.860141260692
178,frame_000178.png,179,0.716,1909.9254693105522,-3270.707619518624,0.0015215158771967401,0.08717643822551846,0.037740076983369966,2.1623471296459185,-3152.858789076181,-3152.858789076181,-3152.858789076181
179,frame_000179.png,180,0.72,1896.8765713996186,-3253.7413359480993,0.0016696774742026828,0.0956654724198771,0.03634072151960134,2.0821699675334044,-3134.7888925249754,-3134.7888925249754,-3134.7888925249754
180,frame_000180.png,181,0.724,1883.8958291418312,-3236.629792945565,0.0018123150841770153,0.1038380054712395,0.034978083467564904,2.0040965581477885,-3116.658919982703,-3116.658919982703,-3116.658919982703
181,frame_000181.png,182,0.728,1870.9838002864665,-3219.3846347367867,0.0019495742688567452,0.11170237745279475,0.03365150887229999,1.928089432629834,-3098.476971156514,-3098.476971156514,-3098.476971156514
182,frame_000182.png,183,0.732,1858.1409969793372,-3202.017018827889,0.0020815979673235747,0.11926677817065187,0.03236034036111474,1.8541109262987288,-3080.2507911086504,-3080.2507911086504,-3080.2507911086504
183,frame_000183.png,184,0.736,1845.3678876733222,-3184.5376341795395,0.0022085264846153823,0.12653924651132575,0.031103918284788895,1.7821232440381942,-3061.9877837770637,-3061.9877837770637,-3061.9877837770637
184,frame_000184.png,185,0.74,1832.6648989674839,-3166.9567187396037,0.0023304974847470155,0.13352767004185792,0.029881581781027688,1.7120885212279002,-3043.6950250102354,-3043.6950250102354,-3043.6950250102354
185,frame_000185.png,186,0.744,1820.032417377293,-3149.2840763557874,0.002447645987837522,0.14023978484521923,0.028692669764225548,1.6439688804527508,-3025.379275132841,-3025.379275132841,-3025.379275132841
186,frame_000186.png,187,0.748,1807.4707910384034,-3131.5290930890937,0.0025601043710567948,0.1466831755745484,0.02753652184541091,1.5777264842118381,-3007.046991058274,-3007.046991058274,-3007.046991058274
187,frame_000187.png,188,0.752,1794.9803313463285,-3113.70075294828,0.0026680023731197465,0.1528652757106494,0.026412479186064822,1.513323583838646,-2988.7043379636407,-2988.7043379636407,-2988.7043379636407
188,frame_000188.png,189,0.756,1782.5613145343023,-3095.8076530648427,0.0027714671020705453,0.15879336800799518,0.0253198852893345,1.450722564834246,-2970.3572005422566,-2970.3572005422566,-2970.3572005422566
189,frame_000189.png,190,0.76,1770.2139831915176,-3077.85801832745,0.0028706230461132106,0.16447458511527527,0.024258086731998297,1.3898859888058022,-2952.011193848173,-2952.011193848173,-2952.011193848173
190,frame_000190.png,191,0.764,1757.9385477238745,-3059.859715494124,0.0029655920872579716,0.16991591035727432,0.023226433840382168,1.3307766321937307,-2933.6716737468532,-2933.6716737468532,-2933.6716737468532
191,frame_000191.png,192,0.768,1745.7351877592866,-3041.8202667999108,0.00305649351756529,0.17512417866558627,0.022224281313277132,1.2733575219622422,-2915.3437469856,-2915.3437469856,-2915.3437469856
192,frame_000192.png,193,0.772,1733.6040534995325,-3023.7468630771828,0.003143444057781371,0.18010607764635023,0.021250988794763295,1.2175919684197407,-2897.0322808969095,-2897.0322808969095,-2897.0322808969095
193,frame_000193.png,194,0.776,1721.5452670205677,-3005.6463764051864,0.003226557878170315,0.18486814877384508,0.020305921399708667,1.1634435953276878,-2878.7419127475005,-2878.7419127475005,-2878.7419127475005
194,frame_000194.png,195,0.78,1709.5589235231475,-2987.5253723049045,0.0033059466213588903,0.18941678869939843,0.019388450194579,1.1108763674489766,-2860.477058745315,-2860.477058745315,-2860.477058745315
195,frame_000195.png,196,0.784,1697.6450925355482,-2969.390121494786,0.0033817194270201875,0.19375825066565575,0.018497952636069577,1.0598546156796824,-2842.2419227164455,-2842.2419227164455,-2842.2419227164455
196,frame_000196.png,197,0.788,1685.8038190701138,-2951.2466112223888,0.0034539829582322244,0.19789864601681736,0.01763381296994892,1.0103430599011245,-2824.0405044634745,-2824.0405044634745,-2824.0405044634745
197,frame_000197.png,198,0.792,1674.035124735296,-2933.1005561864995,0.0035228414293569012,0.2018439457959848,0.0167954225923895,0.9623068296825903,-2805.876607816367,-2805.876607816367,-2805.876607816367
198,frame_000198.png,199,0.796,1662.3390088047954,-2914.957409063817,0.0035883966352935814,0.2055999824212675,0.015982180375950627,0.9157114829587782,-2787.7538483867083,-2787.7538483867083,-2787.7538483867083
199,frame_000199.png,200,0.8,1650.71544924536,-2896.8223706538247,0.003650747981970029,0.209172451432785,0.015193492962273222,0.8705230227999745,-2769.6756610356706,-2769.6756610356706,-2769.6756610356706
200,frame_000200.png,201,0.804,1639.1644037047424,-2878.7003996550375,0.0037099925179414667,0.21256691330315938,0.014428775023445663,0.826707912387212,-2751.6453070657763,-2751.6453070657763,-2751.6453070657763
201,frame_000201.png,202,0.808,1627.6858104612616,-2860.596222085375,0.0037662249669761657,0.21578879530453215,0.013687449493903986,0.784233088299173,-2733.6658811461975,-2733.6658811461975,-2733.6658811461975
202,frame_000202.png,203,0.812,1616.279589336373,-2842.51434035899,0.0038195377615132487,0.21884339342555512,0.012968947774637658,0.7430659722123188,-2715.740317980978,-2715.740317980978,-2715.740317980978
203,frame_000203.png,204,0.8160000000000001,1604.9456425715919,-2824.459042031485,0.003870021076885293,0.22173587433220115,0.012272709911384275,0.7031744811106935,-2697.8713987292494,-2697.8713987292494,-2697.8713987292494
204,frame_000204.png,205,0.8200000000000001,1593.6838556710788,-2806.4344082250464,0.003917762866204888,0.2244712773666167,0.011598184748413329,0.6645270360970843,-2680.0617571862676,-2680.0617571862676,-2680.0617571862676
205,frame_000205.png,206,0.8240000000000001,1582.4940982111393,-2788.4443217446537,0.003962848895820552,0.2270545165785961,0.010944830059418162,0.6270925698925788,-2662.313885733686,-2662.313885733686,-2662.313885733686
206,frame_000206.png,207,0.8280000000000001,1571.3762246178578,-2770.4924748961453,0.004005362781253308,0.22949038278459571,0.010312112656959777,0.5908405331072328,-2644.6301410673277,-2644.6301410673277,-2644.6301410673277
207,frame_000207.png,208,0.8320000000000001,1560.3300749140324,-2752.5823770165684,0.004045386023530892,0.23178354564953085,0.009699508481832233,0.5557408993603314,-2627.0127497103167,-2627.0127497103167,-2627.0127497103167
208,frame_000208.png,209,0.836,1549.3554754365455,-2734.717361726895,0.004082998045841858,0.2339385557869011,0.00910650267365048,0.5217641693247725,-2609.463813319275,-2609.463813319275,-2609.463813319275
209,frame_000209.png,210,0.84,1538.452239525258,-2716.900593916844,0.004118276230436948,0.23595984687308316,0.008532589623894155,0.48888137376625357,-2591.9853137909195,-2591.9853137909195,-2591.9853137909195
210,frame_000210.png,211,0.844,1527.6201681844818,-2699.135076471237,0.0041512959557098925,0.23785173777190435,0.00797727301257813,0.4570640756443385,-2574.579118176256,-2574.579118176256,-2574.579118176256
211,frame_000211.png,212,0.848,1516.8590507180454,-2681.4236567469793,0.004182130633394367,0.239618434665871,0.007440065829659271,0.4262843713389755,-2557.2469834092144,-2557.2469834092144,-2557.2469834092144
212,frame_000212.png,213,0.852,1506.1686653389324,-2663.76903280948,0.004210851745818149,0.24126403319067444,0.006920490382231622,0.3965148910627498,-2539.9905608564195,-2539.9905608564195,-2539.9905608564195
213,frame_000213.png,214,0.856,1495.5487797544395,-2646.1737594370043,0.004237528883159626,0.24279252056983192,0.0064180782885067175,0.3677287985159816,-2522.811400694518,-2522.811400694518,-2522.811400694518
214,frame_000214.png,215,0.86,1484.9991517277633,-2628.6402539011783,0.004262229780655686,0.24420777774654143,0.005932370459523288,0.3398997898387692,-2505.7109561212737,-2505.7109561212737,-2505.7109561212737
215,frame_000215.png,216,0.864,1474.519529616898,-2611.1708015315917,0.004285020355713693,0.24551358151004135,0.005462917069480286,0.3130020919111963,-2488.690587406423,-2488.690587406423,-2488.690587406423
216,frame_000216.png,217,0.868,1464.1096528916903,-2593.7675610721635,0.0043059647448837335,0.24671360661396416,0.0050092775155396365,0.2870104600501998,-2471.751565788105,-2471.751565788105,-2471.751565788105
217,frame_000217.png,218,0.872,1453.7692526298724,-2576.4325698366893,0.004325125340650611,0.24781142788436247,0.0045710203678991255,0.26190017514895675,-2454.895077220427,-2454.895077220427,-2454.895077220427
218,frame_000218.png,219,0.876,1443.4980519928577,-2559.1677486707295,0.0043425628280081945,0.24881052231526474,0.004147723310892672,0.23764704030217831,-2438.1222259775905,-2438.1222259775905,-2438.1222259775905
219,frame_000219.png,220,0.88,1433.2957666820625,-2541.974906726755,0.004358336220781647,0.24971427114978575,0.0037389730758337213,0.21422737695832011,-2421.434038119778,-2421.434038119778,-2421.434038119778
220,frame_000220.png,221,0.884,1423.1621053764907,-2524.855746059237,0.004372502897665871,0.2505259619449773,0.0033443653662780675,0.19161802063745695,-2404.8314648258356,-2404.8314648258356,-2404.8314648258356
221,frame_000221.png,222,0.888,1413.09677015228,-2507.8118660461314,0.004385118637951116,0.251248790618755,0.002963504776344697,0.1697963162514121,-2388.3153855976007,-2388.3153855976007,-2388.3153855976007
222,frame_000222.png,223,0.892,1403.0994568849017,-2490.844767642996,0.004396237656909201,0.25188586347737923,0.002596004702697834,0.14874011306069992,-2371.886611340584,-2371.886611340584,-2371.886611340584
223,frame_000223.png,224,0.896,1393.1698556346641,-2473.9558574757566,0.004405912640816114,0.25244019922210237,0.002241487250758686,0.12842775930085473,-2355.545887325494,-2355.545887325494,-2355.545887325494
224,frame_000224.png,225,0.9,1383.3076510161568,-2457.1464517779414,0.004414194781588999,0.25291473093372185,0.0018995831356836083,0.10883809650889756,-2339.2938960350093,-2339.2938960350093,-2339.2938960350093
225,frame_000225.png,226,0.904,1373.512522552245,-2440.417780177994,0.004421133811017595,0.2533123080338975,0.001569931578614106,0.08995045357889908,-2323.1312598999884,-2323.1312598999884,-2323.1312598999884
226,frame_000226.png,227,0.908,1363.7841450132048,-2423.7709893420883,0.0044267780345721725,0.2536356982222031,0.0012521801986749388,0.0717446405739269,-2307.0585439291917,-2307.0585439291917,-2307.0585439291917
227,frame_000227.png,228,0.912,1354.1221887415654,-2407.20714647768,0.004431174364771859,0.25388758938799105,0.0009459849011683717,0.054200942320048,-2291.076258236426,-2291.076258236426,-2291.076258236426
228,frame_000228.png,229,0.916,1344.5263199632043,-2390.7272427028443,0.004434368354098969,0.2540705914962443,0.0006510097623865585,0.037300111806564375,-2275.184860468925,-2275.184860468925,-2275.184860468925
229,frame_000229.png,230,0.92,1334.996201085226,-2374.3321962862847,0.0044364042274466185,0.2541872384466878,0.0003669269114382186,0.021023363415180456,-2259.3847581405853,-2259.3847581405853,-2259.3847581405853
230,frame_000230.png,231,0.924,1325.531490981128,-2358.022855762715,0.004437324914088419,0.254239989905517,9.34164094621708e-05,0.005352365999448355,-2243.676310873607,-2243.676310873607,-2243.676310873607
231,frame_000231.png,232,0.928,1316.131845263746,-2341.800002928166,0.004437172079160497,0.25423123310918494,-0.00016983387342285415,-0.009730764165488584,-2228.0598325519095,-2228.0598325519095,-2228.0598325519095
232,frame_000232.png,233,0.932,1306.7969165464506,-2325.6643557195985,0.0044359861546474436,0.25416328463976584,-0.0004231283831039998,-0.0242434705440538,-2212.535593389639,-2212.535593389639,-2212.535593389639
233,frame_000233.png,234,0.936,1297.5263546930453,-2309.6165709830643,0.004433806369865058,0.2540383921714883,-0.0006667640080885129,-0.03820276359469847,-2197.103821917889,-2197.103821917889,-2197.103821917889
234,frame_000234.png,235,0.9400000000000001,1288.3198070568103,-2293.6572471344944,0.004430670781433965,0.2538587361880966,-0.0009010302074584904,-0.05162522810116849,-2181.764706892719,-2181.764706892719,-2181.764706892719
235,frame_000235.png,236,0.9440000000000001,1279.1769187091072,-2277.7869267170618,0.004426616302739253,0.25362643167076393,-0.0011262091398972053,-0.06452703056516836,-2166.51839912737,-2166.51839912737,-2166.51839912737
236,frame_000236.png,237,0.9480000000000001,1270.0973326579553,-2262.0060988589244,0.004421678732872389,0.2533435297563416,-0.001342575793535003,-0.07692392664598308,-2151.3650132515686,-2151.3650132515686,-2151.3650132515686
237,frame_000237.png,238,0.9520000000000001,1261.0806900569673,-2246.3152016350173,0.004415892785052559,0.25301201936578244,-0.0015503981163802268,-0.08883126863361962,-2136.3046294006,-2136.3046294006,-2136.3046294006
238,frame_000238.png,239,0.9560000000000001,1252.1266304050243,-2230.7146243364386,0.0044092921145255665,0.2526338288026294,-0.0017499371471158545,-0.1002640129429023,-2121.337294836823,-2121.337294836823,-2121.337294836823
239,frame_000239.png,240,0.96,1243.2347917370498,-2215.2047096508463,0.004401909345939219,0.2522108273215099,-0.0019414471460579908,-0.11123672761684157,-2106.463025506148,-2106.463025506148,-2106.463025506148
240,frame_000240.png,241,0.964,1234.4048108062339,-2199.785755757161,0.004393776100194931,0.25174482666661946,-0.002125175726086257,-0.12176359982839281,-2091.681807531945,-2091.681807531945,-2091.681807531945
241,frame_000241.png,242,0.968,1225.636323258044,-2184.4580183377593,0.004384923020776019,0.25123758258022166,-0.0023013639833697605,-0.13185844337050265,-2076.9935986487367,-2076.9935986487367,-2076.9935986487367
242,frame_000242.png,243,0.972,1216.9289637963461,-2169.2217125112206,0.004375379799553829,0.25069079628123053,-0.0024702466277251893,-0.1415347061250776,-2062.398329577945,-2062.398329577945,-2062.398329577945
243,frame_000243.png,244,0.976,1208.2823663419465,-2154.0770146885898,0.004365175202073468,0.25010611591397597,-0.002632052112455359,-0.15080547750218481,-2047.895905347913,-2047.895905347913,-2047.895905347913
244,frame_000244.png,245,0.98,1199.6961641838573,-2139.0240643560046,0.0043543370923215,0.24948513796728866,-0.002787002763528361,-0.1596834958414721,-2033.4862065602856,-2033.4862065602856,-2033.4862065602856
245,frame_000245.png,246,0.984,1191.1699901235722,-2124.062965786449,0.004342892456978507,0.2488294086640689,-0.0029353149079679435,-0.16818115576839482,-2019.169090604812,-2019.169090604812,-2019.169090604812
246,frame_000246.png,247,0.988,1182.7034766126328,-2109.193789683272,0.004330867429159899,0.24814042532153524,-0.0030771990013361695,-0.1763105154984343,-2004.94439282453,-2004.94439282453,-2004.94439282453
247,frame_000247.png,248,0.992,1174.29625588375,-2094.4165747580482,0.004318287311648829,0.2474196376823723,-0.0032128597541989878,-0.18408330408304108,-1990.811927633219,-1990.811927633219,-1990.811927633219
248,frame_000248.png,249,0.996,1165.9479600757436,-2079.731329245231,0.004305176599625481,0.24666844921702305,-0.003342496257474562,-0.19151092859156535,-1976.771489586954,-1976.771489586954,-1976.771489586954
249,frame_000249.png,250,1.0,1157.658221352541,-2065.138032355988,0.004291559002897387,0.24588821839739208,-0.0034663021065726458,-0.1986044812239191,-1962.8228544115204,-1962.8228544115204,-1962.8228544115204
250,frame_000250.png,251,1.004,1149.426672016482,-2050.636635673509,0.004277457467635758,0.2450802599422459,-0.003584465524241665,-0.20537474634919548,-1948.9657799873758,-1948.9657799873758,-1948.9657799873758
251,frame_000251.png,252,1.008,1141.252944616151,-2036.227064491996,0.00426289419762318,0.2442458460346157,-0.003697169482047717,-0.21183220746590276,-1935.2000072937926,-1935.2000072937926,-1935.2000072937926
252,frame_000252.png,253,1.012,1133.136672048964,-2021.90921910147,0.004247890675018251,0.24338620751152415,-0.0038045918204166734,-0.2179870540798702,-1921.5252613137782,-1921.5252613137782,-1921.5252613137782
253,frame_000253.png,254,1.016,1125.0774876587202,-2007.6829760204423,0.004232467680643061,0.24250253502637176,-0.00390690536717807,-0.2238491884963126,-1907.941251901234,-1907.941251901234,-1907.941251901234
254,frame_000254.png,255,1.02,1117.0750253283225,-1993.5481891784393,0.004216645313799595,0.2415959801843334,-0.004004278054555041,-0.22942823252285985,-1894.4476746118744,-1894.4476746118744,-1894.4476746118744
255,frame_000255.png,256,1.024,1109.1289195678648,-1979.504691050282,0.0042004430116213826,0.24066765665112622,-0.0040968730345512,-0.23473353408073802,-1881.0442114992675,-1881.0442114992675,-1881.0442114992675
256,frame_000256.png,257,1.028,1101.2388055982763,-1965.5522937439614,0.004183879567966898,0.23971864123552153,-0.004184848792690854,-0.2397741737216039,-1867.7305318773642,-1867.7305318773642,-1867.7305318773642
257,frame_000257.png,258,1.032,1093.4043194307008,-1951.6907900438837,0.004166973151861368,0.23874997494598266,-0.004268359260074079,-0.24455897104782762,-1854.506293050833,-1854.506293050833,-1854.506293050833
258,frame_000258.png,259,1.036,1085.6250979417907,-1937.9199544111893,0.004149741325493793,0.23776266402181834,-0.00434755392371361,-0.2490964910343309,-1841.3711410144251,-1841.3711410144251,-1841.3711410144251
259,frame_000259.png,260,1.04,1077.9007789450827,-1924.239543942796,0.004132201061776117,0.23675768093924904,-0.004422577935124695,-0.25339505025032744,-1828.3247111226156,-1828.3247111226156,-1828.3247111226156
260,frame_000260.png,261,1.044,1070.2310012586156,-1910.6492992907456,0.0041143687614715796,0.2357359653927892,-0.004493572217143906,-0.2574627229795897,-1815.3666287306523,-1815.3666287306523,-1815.3666287306523
261,frame_000261.png,262,1.048,1062.6154047689472,-1897.1489455433862,0.004096260269899378,0.23469842525235385,-0.004560673568956796,-0.26130734723809085,-1802.4965098081484,-1802.4965098081484,-1802.4965098081484
262,frame_000262.png,263,1.052,1055.0536304917207,-1883.7381930698593,0.004077890893222829,0.23364593749650153,-0.004624014769318123,-0.2649365306880874,-1789.7139615263004,-1789.7139615263004,-1789.7139615263004
263,frame_000263.png,264,1.056,1047.5453206289224,-1870.4167383293093,0.004059275414328289,0.23257934912222952,-0.0046837246779521,-0.26835765644792603,-1777.0185828197614,-1777.0185828197614,-1777.0185828197614
264,frame_000264.png,265,1.06,1040.0901186229714,-1857.184264646179,0.004040428108302138,0.2314994780317396,-0.004739928335123509,-0.2715778887970479,-1764.4099649241666,-1764.4099649241666,-1764.4099649241666
265,frame_000265.png,266,1.064,1032.6876692077733,-1844.0404429529094,0.004021362757513144,0.23040711389659382,-0.0047927470593733396,-0.27460417877582854,-1751.8876918902974,-1751.8876918902974,-1751.8876918902974
266,frame_000266.png,267,1.068,1025.337618456865,-1830.9849325013067,0.004002092666307565,0.229303018999682,-0.004842298543416163,-0.27744326968009214,-1739.4513410757668,-1739.4513410757668,-1739.4513410757668
267,frame_000267.png,268,1.072,1018.0396138287747,-1818.0173815437968,0.0039826306753243355,0.2281879290554213,-0.004888696948198488,-0.280101702450259,-1727.1004836151633,-1727.1004836151633,-1727.1004836151633
268,frame_000268.png,269,1.076,1010.7933042097156,-1805.1374279857432,0.0039629891754376975,0.22706255400861022,-0.004932052995120414,-0.28258582095525653,-1714.8346848694773,-1714.8346848694773,-1714.8346848694773
269,frame_000269.png,270,1.08,1003.5983399537242,-1792.3447000099573,0.0039431801213346065,0.2259275788123568,-0.00497247405642484,-0.28490177717143966,-1702.6535048556607,-1702.6535048556607,-1702.6535048556607
270,frame_000270.png,271,1.084,996.4543729203554,-1779.63881667449,0.003923215044734235,0.22478366418550014,-0.005010064243761085,-0.28705553625691266,-1690.5564986570857,-1690.5564986570857,-1690.5564986570857
271,frame_000271.png,272,1.088,989.3610565100369,-1767.0193884847545,0.0039031050672568503,0.22363144734994284,-0.005044924494931411,-0.2890528815217383,-1678.543216815695,-1678.543216815695,-1678.543216815695
272,frame_000272.png,273,1.092,982.3180456971854,-1754.4860179409854,0.0038828609129493256,0.2224715427483101,-0.005077152658830997,-0.29089941929464047,-1666.6132057065606,-1666.6132057065606,-1666.6132057065606
273,frame_000273.png,274,1.096,975.3249970611794,-1742.0383000620122,0.0038624929204744765,0.221304542742347,-0.005106843578593562,-0.292600583686897,-1654.7660078955687,-1654.7660078955687,-1654.7660078955687
274,frame_000274.png,275,1.1,968.3815688152828,-1729.6758228862748,0.0038420110549713766,0.22013101829246481,-0.005134089172956525,-0.29416164125422023,-1643.0011624808976,-1643.0011624808976,-1643.0011624808976
275,frame_000275.png,276,1.104,961.4874208336083,-1717.398167950986,0.0038214249195937418,0.21895151961884138,-0.005158978515860919,-0.29558769555749587,-1631.3182054189556,-1631.3182054189556,-1631.3182054189556
276,frame_000276.png,277,1.108,954.6422146762058,-1705.204910750306,0.003800743766733415,0.21776657684447975,-0.005181597914302511,-0.2968836916233239,-1619.7166698354104,-1619.7166698354104,-1619.7166698354104
277,frame_000277.png,278,1.112,947.8456136123584,-1693.0956211733628,0.003779976508935906,0.21657670062062231,-0.005202030984452029,-0.29805442030538604,-1608.196086321902,-1608.196086321902,-1608.196086321902
278,frame_000278.png,279,1.116,941.0972826421659,-1681.0698639229188,0.003759131729514875,0.21538238273491608,-0.005220358726063404,-0.2991045225477241,-1596.7559832190254,-1596.7559832190254,-1596.7559832190254
279,frame_000279.png,280,1.12,934.3968885164891,-1669.127198915458,0.0037382176928723687,0.21418409670271854,-0.0052366595951898074,-0.30003849355106216,-1585.3958868861519,-1585.3958868861519,-1585.3958868861519
280,frame_000280.png,281,1.124,927.7440997553314,-1657.2671816634365,0.0037172423545315325,0.21298229834192967,-0.005251009575228181,-0.3008606868433579,-1574.115321958624,-1574.115321958624,-1574.115321958624
281,frame_000281.png,282,1.1280000000000001,921.1385866647237,-1645.4893636404095,0.0036962133708884483,0.2117774263317313,-0.005263482246314081,-0.30157531825583483,-1562.9138115928245,-1562.9138115928245,-1562.9138115928245
282,frame_000282.png,283,1.1320000000000001,914.5800213521834,-1633.793292629723,0.0036751381086896425,0.21056990275560813,-0.005274148853088843,-0.30218646980575437,-1551.7908776996464,-1551.7908776996464,-1551.7908776996464
283,frame_000283.png,284,1.1360000000000001,908.0680777408091,-1622.1785130574324,0.0036540236542417404,0.20936013362902212,-0.005283078370862177,-0.30269809348725346,-1540.746041166818,-1540.746041166818,-1540.746041166818
284,frame_000284.png,285,1.1400000000000001,901.6024315820741,-1610.644566310083,0.003632876822359629,0.20814850941210444,-0.005290337570193592,-0.30311401497158774,-1529.7788220705538,-1529.7788220705538,-1529.7788220705538
285,frame_000285.png,286,1.1440000000000001,895.1827604673781,-1599.1909910379661,0.0036117041650594083,0.20693540550772493,-0.005295991079916693,-0.3034379372181576,-1518.8887398769689,-1518.8887398769689,-1518.8887398769689
286,frame_000286.png,287,1.1480000000000001,888.8087438384133,-1587.8173234444366,0.0035905119800023135,0.2057211827452932,-0.005300101448630652,-0.30367344399771007,-1508.075313633689,-1508.075313633689,-1508.075313633689
287,frame_000287.png,288,1.1520000000000001,882.4800629964008,-1576.5230975618624,0.003569306318695685,0.2045061878506395,-0.005302729204683706,-0.30382400332914,-1497.3380621520519,-1497.3380621520519,-1497.3380621520519
288,frame_000288.png,289,1.156,876.1964011102475,-1565.307845514745,0.00354809299445697,0.20329075390231857,-0.005303932914673663,-0.3038929708313223,-1486.676504180306,-1486.676504180306,-1486.676504180306
289,frame_000289.png,290,1.16,869.9574432236769,-1554.1710977705382,0.003526877590146641,0.20207520077467306,-0.005303769240490837,-0.3038835929914311,-1476.0901585681668,-1476.0901585681668,-1476.0901585681668
290,frame_000290.png,291,1.164,863.7628762613786,-1543.112383378669,0.003505665465675802,0.2008598355679878,-0.005302292994928699,-0.30379901035119566,-1465.5785444231165,-1465.5785444231165,-1465.5785444231165
291,frame_000291.png,292,1.168,857.6123890342247,-1532.1312301982402,0.0034844617652941686,0.1996449530260603,-0.005299557195888053,-0.3036422606125707,-1455.1411812587721,-1455.1411812587721,-1455.1411812587721
292,frame_000292.png,293,1.172,851.5056722435985,-1521.2271651148853,0.003463271424663992,0.19843083594150657,-0.005295613119200452,-0.30341628166429524,-1444.7775891356646,-1444.7775891356646,-1444.7775891356646
293,frame_000293.png,294,1.176,845.4424184848743,-1510.3997142472183,0.003442099177725398,0.19721775554911636,-0.005290510350096589,-0.3031239145308141,-1434.487288794755,-1434.487288794755,-1434.487288794755
294,frame_000294.png,295,1.18,839.4223222500932,-1499.6484031433122,0.0034209495633585134,0.19600597190756464,-0.005284296833345497,-0.3027679062450427,-1424.2698017839916,-1424.2698017839916,-1424.2698017839916
295,frame_000295.png,296,1.184,833.4450799298713,-1488.9727569676174,0.003399826931847642,0.19479573426978164,-0.005277018922090354,-0.3023509126464523,-1414.1246505782037,-1414.1246505782037,-1414.1246505782037
296,frame_000296.png,297,1.188,827.5103898145786,-1478.372300678717,0.0033787354511526477,0.19358728144227683,-0.005268721425406657,-0.3018755011059526,-1404.0513586926163,-1404.0513586926163,-1404.0513586926163
297,frame_000297.png,298,1.192,821.6179520948245,-1467.8465591983013,0.0033576791129926176,0.19238084213370685,-0.005259447654608394,-0.3013441531790405,-1394.0494507902608,-1394.0494507902608,-1394.0494507902608
298,frame_000298.png,299,1.196,815.7674688612844,-1457.3950575717283,0.0033366617387467455,0.19117663529297144,-0.005249239468327758,-0.3007592671886767,-1384.1184527835453,-1384.1184527835453,-1384.1184527835453
299,frame_000299.png,300,1.2,809.9586441039,-1447.0173211205233,0.003315686985177302,0.18997487043711536,-0.00523813731639384,-0.3001231607393502,-1374.2578919302296,-1374.2578919302296,-1374.2578919302296
300,frame_000300.png,301,1.204,804.1911837104848,-1436.7128755871543,0.003294758349979444,0.18877574796930915,-0.005226180282535469,-0.2994380731637705,-1364.4672969240592,-1364.4672969240592,-1364.4672969240592
301,frame_000301.png,302,1.208,798.4647954647656,-1426.4812472724104,0.0032738791771625064,0.18757945948717433,-0.0052134061259333725,-0.2987061679036312,-1354.746197980272,-1354.746197980272,-1354.746197980272
302,frame_000302.png,303,1.212,792.7791890438893,-1416.3219631656953,0.003253052662267347,0.18638618808171536,-0.0051998513216463885,-0.2979295348258612,-1345.0941269162213,-1345.0941269162213,-1345.0941269162213
303,frame_000303.png,304,1.216,787.1340760154209,-1406.2345510685348,0.003232281857424181,0.18519610862711208,-0.0051855510999364,-0.2971101924757775,-1335.510617227313,-1335.510617227313,-1335.510617227313
304,frame_000304.png,305,1.22,781.5291698338606,-1396.2185397115893,0.0032115696762552754,0.18400938806162342,-0.005170539484516435,-0.29625009026854,-1325.995204158466,-1325.995204158466,-1325.995204158466
305,frame_000305.png,306,1.224,775.9641858367065,-1386.273458865446,0.0031909188986267508,0.1828261856598458,-0.005154849329745843,-0.295351110620278,-1316.547424771306,-1316.547424771306,-1316.547424771306
306,frame_000306.png,307,1.228,770.4388412400847,-1376.3988394454564,0.003170332175253666,0.1816466532965647,-0.005138512356796669,-0.294415071020271,-1307.1668180072543,-1307.1668180072543,-1307.1668180072543
307,frame_000307.png,308,1.232,764.9528551339721,-1366.594213610878,0.0031498120321624434,0.1804709357024331,-0.005121559188814518,-0.2934437260455174,-1297.8529247467245,-1297.8529247467245,-1297.8529247467245
308,frame_000308.png,309,1.236,759.5059484770333,-1356.8591148585606,0.0031293608750146197,0.179299170711704,-0.0051040193850973746,-0.2924387693190372,-1288.6052878645733,-1288.6052878645733,-1288.6052878645733
309,frame_000309.png,310,1.24,754.0978440910933,-1347.1930781114174,0.0031089809932957945,0.1781314895022395,-0.005085921474315163,-0.29140183541321213,-1279.4234522819938,-1279.4234522819938,-1279.4234522819938
310,frame_000310.png,311,1.244,748.7282666552667,-1337.5956398019027,0.0030886745643735783,0.17696801682801414,-0.005067292986792774,-0.2903345016994672,-1270.3069650149973,-1270.3069650149973,-1270.3069650149973
311,frame_000311.png,312,1.248,743.3969426997614,-1328.0663379507162,0.0030684436574282352,0.17580887124432407,-0.005048160485878799,-0.28923829014556623,-1261.255375219645,-1261.255375219645,-1261.255375219645
312,frame_000312.png,313,1.252,738.1036005993781,-1318.6047122409411,0.0030482902372596333,0.17465416532590936,-0.0050285495984220075,-0.288114669061786,-1252.2682342341682,-1252.2682342341682,-1252.2682342341682
313,frame_000313.png,314,1.256,732.8479705667205,-1309.210304087816,0.003028216167974035,0.17350400587819137,-0.0050084850443770776,-0.28696505479719936,-1243.3450956181346,-1243.3450956181346,-1243.3450956181346
314,frame_000314.png,315,1.26,727.6297846451362,-1299.882656704332,0.0030082232165541587,0.17235849414182236,-0.004987990665560992,-0.28579081338729534,-1234.4855151887728,-1234.4855151887728,-1234.4855151887728
315,frame_000315.png,316,1.264,722.4487767014018,-1290.6213151628406,0.002988313056315875,0.17121772599073953,-0.004967089453580905,-0.28459326215412806,-1225.6890510546086,-1225.6890510546086,-1225.6890510546086
316,frame_000316.png,317,1.268,717.3046824181705,-1281.4258264528466,0.0029684872702548048,0.17008179212391092,-0.004945803576954166,-0.2833736712601798,-1216.9552636465173,-1216.9552636465173,-1216.9552636465173
317,frame_000317.png,318,1.272,712.1972392861945,-1272.2957395351586,0.0029487473542860153,0.16895077825095636,-0.0049241544074406,-0.2821332652170892,-1208.2837157463287,-1208.2837157463287,-1208.2837157463287
318,frame_000318.png,319,1.276,707.126186596339,-1263.2306053925568,0.00292909472037992,0.1678247652718214,-0.004902162545606997,-0.28087322435038886,-1199.6739725130838,-1199.6739725130838,-1199.6739725130838
319,frame_000319.png,320,1.28,702.0912654313997,-1254.2299770771353,0.0029095306995974195,0.1667038294506779,-0.004879847845643269,-0.2795946862213665,-1191.1256015070635,-1191.1256015070635,-1191.1256015070635
320,frame_000320.png,321,1.284,697.0922186577366,-1245.2934097544698,0.002890056545027234,0.16558804258422088,-0.004857229439449436,-0.27829874700714735,-1182.6381727116873,-1182.6381727116873,-1182.6381727116873
321,frame_000321.png,322,1.288,692.1287909167381,-1236.420460744752,0.002870673434628311,0.16447747216452646,-0.004834325760012126,-0.2769864628400689,-1174.2112585533928,-1174.2112585533928,-1174.2112585533928
322,frame_000322.png,323,1.292,687.2007286161266,-1227.6106895610292,0.002851382473980108,0.16337218153663147,-0.004811154564089144,-0.2756588511074113,-1165.8444339195748,-1165.8444339195748,-1165.8444339195748
323,frame_000323.png,324,1.296,682.3077799211152,-1218.863657944682,0.00283218469894349,0.16227223005099164,-0.004787732954220014,-0.27431689171250817,-1157.5372761746976,-1157.5372761746976,-1157.5372761746976
324,frame_000324.png,325,1.3,677.4496947454293,-1210.1789298982644,0.0028130810782348893,0.1611776732109701,-0.004764077400080309,-0.27296152829825987,-1149.2893651746485,-1149.2893651746485,-1149.2893651746485
325,frame_000325.png,326,1.304,672.6262247422011,-1201.5560717158307,0.0027940725159163347,0.16008856281550551,-0.004740203759196993,-0.27159366943403485,-1141.1002832794347,-1141.1002832794347,-1141.1002832794347
326,frame_000326.png,327,1.308,667.8371232947477,-1192.9946520108624,0.002775159853803857,0.15900494709710358,-0.004716127297041812,-0.27021418976693656,-1132.9696153642922,-1132.9696153642922,-1132.9696153642922
327,frame_000327.png,328,1.312,663.0821455072421,-1184.4942417419081,0.0027563438737967347,0.15792687085529292,-0.0046918627065193515,-0.26882393113838643,-1124.8969488292892,-1124.8969488292892,-1124.8969488292892
328,frame_000328.png,329,1.316,658.3610481952862,-1176.0544142360438,0.0027376253001299643,0.15685437558568224,-0.004667424126865952,-0.26742370366695234,-1116.8818736075027,-1116.8818736075027,-1116.8818736075027
329,frame_000329.png,330,1.32,653.6735898763936,-1167.6747452102545,0.0027190048015522813,0.15578749960475166,-0.004642825161975549,-0.26601428679834177,-1108.9239821718247,-1108.9239821718247,-1108.9239821718247
330,frame_000330.png,331,1.324,649.0195307603914,-1159.3548127908357,0.0027004829934319944,0.15472627817050807,-0.0046180788981678034,-0.2645964303234406,-1101.0228695404903,-1101.0228695404903,-1101.0228695404903
331,frame_000331.png,332,1.328,644.3986327397479,-1151.09419753091,0.002682060439792831,0.15367074359913066,-0.004593197921413933,-0.26317085536528073,-1093.1781332813653,-1093.1781332813653,-1093.1781332813653
332,frame_000332.png,333,1.332,639.8106593798337,-1142.8924824261462,0.002663737655281933,0.15262092537772853,-0.0045681943340350264,-0.2617382553357828,-1085.3893735150773,-1085.3893735150773,-1085.3893735150773
333,frame_000333.png,334,1.336,635.2553759091239,-1134.7492529287708,0.0026455151070720884,0.15157685027333076,-0.004543079770887436,-0.2602992968631111,-1077.656192917038,-1077.656192917038,-1077.656192917038
334,frame_000334.png,335,1.34,630.7325492093465,-1126.6640969599503,0.0026273932167002146,0.15053854243822362,-0.004517865415049416,-0.2588546206904515,-1069.9781967184213,-1069.9781967184213,-1069.9781967184213
335,frame_000335.png,336,1.344,626.2419478055854,-1118.6366049206265,0.00260937236184407,0.1495060235117487,-0.004492562013022955,-0.2574048425470125,-1062.354992706144,-1062.354992706144,-1062.354992706144
336,frame_000336.png,337,1.348,621.7833418563424,-1110.6663697008803,0.002591452878039095,0.14847931271867063,-0.00446717988946439,-0.25595055399202715,-1054.7861912219037,-1054.7861912219037,-1054.7861912219037
337,frame_000337.png,338,1.352,617.3565031435649,-1102.7529866878942,0.0025736350603372525,0.14745842696422154,-0.0044417289614568966,-0.2544923232325065,-1047.2714051603361,-1047.2714051603361,-1047.2714051603361
338,frame_000338.png,339,1.356,612.9612050626439,-1094.8960537725861,0.0025559191649096626,0.14644338092592551,-0.0044162187523379874,-0.2530306959154968,-1039.810249966316,-1039.810249966316,-1039.810249966316
339,frame_000339.png,340,1.36,608.5972226123888,-1087.0951713549778,0.0025383054105947976,0.1454341871423034,-0.004390658405094574,-0.2515661958955604,-1032.4023436314633,-1032.4023436314633,-1032.4023436314633
340,frame_000340.png,341,1.364,604.2643323849821,-1079.349942348364,0.0025207939803939326,0.14443085609855594,-0.004365056695337835,-0.25009932597818035,-1025.0473066899017,-1025.0473066899017,-1025.0473066899017
341,frame_000341.png,342,1.368,599.9623125559208,-1071.659972182343,0.002503385022915517,0.14343339630932,-0.004339422043869943,-0.2486305686397813,-1017.7447622133013,-1017.7447622133013,-1017.7447622133013
342,frame_000342.png,343,1.372,595.6909428739466,-1064.0248688047632,0.002486078653770068,0.14244181439859036,-0.00431376252885452,-0.24716038672504498,-1010.4943358052392,-1010.4943358052392,-1010.4943358052392
343,frame_000343.png,344,1.3760000000000001,591.4500046509718,-1056.4442426826477,0.0024688749569171547,0.1414561151768959,-0.004288085897602024,-0.24568922412216324,-1003.2956555949395,-1003.2956555949395,-1003.2956555949395
344,frame_000344.png,345,1.3800000000000001,587.2392807520022,-1048.9177068021447,0.002451773985965988,0.14047630171581824,-0.004262399577981339,-0.24421750641667395,-996.1483522304086,-996.1483522304086,-996.1483522304086
345,frame_000345.png,346,1.3840000000000001,583.0585555850628,-1041.4448766675566,0.0024347757654310884,0.13950237541993588,-0.004236710689468496,-0.24274564152450592,-989.052058871001,-989.052058871001,-989.052058871001
346,frame_000346.png,347,1.3880000000000001,578.9076150911287,-1034.0253702994976,0.002417880291944466,0.13853433609627724,-0.004211026053842972,-0.24127402030483208,-982.0064111794638,-982.0064111794638,-982.0064111794638
347,frame_000347.png,348,1.3920000000000001,574.7862467340652,-1026.658808232225,0.002401087535425696,0.13757218202136093,-0.0041853522055419964,-0.23980301715332702,-975.0110473134769,-975.0110473134769,-975.0110473134769
348,frame_000348.png,349,1.3960000000000001,570.6942394905805,-1019.3448135101896,0.0023843974402112463,0.13661591000590145,-0.004159695401682858,-0.23833299057640342,-968.0656079167265,-968.0656079167265,-968.0656079167265
349,frame_000349.png,350,1.4000000000000001,566.6313838401924,-1012.0830116838463,0.0023678099261443546,0.1356655154572547,-0.004134061631763082,-0.23686428374699084,-961.1697361095353,-961.1697361095353,-961.1697361095353
350,frame_000350.png,351,1.4040000000000001,562.5974717552151,-1004.8730308047677,0.002351324889626732,0.1347209924396759,-0.004108456627047981,-0.235397225042403,-954.3230774790809,-954.3230774790809,-954.3230774790809
351,frame_000351.png,352,1.408,558.5922966907655,-997.7145014200987,0.002334942204633327,0.13378233373246143,-0.004082885869654798,-0.2339321285648207,-947.5252800692347,-947.5252800692347,-947.5252800692347
352,frame_000352.png,353,1.412,554.6156535747925,-990.6070565663881,0.0023186617236913318,0.13284953088604196,-0.004057354601342696,-0.23246929464492114,-940.7759943700235,-940.7759943700235,-940.7759943700235
353,frame_000353.png,354,1.416,550.6673387981341,-983.5503317628348,0.0023024832788246124,0.13192257427609383,-0.004031867832017101,-0.23100901032914103,-934.0748733067753,-934.0748733067753,-934.0748733067753
354,frame_000354.png,355,1.42,546.7471502046004,-976.5439650039809,0.0022864066824646637,0.1310014531557334,-0.004006430347957269,-0.22955154985108137,-927.4215722289296,-927.4215722289296,-927.4215722289296
355,frame_000355.png,356,1.424,542.8548870810887,-969.5875967518843,0.002270431728329199,0.13008615570585622,-0.003981046719775275,-0.2280971750875238,-920.8157488985637,-920.8157488985637,-920.8157488985637
356,frame_000356.png,357,1.428,538.9903501477293,-962.6808699278029,0.0022545581922694194,0.1291766690836821,-0.003955721310114483,-0.22664613599952058,-914.2570634786512,-914.2570634786512,-914.2570634786512
357,frame_000357.png,358,1.432,535.1533415480668,-955.8234299034177,0.0022387858330869996,0.12827297946956506,-0.003930458281095571,-0.22519867105902036,-907.7451785210551,-907.7451785210551,-907.7451785210551
358,frame_000358.png,359,1.436,531.3436648392768,-949.0149244916257,0.002223114393321773,0.1273750721121241,-0.003905261601517607,-0.2237550076614596,-901.2797589542997,-901.2797589542997,-901.2797589542997
359,frame_000359.png,360,1.44,527.5611249824198,-942.2550039369269,0.0022075436000110944,0.12648293137175165,-0.003880135053821797,-0.2223153625247555,-894.8604720711157,-894.8604720711157,-894.8604720711157
360,frame_000360.png,361,1.444,523.805528332735,-935.5433209054322,0.0021920731654218005,0.12559654076255192,-0.0038550822408250965,-0.22087994207511405,-888.486987515791,-888.486987515791,-888.486987515791
361,frame_000361.png,362,1.448,520.0766826299752,-928.8795304745174,0.0021767027877556888,0.12471588299276157,-0.0038301065922307573,-0.2194489428200566,-882.1589772713378,-882.1589772713378,-882.1589772713378
362,frame_000362.png,363,1.452,516.3743969887819,-922.263290122145,0.002161432151829382,0.12384094000370334,-0.0038052113709226916,-0.21802255170906026,-875.8761156464907,-875.8761156464907,-875.8761156464907
363,frame_000363.png,364,1.456,512.6984818891058,-915.6942597158767,0.002146260929729436,0.12297169300732083,-0.003780399679050368,-0.21660094648219705,-869.6380792625496,-869.6380792625496,-869.6380792625496
364,frame_000364.png,365,1.46,509.0487491666708,-909.1721015015986,0.002131188781443514,0.12210812252234217,-0.003755674463910608,-0.21518429600713584,-863.4445470400901,-863.4445470400901,-863.4445470400901
365,frame_000365.png,366,1.464,505.4250120034837,-902.696480091978,0.002116215355468427,0.12125020840911813,-0.0037310385236327855,-0.21377276060488026,-857.2952001855358,-857.2952001855358,-857.2952001855358
366,frame_000366.png,367,1.468,501.82708491839037,-896.2670624546715,0.0021013402893958148,0.1203979299031792,-0.003706494512673338,-0.2123664923645811,-851.1897221776303,-851.1897221776303,-851.1897221776303
367,frame_000367.png,368,1.472,498.25478375768046,-889.8835179003037,0.0020865632104762164,0.11955126564755447,-0.00368204494712574,-0.21096563544777525,-845.1277987537956,-845.1277987537956,-845.1277987537956
368,frame_000368.png,369,1.476,494.7079256857394,-883.5455180702315,0.002071883736162262,0.11871019372389419,-0.003657692209851586,-0.2095703263823753,-839.1091178964077,-839.1091178964077,-839.1091178964077
369,frame_000369.png,370,1.48,491.1863291757507,-877.252736924114,0.0020573014746316817,0.11787469168243596,-0.003633438555438493,-0.20818069434673625,-833.1333698189878,-833.1333698189878,-833.1333698189878
370,frame_000370.png,371,1.484,487.6898140004478,-871.0048507272999,0.0020428160252908244,0.11704473657085428,-0.0036092861149901842,-0.20679686144410708,-827.200246952329,-827.200246952329,-827.200246952329
371,frame_000371.png,372,1.488,484.2182012229171,-864.8015380380517,0.0020284269792593354,0.1162203049620305,-0.0035852369007541725,-0.20541894296777768,-821.3094439305555,-821.3094439305555,-821.3094439305555
372,frame_000372.png,373,1.492,480.77131318745177,-858.6424796946171,0.0020141339198366426,0.1154013729807805,-0.003561292810592098,-0.2040470476572101,-815.4606575771375,-815.4606575771375,-815.4606575771375
373,frame_000373.png,374,1.496,477.34897351045817,-852.5273588021635,0.001999936422950863,0.1145879163295752,-0.0035374556322977364,-0.20268127794544233,-809.6535868908616,-809.6535868908616,-809.6535868908616
374,frame_000374.png,375,1.5,473.95100707141467,-846.4558607195878,0.0019858340575907327,0.11377991031328824,-0.003513727047767567,-0.2013217301980442,-803.8879330317659,-803.8879330317659,-803.8879330317659
375,frame_000375.png,376,1.504,470.57724000388305,-840.4276730462145,0.0019718263862211404,0.11297732986300436,-0.0034901086370285315,-0.19996849494389102,-798.1633993070532,-798.1633993070532,-798.1633993070532
376,frame_000376.png,377,1.508,467.2274996865738,-834.4424856083924,0.001957912965182828,0.11218014955892056,-0.0034666018821276423,-0.1986216570980216,-792.4796911569792,-792.4796911569792,-792.4796911569792
377,frame_000377.png,378,1.512,463.90161473446506,-828.4999904460019,0.0019440933450767975,0.11138834365237085,-0.0034432081708878066,-0.19728129617683124,-786.8365161407348,-786.8365161407348,-786.8365161407348
378,frame_000378.png,379,1.516,460.5994149899753,-822.599881798884,0.0019303670711339534,0.1106018860870055,-0.0034199288005341776,-0.19594748650584634,-781.2335839223206,-781.2335839223206,-781.2335839223206
379,frame_000379.png,380,1.52,457.32073151419115,-816.7418560931992,0.0019167336835704946,0.10982075051915316,-0.003396764981195276,-0.19462029742032377,-775.6706062564194,-775.6706062564194,-775.6706062564194
380,frame_000380.png,381,1.524,454.06539657814926,-810.9256119277278,0.0019031927179295385,0.10904491033739472,-0.003373717839282804,-0.19329979345890003,-770.1472969742836,-770.1472969742836,-770.1472969742836
381,frame_000381.png,382,1.528,450.83324365417354,-805.1508500601191,0.0018897437054094645,0.10827433868137587,-0.0033507884207542135,-0.19198603455052274,-764.6633719696251,-764.6633719696251,-764.6633719696251
382,frame_000382.png,383,1.532,447.6241074072671,-799.4172733930988,0.0018763861731794327,0.10750900845988508,-0.0033279776942617472,-0.19067907619487717,-759.2185491845312,-759.2185491845312,-759.2185491845312
383,frame_000383.png,384,1.536,444.4378236865596,-793.7245869606422,0.001863119644682526,0.10674889236822228,-0.00330528655419166,-0.18937896963652098,-753.8125485953997,-753.8125485953997,-753.8125485953997
384,frame_000384.png,385,1.54,441.2742295168101,-788.0724979141216,0.0018499436399269482,0.10599396290488337,-0.0032827158235972627,-0.1880857620329352,-748.4450921988991,-748.4450921988991,-748.4450921988991
385,frame_000385.png,386,1.544,438.133163089965,-782.4607155084336,0.0018368576757656953,0.10524419238758413,-0.003260266257029206,-0.18679949661668757,-743.1159039979634,-743.1159039979634,-743.1159039979634
386,frame_000386.png,387,1.548,435.01446375677193,-776.8889510881152,0.001823861266165104,0.10449955296864695,-0.0032379385432663656,-0.18552021285190065,-737.8247099878231,-737.8247099878231,-737.8247099878231
387,frame_000387.png,388,1.552,431.91797201844884,-771.3569180734532,0.00181095392246267,0.10376001664977272,-0.0032157333079506486,-0.18424794658521523,-732.5712381420724,-732.5712381420724,-732.5712381420724
388,frame_000388.png,389,1.556,428.84352951840873,-765.8643319465951,0.001798135153614511,0.10302555529621944,-0.0031936511161288375,-0.18298273019142713,-727.3552183987827,-727.3552183987827,-727.3552183987827
389,frame_000389.png,390,1.56,425.7909790340402,-760.4109102376646,0.0017854044664328442,0.10229614065040862,-0.0031716924747045385,-0.18172459271397368,-722.1763826466627,-722.1763826466627,-722.1763826466627
390,frame_000390.png,391,1.564,422.7601644685431,-754.9963725108895,0.0017727613658138285,0.1015717443449798,-0.003149857834803283,-0.1804735600004438,-717.0344647112634,-717.0344647112634,-717.0344647112634
391,frame_000391.png,392,1.568,419.75093084281986,-749.6204403507465,0.0017602053549561148,0.10085233791531235,-0.0031281475940535593,-0.1792296548332717,-711.9292003412427,-711.9292003412427,-711.9292003412427
392,frame_000392.png,393,1.572,416.7631242874221,-744.2828373481271,0.0017477359355704345,0.10013789281153428,-0.0031065620987866067,-0.17799289705577567,-706.8603271946827,-706.8603271946827,-706.8603271946827
393,frame_000393.png,394,1.576,413.7965920345528,-738.9832890865292,0.0017353526080805457,0.09942838041003531,-0.0030851016461577348,-0.17676330369370089,-701.8275848254616,-701.8275848254616,-701.8275848254616
394,frame_000394.png,395,1.58,410.85118241012316,-733.7215231282802,0.0017230548718158469,0.09872377202450308,-0.003063766486191702,-0.17554088907241072,-696.8307146696916,-696.8307146696916,-696.8307146696916
395,frame_000395.png,396,1.584,407.926744825865,-728.4972690007934,0.0017108422251959539,0.09802403891649851,-0.0030425568237547403,-0.17432566492987567,-691.8694600322165,-691.8694600322165,-691.8694600322165
396,frame_000396.png,397,1.588,405.0231297714977,-723.3102581828635,0.0016987141659075332,0.09732915230558757,-0.0030214728204556677,-0.17311764052559891,-686.9435660731756,-686.9435660731756,-686.9435660731756
397,frame_000397.png,398,1.592,402.14018880694994,-718.1602240910032,0.0016866701910736648,0.09663908337904513,-0.0030005145964785134,-0.1719168227456181,-682.0527797946311,-682.0527797946311,-682.0527797946311
398,frame_000398.png,399,1.596,399.27777455463627,-713.0469020658253,0.00167470979741601,0.09595380330114647,-0.0029796822323488585,-0.17072321620370912,-677.196850027271,-677.196850027271,-677.196850027271
399,frame_000399.png,400,1.6,396.43574069178766,-707.9700293584731,0.0016628324814100398,0.0952732832220612,-0.0029589757706362887,-0.16953682333892964,-672.3755274171722,-672.3755274171722,-672.3755274171722
400,frame_000400.png,401,1.604,393.6139419428365,-702.9293451171019,0.0016510377394335772,0.0945974942863641,-0.0029383952175949532,-0.168357644509616,-667.5885644126456,-667.5885644126456,-667.5885644126456
401,frame_000401.png,402,1.608,390.81223407185547,-697.9245903734143,0.0016393250679088984,0.09392640764117695,-0.002917940544744439,-0.1671856780839607,-662.8357152511476,-662.8357152511476,-662.8357152511476
402,frame_000402.png,403,1.612,388.0304738750501,-692.9555080292521,0.0016276939634386237,0.09325999444395447,-0.002897611690392946,-0.16602092052728398,-658.1167359462681,-658.1167359462681,-658.1167359462681
403,frame_000403.png,404,1.616,385.2685191733051,-688.0218428432476,0.0016161439229356283,0.09259822586992766,-0.002877408561104711,-0.164863366486111,-653.4313842747958,-653.4313842747958,-653.4313842747958
404,frame_000404.png,405,1.62,382.52622880478356,-683.1233414175348,0.0016046744437471917,0.09194107311921712,-0.002857331033113634,-0.1637130088691665,-648.7794197638566,-648.7794197638566,-648.7794197638566
405,frame_000405.png,406,1.624,379.8034626175794,-678.259752184525,0.0015932850237735947,0.09128850742362801,-0.0028373789536849034,-0.16256983892539045,-644.1606036781316,-644.1606036781316,-644.1606036781316
406,frame_000406.png,407,1.6280000000000001,377.1000814624228,-673.430825393747,0.0015819751615813722,0.09064050005313909,-0.0028175521424263794,-0.16143384631907456,-639.5746990071561,-639.5746990071561,-639.5746990071561
407,frame_000407.png,408,1.6320000000000001,374.4159471854378,-668.6363130987538,0.0015707443565114165,0.0899970223220965,-0.00279785039255154,-0.16030501920222387,-635.0214704526925,-635.0214704526925,-635.0214704526925
408,frame_000408.png,409,1.6360000000000001,371.75092262095205,-663.8759691440985,0.0015595921087821223,0.08935804559512357,-0.002778273472095575,-0.15918334428423372,-630.5006844161874,-630.5006844161874,-630.5006844161874
409,frame_000409.png,410,1.6400000000000001,369.1048715843591,-659.1495491523797,0.0015485179195877585,0.08872354129275715,-0.002758821125086258,-0.15806880689897596,-626.0121089863094,-626.0121089863094,-626.0121089863094
410,frame_000410.png,411,1.6440000000000001,366.47765886503163,-654.4568105113585,0.0015375212911922435,0.08809348089682043,-0.0027394930726712214,-0.15696139106938672,-621.5555139265637,-621.5555139265637,-621.5555139265637
411,frame_000411.png,412,1.6480000000000001,363.8691502192866,-649.7975123611484,0.0015266017270184951,0.08746783595554239,-0.002720289014203042,-0.15586107956963755,-617.1306706629941,-617.1306706629941,-617.1306706629941
412,frame_000412.png,413,1.6520000000000001,361.27921236340137,-645.1714155814782,0.0015157587317335217,0.08684657808843316,-0.0027012086282836995,-0.1547678539849784,-612.7373522719618,-612.7373522719618,-612.7373522719618
413,frame_000413.png,414,1.6560000000000001,358.7077129666804,-640.578282779031,0.001504991811329415,0.08622967899092454,-0.0026822515737697193,-0.15368169476932791,-608.3753334680116,-608.3753334680116,-608.3753334680116
414,frame_000414.png,415,1.6600000000000001,356.1545206445726,-636.0178782748583,0.0014943004732003965,0.08561711043878449,-0.0026634174907394603,-0.1526025813006951,-604.0443905918162,-604.0443905918162,-604.0443905918162
415,frame_000415.png,416,1.6640000000000001,353.61950495183913,-631.4899680918705,0.0014836842262160698,0.08500884429231409,-0.002644706001423813,-0.15153049193450438,-599.7443015982055,-599.7443015982055,-599.7443015982055
416,frame_000416.png,417,1.668,351.10253637577057,-626.9943199424065,0.001473142580791019,0.08440485250033529,-0.002626116711101613,-0.15046540405489892,-595.4748460442784,-595.4748460442784,-595.4748460442784
417,frame_000417.png,418,1.672,348.603486329454,-622.5307032158793,0.001462675048950894,0.08380510710397732,-0.0026076492089609567,-0.1494072941240905,-591.2358050775999,-591.2358050775999,-591.2358050775999
418,frame_000418.png,419,1.676,346.12222714508925,-618.0988889665023,0.0014522811443951167,0.08320958024026948,-0.002589303068927708,-0.14835613772982936,-587.0269614244764,-587.0269614244764,-587.0269614244764
419,frame_000419.png,420,1.68,343.65863206735406,-613.6986499010941,0.0014419603825563368,0.0826182441455477,-0.002571077850462246,-0.14731190963105448,-582.8480993783198,-582.8480993783198,-582.8480993783198
420,frame_000420.png,421,1.684,341.21257524681795,-609.329760366963,0.001431712280656761,0.08203107115868201,-0.002552973099325659,-0.14627458380179337,-578.69900478809,-578.69900478809,-578.69900478809
421,frame_000421.png,422,1.688,338.7839317334043,-604.9919963398727,0.0014215363577614768,0.08144803372413169,-0.0025349883483163924,-0.14524413347336876,-574.5794650468242,-574.5794650468242,-574.5794650468242
422,frame_000422.png,423,1.692,336.37257746990036,-600.6851354120872,0.0014114321348288872,0.08086910439483501,-0.00251712311797846,-0.14422053117497613,-570.4892690802469,-570.4892690802469,-570.4892690802469
423,frame_000423.png,424,1.696,333.97838928551516,-596.4089567804979,0.0014013991347583661,0.08029425583493968,-0.002499376917282167,-0.14320374877268643,-566.4282073354639,-566.4282073354639,-566.4282073354639
424,frame_000424.png,425,1.7,331.6012448894845,-592.1632412348307,0.0013914368824352451,0.07972346082238045,-0.0024817492442783776,-0.1421937575069326,-562.3960717697373,-562.3960717697373,-562.3960717697373
425,frame_000425.png,426,1.704,329.241022864723,-587.9477711459356,0.001381544904773234,0.07915669225130953,-0.0024642395867272224,-0.14119052802853205,-558.3926558393457,-558.3926558393457,-558.3926558393457
426,frame_000426.png,427,1.708,326.8976026615228,-583.7623304541562,0.0013717227307543751,0.07859392313438586,-0.0024468474227021856,-0.14019403043329817,-554.417754488524,-554.417754488524,-554.417754488524
427,frame_000427.png,428,1.712,324.57086459129897,-579.606704657782,0.0013619698914666299,0.07803512660492869,-0.0024295722211704345,-0.13920423429529089,-550.471164138487,-550.471164138487,-550.471164138487
428,frame_000428.png,429,1.716,322.26068982038026,-575.4806808015812,0.0013522859201391885,0.07748027591894059,-0.0024124134425502607,-0.13822110869875562,-546.5526826765331,-546.5526826765331,-546.5526826765331
429,frame_000429.png,430,1.72,319.9669603638463,-571.3840474654158,0.0013426703521755951,0.07692934445700549,-0.0023953705392464357,-0.13724462226879688,-542.662109445231,-542.662109445231,-542.662109445231
430,frame_000430.png,431,1.724,317.6895590794096,-567.3165947529375,0.0013331227251847735,0.07638230572606622,-0.002378442956164282,-0.13627474320083244,-538.7992452316862,-538.7992452316862,-538.7992452316862
431,frame_000431.png,432,1.728,315.42836966134297,-563.2781142803647,0.0013236425790100384,0.0758391333610868,-0.0023616301312032423,-0.13531143928887265,-534.9638922568884,-534.9638922568884,-534.9638922568884
432,frame_000432.png,433,1.732,313.18327663445154,-559.268399165342,0.0013142294557561705,0.07529980112660373,-0.0023449314957306577,-0.1343546779526661,-531.1558541651393,-531.1558541651393,-531.1558541651393
433,frame_000433.png,434,1.736,310.9541653480891,-555.2872440158792,0.0013048828998146363,0.07476428291817089,-0.002328346475036486,-0.13340442626375293,-527.3749360135619,-527.3749360135619,-527.3749360135619
434,frame_000434.png,435,1.74,308.7409219702186,-551.3344449193722,0.001295602457887024,0.07423255276370246,-0.0023118744887696513,-0.13246065097046586,-523.6209442616864,-523.6209442616864,-523.6209442616864
435,frame_000435.png,436,1.744,306.54343348151644,-547.4097994317037,0.0012863876790067711,0.07370458482471767,-0.0022955149513567237,-0.13152331852191873,-519.8936867611155,-519.8936867611155,-519.8936867611155
436,frame_000436.png,437,1.748,304.3615876695202,-543.5131065664251,0.0012772381145592507,0.0731803533974918,-0.0022792672724034776,-0.1305923950910142,-516.1929727452732,-516.1929727452732,-516.1929727452732
437,frame_000437.png,438,1.752,302.19527312281934,-539.6441667840178,0.0012681533183002836,0.07265983291411676,-0.0022631308570800843,-0.12966784659651354,-512.5186128192236,-512.5186128192236,-512.5186128192236
438,frame_000438.png,439,1.756,300.0443792252888,-535.802781981235,0.0012591328463731426,0.07214299794347534,-0.002247105106490429,-0.12874963872419698,-508.87041894957474,-508.87041894957474,-508.87041894957474
439,frame_000439.png,440,1.76,297.90879615036533,-531.9887554805223,0.0012501762573241093,0.07162982319213264,-0.002231189418026177,-0.12783773694715028,-505.248204454457,-505.248204454457,-505.248204454457
440,frame_000440.png,441,1.764,295.78841485536526,-528.2018920195181,0.0012412831121166445,0.0711202835051479,-0.002215383185706158,-0.12693210654520992,-501.65178399357694,-501.65178399357694,-501.65178399357694
441,frame_000441.png,442,1.768,293.68312707584494,-524.4419977406322,0.0012324529741442288,0.07061435386681028,-0.002199685800501611,-0.1260327126235983,-498.0809735583482,-498.0809735583482,-498.0809735583482
442,frame_000442.png,443,1.772,291.59282532000225,-520.7088801807033,0.00122368540924193,0.07011200940130154,-0.002184096650647763,-0.1251395201307758,-494.5355904621007,-494.5355904621007,-494.5355904621007
443,frame_000443.png,444,1.776,289.51740286311934,-517.002348260734,0.0012149799856967498,0.06961322537328889,-0.0021686151219423174,-0.12425249387554316,-491.01545333036086,-491.01545333036086,-491.01545333036086
444,frame_000444.png,445,1.78,287.4567537420465,-513.3222122757043,0.0012063362742568027,0.06911797718845097,-0.0021532405980312767,-0.12337159854341755,-487.52038209121054,-487.52038209121054,-487.52038209121054
445,frame_000445.png,446,1.784,285.4107727497261,-509.6682838844613,0.001197753848139375,0.06862624039393952,-0.0021379724606826055,-0.12249679871231263,-484.05019796571764,-484.05019796571764,-484.05019796571764
446,frame_000446.png,447,1.788,283.37935542975777,-506.04037609968657,0.0011892322830379136,0.0681379906787798,-0.0021228100900481705,-0.12162805886754641,-480.6047234584421,-480.6047234584421,-480.6047234584421
447,frame_000447.png,448,1.792,281.3623980710025,-502.43830327793916,0.0011807711571279883,0.0676532038742123,-0.002107752864914412,-0.12076534341620374,-477.183782348013,-477.183782348013,-477.183782348013
448,frame_000448.png,449,1.796,279.359797702227,-498.8618811097748,0.0011723700510722752,0.06717185595397814,-0.0020928001629421373,-0.11990861670087546,-473.78719967778125,-473.78719967778125,-473.78719967778125
449,frame_000449.png,450,1.8,277.3714520867876,-495.31092660994057,0.0011640285480245991,0.0666939230345508,-0.0020779513608958793,-0.11905784301279966,-470.4148017465418,-470.4148017465418,-470.4148017465418
450,frame_000450.png,451,1.804,275.3972597173524,-491.7852581076444,0.001155746233633081,0.06621938137531634,-0.00206320583486318,-0.11821298660442571,-467.0664160993292,-467.0664160993292,-467.0664160993292
451,frame_000451.png,452,1.808,273.4371198106634,-488.2846952368989,0.0011475226960424264,0.06574820737870465,-0.0020485629604642037,-0.1173740117014242,-463.74187151828346,-463.74187151828346,-463.74187151828346
452,frame_000452.png,453,1.812,271.4909323023357,-484.8090589269396,0.001139357525895394,0.06528037759027348,-0.002034022113052038,-0.11654088251416338,-460.4409980135856,-460.4409980135856,-460.4409980135856
453,frame_000453.png,454,1.816,269.5585978416964,-481.35817139271603,0.0011312503163334819,0.06481586869874781,-0.002019582667904014,-0.11571356324867095,-457.16362681446606,-457.16362681446606,-457.16362681446606
454,frame_000454.png,455,1.82,267.64001778666005,-477.93185612545636,0.001123200662996865,0.06435465753601627,-0.002005244000404403,-0.11489201811710183,-453.90959036028016,-453.90959036028016,-453.90959036028016
455,frame_000455.png,456,1.824,265.73509419864257,-474.529937883304,0.0011152081640236184,0.06389672107708659,-0.001991005486218857,-0.1140762113477329,-450.6787222916505,-450.6787222916505,-450.6787222916505
456,frame_000456.png,457,1.828,263.8437298375119,-471.15224268202667,0.001107272420048259,0.06344203644000213,-0.0019768665014608124,-0.11326610719449715,-447.4708574416841,-447.4708574416841,-447.4708574416841
457,frame_000457.png,458,1.832,261.96582815657626,-467.79859778579646,0.001099393034199637,0.06299058088572097,-0.0019628264228502583,-0.11246166994608049,-444.2858318272506,-444.2858318272506,-444.2858318272506
458,frame_000458.png,459,1.836,260.10129329760855,-464.4688316980409,0.0010915696120982062,0.06254233181795962,-0.0019488846278651105,-0.11166286393459486,-441.1234826403319,-441.1234826403319,-441.1234826403319
459,frame_000459.png,460,1.84,258.2500300859077,-461.1627741523648,0.0010838017618527052,0.06209726678300275,-0.0019350404948854777,-0.11086965354384404,-437.98364823943734,-437.98364823943734,-437.98364823943734
460,frame_000460.png,461,1.844,256.4119440253959,-457.8802561035413,0.0010760890940562718,0.061655363469480653,-0.001921293403331138,-0.11008200321720042,-434.86616814108334,-434.86616814108334,-434.86616814108334
461,frame_000461.png,462,1.848,254.58694129375164,-454.62110971857277,0.0010684312217820247,0.06121659970811605,-0.0019076427337924096,-0.1092998774651035,-431.7708830113427,-431.7708830113427,-431.7708830113427
462,frame_000462.png,463,1.852,252.77492873757885,-451.38516836782065,0.0010608277605781305,0.06078095347144145,-0.0018940878681547296,-0.10852324087219753,-428.6976346574561,-428.6976346574561,-428.6976346574561
463,frame_000463.png,464,1.856,250.9758138676108,-448.17226661620293,0.0010532783284623868,0.06034840287348881,-0.0018806281897171978,-0.10775205810412372,-425.6462660195068,-425.6462660195068,-425.6462660195068
464,frame_000464.png,465,1.86,249.18950485394947,-444.9822402144601,0.001045782545916342,0.059918926169452616,-0.0018672630833052508,-0.10698629391397592,-422.6166211621643,-422.6166211621643,-422.6166211621643
465,frame_000465.png,466,1.864,247.41591052133958,-441.81492609048786,0.0010383400358789758,0.05949250175532778,-0.0018539919353777628,-0.10622591314843707,-419.6085452664868,-419.6085452664868,-419.6085452664868
466,frame_000466.png,467,1.868,245.65494034447713,-438.67016234073674,0.0010309504237399627,0.05906910816752369,-0.0018408141341287661,-0.10547088075360733,-416.62188462178847,-416.62188462178847,-416.62188462178847
467,frame_000467.png,468,1.872,243.9065044433523,-435.5477882216779,0.0010236133373325372,0.05864872408245541,-0.0018277290695839863,-0.10472116178053517,-413.6564866175704,-413.6564866175704,-413.6564866175704
468,frame_000468.png,469,1.8760000000000001,242.1705135786263,-432.4476441413345,0.0010163284069259844,0.05823132831611341,-0.00181473613369243,-0.10397672139046495,-410.7121997355109,-410.7121997355109,-410.7121997355109
469,frame_000469.png,470,1.8800000000000001,240.44687914704187,-429.3695716508782,0.0010090952652177733,0.05781689982361287,-0.001801834720413196,-0.10323752485981082,-407.78887354151925,-407.78887354151925,-407.78887354151925
470,frame_000470.png,471,1.8840000000000001,238.73551317686753,-426.3134134362905,0.0010019135473253516,0.05740541769872352,-0.0017890242257976934,-0.10250353758486745,-404.88635867785047,-404.88635867785047,-404.88635867785047
471,frame_000471.png,472,1.8880000000000001,237.03632832337476,-423.27901331008775,0.0009947828907776214,0.05699686117338125,-0.0017763040480674743,-0.10177472508626959,-402.0045068552789,-402.0045068552789,-402.0045068552789
472,frame_000472.png,473,1.8920000000000001,235.34923786434837,-420.2662162031101,0.0009877029355061108,0.05659120961718229,-0.0017636735876878445,-0.1010510530132096,-399.14317084533263,-399.14317084533263,-399.14317084533263
473,frame_000473.png,474,1.8960000000000001,233.6741556956294,-417.2748681563731,0.0009806733238358603,0.05618844253686103,-0.0017511322474374094,-0.10033248714742213,-396.3022044725876,-396.3022044725876,-396.3022044725876
474,frame_000474.png,475,1.9000000000000001,232.01099632669067,-414.3048163129822,0.000973693700476038,0.0557885395757523,-0.0017386794324737347,-0.0996189934069462,-393.48146260702003,-393.48146260702003,-393.48146260702003
475,frame_000475.png,476,1.9040000000000001,230.35967487624447,-411.3559089101091,0.0009667637125103,0.055391480513239055,-0.0017263145503952672,-0.09891053784967307,-390.6808011564176,-390.6808011564176,-390.6808011564176
476,frame_000476.png,477,1.9080000000000001,228.7201070678822,-408.4279952710296,0.0009598830093869102,0.05499724526418634,-0.0017140370112996618,-0.09820708667668801,-387.9000770588491,-387.9000770588491,-387.9000770588491
477,frame_000477.png,478,1.9120000000000001,227.0922092257457,-405.5209257972221,0.0009530512429086334,0.05460581387836212,-0.0017018462278387061,-0.09750860623541738,-385.1391482751882,-385.1391482751882,-385.1391482751882
478,frame_000478.png,479,1.9160000000000001,225.4758982702302,-402.63455196052735,0.0009462680672224163,0.05421716653984613,-0.0016897416152698791,-0.09681506302258257,-382.39787378170104,-382.39787378170104,-382.39787378170104
479,frame_000479.png,480,1.92,223.8710917137184,-399.7687262953674,0.000939533138808867,0.05383128356642701,-0.0016777225915047998,-0.09612642368697609,-379.67611356268253,-379.67611356268253,-379.67611356268253
480,frame_000480.png,481,1.924,222.27770765634563,-396.9233023910245,0.0009328461164715481,0.05344814540898893,-0.0016657885771546317,-0.0954426550320629,-376.97372860315227,-376.97372860315227,-376.97372860315227
481,frame_000481.png,482,1.928,220.6956647817956,-394.0981348839787,0.0009262066613260937,0.053067732650887975,-0.0016539389955725504,-0.09476372401841368,-374.29058088160764,-374.29058088160764,-374.29058088160764
482,frame_000482.png,483,1.932,219.12488235312705,-391.29307945030405,0.0009196144367891617,0.05269002600731919,-0.001642173272893438,-0.09408959776597918,-371.6265333628287,-371.6265333628287,-371.6265333628287
483,frame_000483.png,484,1.936,217.56528020863018,-388.5079927981229,0.0009130691085672331,0.05231500632467481,-0.0016304908380709061,-0.09342024355621145,-368.9814499907386,-368.9814499907386,-368.9814499907386
484,frame_000484.png,485,1.94,216.0167787577137,-385.74273266011744,0.0009065703446452678,0.05194265457989432,-0.0016188911229117347,-0.09275562883403701,-366.35519568131997,-366.35519568131997,-366.35519568131997
485,frame_000485.png,486,1.944,214.47929897682124,-382.99715778609834,0.0009001178152752286,0.05157295187980686,-0.0016073735621078805,-0.09209572120969085,-363.7476363155811,-363.7476363155811,-363.7476363155811
486,frame_000486.png,487,1.948,212.95276240537777,-380.2711279356302,0.0008937111929644806,0.05120587946046665,-0.0015959375932661083,-0.0914404884604142,-361.15863873257945,-361.15863873257945,-361.15863873257945
487,frame_000487.png,488,1.952,211.43709114176508,-377.56450387071277,0.0008873501524640776,0.050841418686481774,-0.001584582656935367,-0.09078989853202295,-358.588070722496,-358.588070722496,-358.588070722496
488,frame_000488.png,489,1.956,209.93220783932662,-374.87714734851767,0.0008810343707569428,0.05047955105033702,-0.0015733081966320347,-0.09014391954035422,-356.0358010197598,-356.0358010197598,-356.0358010197598
489,frame_000489.png,490,1.96,208.4380357024012,-372.2089211141806,0.0008747635270459526,0.050120258171711125,-0.00156211365886305,-0.0895025197725916,-353.5016992962294,-353.5016992962294,-353.5016992962294
490,frame_000490.png,491,1.964,206.95449848238556,-369.559688893648,0.0008685373027419324,0.04976352179678899,-0.0015509984931471018,-0.08886566768847927,-350.98563615442026,-350.98563615442026,-350.98563615442026
491,frame_000491.png,492,1.968,205.48152047382513,-366.9293153865776,0.0008623553814515704,0.049409323797569175,-0.001539962152033911,-0.08823333192142672,-348.48748312078646,-348.48748312078646,-348.48748312078646
492,frame_000492.png,493,1.972,204.0190265105334,-364.3176662592936,0.0008562174489652592,0.049057646171167306,-0.0015290040911216819,-0.08760548127950872,-346.00711263905305,-346.00711263905305,-346.00711263905305
493,frame_000493.png,494,1.976,202.56694196173922,-361.72460813779395,0.0008501231932448701,0.048708471039115554,-0.0015181237690728498,-0.08698208474636751,-343.5443980635955,-343.5443980635955,-343.5443980635955
494,frame_000494.png,495,1.98,201.12519272826202,-359.1500086008113,0.0008440723044114682,0.04836178064665879,-0.001507320647628142,-0.08636311148201847,-341.09921365287266,-341.09921365287266,-341.09921365287266
495,frame_000495.png,496,1.984,199.69370523871453,-356.5937361729263,0.0008380644747329738,0.048017557362047616,-0.0014965941916190682,-0.08574853082356582,-338.6714345629059,-338.6714345629059,-338.6714345629059
496,frame_000496.png,497,1.988,198.27240644573322,-354.05566031773236,0.0008320993986117779,0.04767578367582882,-0.0014859438689788851,-0.08513831228583069,-336.26093684080934,-336.26093684080934,-336.26093684080934
497,frame_000497.png,498,1.992,196.86122382223564,-351.5356514310524,0.0008261767725723159,0.04733644220013337,-0.0014753691507521155,-0.08453242556189672,-333.8675974183668,-333.8675974183668,-333.8675974183668
498,frame_000498.png,499,1.996,195.46008535770514,-349.0335808342063,0.0008202962952486063,0.04699951566796242,-0.0014648695111026699,-0.08393084052357527,-331.49129410565877,-331.49129410565877,-331.49129410565877
499,frame_000499.png,500,2.0,194.06891955450206,-346.5493207673295,0.0008144576673717595,0.046664986932471675,-0.0014544444273206743,-0.08333352722179664,-329.13190558473343,-329.13190558473343,-329.13190558473343
500,frame_000500.png,501,2.004,192.68765542420192,-344.0827443827412,0.0008086605917574622,0.04633283896625423,-0.0014440933798279918,-0.08274045588692647,-326.78931140333043,-326.78931140333043,-326.78931140333043
501,frame_000501.png,502,2.008,191.31622248395973,-341.63372573836295,0.000802904773293441,0.046003054860622346,-0.0014338158521825756,-0.08215159692901508,-324.4633919686456,-324.4633919686456,-324.4633919686456
502,frame_000502.png,503,2.012,189.95455075290064,-339.2021397911861,0.0007971899189269127,0.04567561782488836,-0.0014236113310816443,-0.08156692093797953,-322.1540285411469,-322.1540285411469,-322.1540285411469
503,frame_000503.png,504,2.016,188.6025707485367,-336.78786239078863,0.0007915157376520218,0.045350511185644954,-0.0014134793063637738,-0.08098639868372333,-319.86110322843297,-319.86110322843297,-319.86110322843297
504,frame_000504.png,505,2.02,187.26021348320933,-334.39077027290045,0.0007858819404972745,0.04502771838604512,-0.0014034192710099297,-0.08041000111619566,-317.5844989791401,-317.5844989791401,-317.5844989791401
505,frame_000505.png,506,2.024,185.9274104605575,-332.01074105301666,0.0007802882405129676,0.04470722298508194,-0.0013934307211435103,-0.07983769936539387,-315.3240995768923,-315.3240995768923,-315.3240995768923
506,frame_000506.png,507,2.028,184.60409367201135,-329.64765322005877,0.0007747343527586217,0.04438900865686853,-0.0013835131560294344,-0.07926946474131114,-313.0797896342975,-313.0797896342975,-313.0797896342975
507,frame_000507.png,508,2.032,183.29019559331107,-327.3013861300832,0.0007692199942904183,0.044073059189918246,-0.0013736660780723105,-0.07870526873383163,-310.851454586989,-310.851454586989,-310.851454586989
508,frame_000508.png,509,2.036,181.98564918105083,-324.9718200000367,0.0007637448841486461,0.04375935848642543,-0.0013638889928137667,-0.0781450830125775,-308.6389806877082,-308.6389806877082,-308.6389806877082
509,frame_000509.png,510,2.04,180.69038786924764,-322.6588359015586,0.0007583087433451608,0.04344789056154687,-0.0013541814089289255,-0.07758887942670689,-306.4422550004358,-306.4422550004358,-306.4422550004358
510,frame_000510.png,511,2.044,179.40434556593488,-320.36231575482867,0.0007529112948508587,0.04313863954268411,-0.0013445428382221239,-0.07703663000466872,-304.26116539456166,-304.26116539456166,-304.26116539456166
511,frame_000511.png,512,2.048,178.1274566497803,-318.08214232246166,0.0007475522635831707,0.04283158966876695,-0.0013349727956218753,-0.07648830695391408,-302.09560053910093,-302.09560053910093,-302.09560053910093
512,frame_000512.png,513,2.052,176.8596559667285,-315.8181992034464,0.0007422313763935766,0.04252672528953798,-0.0013254707991751254,-0.07594388266056701,-299.94544989695214,-299.94544989695214,-299.94544989695214
513,frame_000513.png,514,2.056,175.60087882666733,-313.5703708271304,0.0007369483620551446,0.04222403086483873,-0.0013160363700408335,-0.07540332968905682,-297.8106037191975,-297.8106037191975,-297.8106037191975
514,frame_000514.png,515,2.06,174.35106100011856,-311.3385424472491,0.0007317029512500971,0.041923490963897185,-0.0013066690324829255,-0.0748666207817143,-295.6909530394447,-295.6909530394447,-295.6909530394447
515,frame_000515.png,516,2.064,173.11013871495206,-309.1226001359994,0.000726494876557406,0.041625090264617096,-0.0012973683138626242,-0.0743337288583323,-293.5863896682123,-293.5863896682123,-293.5863896682123
516,frame_000516.png,517,2.068,171.87804865312376,-306.92243077815715,0.0007213238724404203,0.04132881355286904,-0.001288133744630216,-0.07380462701569394,-291.4968061873544,-291.4968061873544,-291.4968061873544
517,frame_000517.png,518,2.072,170.65472794743695,-304.7379220652381,0.0007161896752345274,0.041034645721783516,-0.001278964858316276,-0.07327928852706991,-289.4220959445274,-289.4220959445274,-289.4220959445274
518,frame_000518.png,519,2.076,169.4401141783271,-302.5689624897022,0.0007110920231348501,0.04074257177104601,-0.0012698611915223585,-0.07275768684168506,-287.36215304769826,-287.36215304769826,-287.36215304769826
519,frame_000519.png,520,2.08,168.2341453706693,-300.415441339201,0.000706030656183983,0.040452576806194324,-0.0012608222839112203,-0.07223979558415816,-285.31687235969093,-285.31687235969093,-285.31687235969093
520,frame_000520.png,521,2.084,167.03675999060914,-298.277248690867,0.0007010053162597675,0.04016464603791818,-0.0012518476781965627,-0.07172558855391428,-283.28614949277573,-283.28614949277573,-283.28614949277573
521,frame_000521.png,522,2.088,165.84789694241613,-296.1542754056459,0.0006960157470631096,0.0398787647813612,-0.0012429369201323542,-0.07121503972457298,-281.26988080329545,-281.26988080329545,-281.26988080329545
522,frame_000522.png,523,2.092,164.66749556535947,-294.04641312266995,0.0006910616941058415,0.03959491845542543,-0.0012340895585017237,-0.07070812324331187,-279.2679633863338,-279.2679633863338,-279.2679633863338
523,frame_000523.png,524,2.096,163.49549563060677,-291.9535542536736,0.000686142904698627,0.03931309258207839,-0.0012253051451054672,-0.0702048134302082,-277.2802950704212,-277.2802950704212,-277.2802950704212
524,frame_000524.png,525,2.1,162.3318373381445,-289.8755919774495,0.0006812591279389157,0.039033272785662855,-0.0012165832347502048,-0.06970508477756021,-275.30677441227874,-275.30677441227874,-275.30677441227874
525,frame_000525.png,526,2.104,161.17646131372092,-287.812420234346,0.000676410114698943,0.03875544479220936,-0.0012079233852361581,-0.06920891194918692,-273.3473006916039,-273.3473006916039,-273.3473006916039
526,frame_000526.png,527,2.108,160.02930860581063,-285.7639337208048,0.0006715956176137813,0.03847959442875156,-0.0011993251573446347,-0.06871626977971096,-271.40177390588997,-271.40177390588997,-271.40177390588997
527,frame_000527.png,528,2.112,158.89032068260116,-283.7300278839388,0.0006668153910694417,0.03820570762264449,-0.0011907881148251853,-0.06822713327382278,-269.4700947652873,-269.4700947652873,-269.4700947652873
528,frame_000528.png,529,2.116,157.75943942900096,-281.71059891615005,0.0006620691911910263,0.03793377040088579,-0.0011823118243824808,-0.06774147760552873,-267.5521646874997,-267.5521646874997,-267.5521646874997
529,frame_000529.png,530,2.12,156.6366071436691,-279.70554374978684,0.0006573567758309354,0.03766376888943996,-0.0011738958556629276,-0.0672592781173842,-265.64788579271885,-265.64788579271885,-265.64788579271885
530,frame_000530.png,531,2.124,155.52176653606585,-277.7147600518404,0.0006526779045571275,0.03739568931256577,-0.0011655397812410106,-0.06678051031971115,-263.7571608985967,-263.7571608985967,-263.7571608985967
531,frame_000531.png,532,2.128,154.4148607235248,-275.73814621868024,0.0006480323386414345,0.037129517992146734,-0.0011572431766054235,-0.06630514988980334,-261.87989351525243,-261.87989351525243,-261.87989351525243
532,frame_000532.png,533,2.132,153.3158332283458,-273.7756013708282,0.0006434198410479338,0.03686524134702489,-0.0011490056201449576,-0.0658331726711179,-260.0159878403184,-260.0159878403184,-260.0159878403184
533,frame_000533.png,534,2.136,152.2246279749086,-271.82702534777087,0.0006388401764213754,0.03660284589233774,-0.0011408266931342069,-0.06536455467245635,-258.16534875401965,-258.16534875401965,-258.16534875401965
534,frame_000534.png,535,2.14,151.14118928680745,-269.8923187028097,0.0006342931110756689,0.03634231823885856,-0.0011327059797190642,-0.0648992720671334,-256.3278818142916,-256.3278818142916,-256.3278818142916
535,frame_000535.png,536,2.144,150.06546188400594,-267.97138269794914,0.0006297784129824267,0.03608364509234002,-0.0011246430669020525,-0.0644373011921367,-254.50349325193145,-254.50349325193145,-254.50349325193145
536,frame_000536.png,537,2.148,148.9973908800124,-266.06411929882205,0.0006252958517595676,0.035826813252861196,-0.001116637544527488,-0.0639786185472766,-252.69208996578618,-252.69208996578618,-252.69208996578618
537,frame_000537.png,538,2.152,147.93692177907545,-264.170431169652,0.0006208451986599796,0.03557180961417798,-0.0011086890052664931,-0.06352320079432755,-250.8935795179749,-250.8935795179749,-250.8935795179749
538,frame_000538.png,539,2.156,146.88400047339962,-262.29022166825257,0.0006164262265602429,0.035318621163077005,-0.0011007970446018742,-0.06307102475616164,-249.1078701291458,-249.1078701291458,-249.1078701291458
539,frame_000539.png,540,2.16,145.83857324038098,-260.4233948410634,0.0006120387099494135,0.03506723497873294,-0.001092961260812864,-0.06262206741587432,-247.33487067376848,-247.33487067376848,-247.33487067376848
540,frame_000540.png,541,2.164,144.8005867398624,-258.56985541822166,0.0006076824249178682,0.034817638232069376,-0.0010851812549597596,-0.06217630591590436,-245.5744906754593,-245.5744906754593,-245.5744906754593
541,frame_000541.png,542,2.168,143.76998801140863,-256.7295088086705,0.0006033571491462118,0.03456981818512327,-0.0010774566308684437,-0.06173371755714688,-243.82664030234162,-243.82664030234162,-243.82664030234162
542,frame_000542.png,543,2.172,142.7467244716007,-254.90226109530232,0.0005990626618942453,0.03432376219041286,-0.0010697869951148183,-0.061294279798061506,-242.09123036243926,-242.09123036243926,-242.09123036243926
543,frame_000543.png,544,2.176,141.7307439113498,-253.08801903013776,0.0005947987439899973,0.034079457690309185,-0.001062171957009148,-0.0608579702537753,-240.36817229910355,-240.36817229910355,-240.36817229910355
544,frame_000544.png,545,2.18,140.72199449323045,-251.28669002953984,0.0005905651778188184,0.03383689221641128,-0.001054611128580331,-0.06042476669518156,-238.65737818647318,-238.65737818647318,-238.65737818647318
545,frame_000545.png,546,2.184,139.72042474883247,-249.4981821694628,0.0005863617473125376,0.033596053388924844,-0.0010471041245600974,-0.05999464704803443,-236.95876072496776,-236.95876072496776,-236.95876072496776
546,frame_000546.png,547,2.188,138.72598357613208,-247.72240418073562,0.0005821882379386831,0.03335692891604469,-0.0010396505623671524,-0.05956758939204041,-235.272233236813,-235.272233236813,-235.272233236813
547,frame_000547.png,548,2.192,137.73862023688184,-245.95926544437955,0.0005780444366897663,0.033119506593340724,-0.0010322500620912674,-0.059143571959946795,-233.5977096615992,-233.5977096615992,-233.5977096615992
548,frame_000548.png,549,2.196,136.75828435401917,-244.20867598696006,0.000573930132072629,0.032883774303147574,-0.001024902246477323,-0.05872257313662745,-231.9351045518714,-231.9351045518714,-231.9351045518714
549,frame_000549.png,550,2.2,135.7849259090933,-242.47054647597227,0.0005698451140978558,0.03264972001395798,-0.00101760674090932,-0.058304571458166685,-230.28433306875166,-230.28433306875166,-230.28433306875166
550,frame_000550.png,551,2.204,134.81849523971084,-240.7447882152599,0.0005657891742692484,0.032417331779819765,-0.0010103631733943644,-0.057889545610941666,-228.64531097759243,-228.64531097759243,-228.64531097759243
551,frame_000551.png,552,2.208,133.8589430369994,-239.03131314046755,0.0005617621055733664,0.03218659773973648,-0.0010031711745466206,-0.057477474430702995,-227.0179546436625,-227.0179546436625,-227.0179546436625
552,frame_000552.png,553,2.212,132.90622034308942,-237.330033814526,0.0005577637024691307,0.03195750611707176,-0.0009960303775712485,-0.057068336901654394,-225.40218102786338,-225.40218102786338,-225.40218102786338
553,frame_000553.png,554,2.216,131.96027854861404,-235.64086342317,0.0005537937608774916,0.03173004521895739,-0.0009889404182483407,-0.056662112155532345,-223.79790768247608,-223.79790768247608,-223.79790768247608
554,frame_000554.png,555,2.22,131.02106939022673,-233.96371577048882,0.0005498520781711611,0.03150420343570495,-0.000981900934916848,-0.05625877947068511,-222.2050527469396,-222.2050527469396,-222.2050527469396
555,frame_000555.png,556,2.224,130.08854494813676,-232.29850527450893,0.0005459384531644106,0.031279969240221285,-0.0009749115684584924,-0.05585831827115104,-220.6235349436604,-220.6235349436604,-220.6235349436604
556,frame_000556.png,557,2.228,129.16265764366213,-230.6451469628085,0.0005420526861029301,0.031057331187427508,-0.0009679719622817131,-0.05546070812573867,-219.0532735738496,-219.0532735738496,-219.0532735738496
557,frame_000557.png,558,2.232,128.24336023680019,-229.00355646816388,0.0005381945786537555,0.03083627791368182,-0.0009610817623055982,-0.05506592874710615,-217.49418851339328,-217.49418851339328,-217.49418851339328
558,frame_000558.png,559,2.236,127.3306058238154,-227.37365002422746,0.0005343639338952566,0.030616798136205922,-0.0009542406169438506,-0.05467395999084251,-215.94620020875004,-215.94620020875004,-215.94620020875004
559,frame_000559.png,560,2.24,126.42434783484448,-225.75534446123677,0.0005305605563071914,0.03039888065251514,-0.0009474481770887519,-0.0542847818545489,-214.40922967288066,-214.40922967288066,-214.40922967288066
560,frame_000560.png,561,2.244,125.5245400315185,-224.1485572017546,0.0005267842517608235,0.030182514339852192,-0.0009407040960951757,-0.05389837447692259,-212.88319848120398,-212.88319848120398,-212.88319848120398
561,frame_000561.png,562,2.248,124.63113650460211,-222.55320625644,0.000523034827509104,0.029967688154624667,-0.0009340080297646063,-0.05351471813684131,-211.3680287675851,-211.3680287675851,-211.3680287675851
562,frame_000562.png,563,2.2520000000000002,123.74409167164954,-220.9692102198496,0.0005193120921769163,0.02975439113184608,-0.0009273596363292029,-0.05313379325245021,-209.86364322035013,-209.86364322035013,-209.86364322035013
563,frame_000563.png,564,2.2560000000000002,122.8633602746773,-219.39648826626956,0.0005156158557513862,0.029542612384580683,-0.0009207585764358924,-0.05275558038025045,-208.3699650783309,-208.3699650783309,-208.3699650783309
564,frame_000564.png,565,2.2600000000000002,121.9888973778536,-217.83496014557733,0.0005119459295722534,0.0293323411033918,-0.0009142045131305006,-0.052380060214189936,-206.88691812693787,-206.88691812693787,-206.88691812693787
565,frame_000565.png,566,2.2640000000000002,121.12065836520418,-216.28454617913346,0.0005083021263223085,0.029123566555793904,-0.0009076971118419288,-0.052007213584756774,-205.41442669426084,-205.41442669426084,-205.41442669426084
566,frame_000566.png,567,2.2680000000000002,120.25859893833452,-214.7451672557028,0.0005046842600178918,0.028916278085708236,-0.000901236040366381,-0.05163702145807552,-203.95241564719777,-203.95241564719777,-203.95241564719777
567,frame_000567.png,568,2.2720000000000002,119.4026751141683,-213.21674482740548,0.0005010921459994558,0.028710465112922075,-0.0008948209688516144,-0.0512694649350048,-202.50081038761323,-202.50081038761323,-202.50081038761323
568,frame_000568.png,569,2.2760000000000002,118.5528432227021,-211.6992009056967,0.00049752560092219,0.028506117132551585,-0.0008884515697812767,-0.050904525250239904,-201.0595368485208,-201.0595368485208,-201.0595368485208
569,frame_000569.png,570,2.2800000000000002,117.70905990477596,-210.19245805737575,0.000493984442746709,0.028303223714508278,-0.0008821275179592624,-0.05054218377141646,-199.6285214902971,-199.6285214902971,-199.6285214902971
570,frame_000570.png,571,2.2840000000000003,116.87128210985996,-208.69643940062363,0.0004904684907298023,0.028101774502969013,-0.0008758484904941437,-0.050182421998218436,-198.20769129691996,-198.20769129691996,-198.20769129691996
571,frame_000571.png,572,2.2880000000000003,116.03946709385659,-207.21106860106931,0.00048697756541524667,0.027901759215849597,-0.0008696141667836568,-0.0498252215614892,-196.79697377223476,-196.79697377223476,-196.79697377223476
572,frame_000572.png,573,2.2920000000000003,115.21357241691868,-205.73626986788426,0.00048351148862468086,0.027703167644281927,-0.0008634242284992398,-0.04947056422234566,-195.39629693624806,-195.39629693624806,-195.39629693624806
573,frame_000573.png,574,2.2960000000000003,114.3935559412831,-204.27196794990496,0.00048007008344854113,0.027505989652094644,-0.0008572783595706479,-0.049118431871296754,-194.00558932144634,-194.00558932144634,-194.00558932144634
574,frame_000574.png,575,2.3000000000000003,113.57937582911973,-202.8180881317836,0.0004766531742370586,0.02731021517529732,-0.0008511762461706114,-0.048768806527364435,-192.6247799691434,-192.6247799691434,-192.6247799691434
575,frame_000575.png,576,2.3040000000000003,112.77099054039581,-201.37455623016626,0.00047326058659131825,0.027115834221568175,-0.0008451175766995818,-0.04842167033720968,-191.2537984258513,-191.2537984258513,-191.2537984258513
576,frame_000576.png,577,2.308,111.96835883075568,-199.9412985898986,0.00046989214735437807,0.026922836869745236,-0.0008391020417705224,-0.04807700557426104,-189.8925747396804,-189.8925747396804,-189.8925747396804
577,frame_000577.png,578,2.312,111.17143974941536,-198.5182420802589,0.00046654768460244943,0.026731213269321014,-0.0008331293341937833,-0.047734794637848084,-188.5410394567624,-188.5410394567624,-188.5410394567624
578,frame_000578.png,579,2.316,110.38019263707241,-197.10531409121796,0.00046322702763613776,0.02654095363994064,-0.0008271991489620516,-0.047395020052339046,-187.19912361769997,-187.19912361769997,-187.19912361769997
579,frame_000579.png,580,2.32,109.59457712383052,-195.7024425297263,0.00045993000697174295,0.0263520482709034,-0.0008213111832353501,-0.047057664466281374,-185.86675875404353,-185.86675875404353,-185.86675875404353
580,frame_000580.png,581,2.324,108.814553127139,-194.3095558160276,0.00045665645433262003,0.026164487520667745,-0.0008154651363261303,-0.04672271065154758,-184.54387688479062,-184.54387688479062,-184.54387688479062
581,frame_000581.png,582,2.328,108.04008084974696,-192.9265828799988,0.0004534062026405989,0.02597826181635968,-0.0008096607096844294,-0.04639014150248483,-183.23041051291221,-183.23041051291221,-183.23041051291221
582,frame_000582.png,583,2.332,107.27112077767192,-191.5534531575165,0.00045017908600746383,0.025793361653284573,-0.0008038976068831068,-0.04605994003506902,-181.92629262190303,-181.92629262190303,-181.92629262190303
583,frame_000583.png,584,2.336,106.50763367818318,-190.19009658684945,0.00044697493972649133,0.025609777594442308,-0.0007981755336031522,-0.04573208938606304,-180.63145667235722,-180.63145667235722,-180.63145667235722
584,frame_000584.png,585,2.34,105.74958059779932,-188.8364436050769,0.00044379360026404685,0.02542750027004582,-0.0007924941976190737,-0.04540657281217954,-179.34583659856798,-179.34583659856798,-179.34583659856798
585,frame_000585.png,586,2.344,104.9969228603001,-187.49242514453258,0.00044063490525124,0.025246520377042968,-0.0007868533087843656,-0.04508337368924829,-178.06936680515184,-178.06936680515184,-178.06936680515184
586,frame_000586.png,587,2.348,104.24962206475249,-186.15797262927424,0.00043749869347563714,0.025066828678641694,-0.0007812525790170552,-0.04476247551138812,-176.80198216369683,-176.80198216369683,-176.80198216369683
587,frame_000587.png,588,2.352,103.50764008355078,-184.83301797157864,0.0004343848048730324,0.02488841600383855,-0.0007756917222853179,-0.044443861890182665,-175.54361800943582,-175.54361800943582,-175.54361800943582
588,frame_000588.png,589,2.356,102.77093906047071,-183.51749356846153,0.00043129308051927535,0.024711273246950462,-0.0007701704545931902,-0.0441275165538618,-174.2942101379415,-174.2942101379415,-174.2942101379415
589,frame_000589.png,590,2.36,102.03948140873733,-182.21133229822257,0.0004282233626221563,0.024535391367149766,-0.0007646884939663482,-0.04381342334648687,-173.0536948018473,-173.0536948018473,-173.0536948018473
590,frame_000590.png,591,2.364,101.31322980910686,-180.91446751701514,0.00042517549451334766,0.02436076138800251,-0.0007592455604379768,-0.043501566227140936,-171.82200870759027,-171.82200870759027,-171.82200870759027
591,frame_000591.png,592,2.368,100.59214720796194,-179.62683305544056,0.0004221493206404023,0.02418737439700998,-0.0007538413760347184,-0.04319192926912381,-170.59908901217767,-170.59908901217767,-170.59908901217767
592,frame_000592.png,593,2.372,99.87619681542073,-178.3483632151669,0.00041914468655880746,0.024015221545153433,-0.0007484756647626997,-0.04288449665915136,-169.38487331997726,-169.38487331997726,-169.38487331997726
593,frame_000593.png,594,2.376,99.16534210345924,-177.0789927655719,0.00041616143892409473,0.02384429404644201,-0.0007431481525936468,-0.042579252696560044,-168.1792996795296,-168.1792996795296,-168.1792996795296
594,frame_000594.png,595,2.38,98.45954680404728,-175.81865694041,0.0004131994254840053,0.023674583177463855,-0.0007378585674510773,-0.04227618179251571,-166.98230658038415,-166.98230658038415,-166.98230658038415
595,frame_000595.png,596,2.384,97.75877490729745,-174.56729143450306,0.00041025849507070995,0.02350608027694037,-0.0007326066391965852,-0.0419752684692278,-165.79383294995665,-165.79383294995665,-165.79383294995665
596,frame_000596.png,597,2.388,97.06299065962753,-173.32483240045516,0.00040733849759308434,0.023338776745283576,-0.0007273920996161938,-0.04167649735916745,-164.61381815041108,-164.61381815041108,-164.61381815041108
597,frame_000597.png,598,2.392,96.37215856193585,-172.09121644539047,0.00040443928402903833,0.023172664044156657,-0.0007222146824068102,-0.04137985320429137,-163.44220197556126,-163.44220197556126,-163.44220197556126
598,frame_000598.png,599,2.396,95.68624336778963,-170.8663806277148,0.00040156070641789924,0.023007733696037536,-0.0007170741231627472,-0.0410853208552696,-162.27892464779723,-162.27892464779723,-162.27892464779723
599,frame_000599.png,600,2.4,95.0052100816264,-169.65026245390013,0.00039870261785284903,0.02284397728378556,-0.0007119701593623445,-0.040792885270718976,-161.1239268150312,-161.1239268150312,-161.1239268150312
600,frame_000600.png,601,2.404,94.32902395696802,-168.4427998752923,0.0003958648724734151,0.02268138645021124,-0.000706902530354657,-0.04050253151644041,-159.9771495476678,-159.9771495476678,-159.9771495476678
601,frame_000601.png,602,2.408,93.65765049464754,-167.24393128494148,0.0003930473254580133,0.022519952897649038,-0.0007018709773462442,-0.04021424476466201,-158.83853433559335,-158.83853433559335,-158.83853433559335
602,frame_000602.png,603,2.412,92.99105544104876,-166.05359551445522,0.00039024983301654475,0.022359668387533144,-0.0006968752433880307,-0.03992801029328619,-157.70802308518898,-157.70802308518898,-157.70802308518898
603,frame_000603.png,604,2.416,92.3292047863581,-164.8717318308742,0.0003874722523830442,0.022200524739976288,-0.0006919150733622561,-0.03964381348514201,-156.5855581163637,-156.5855581163637,-156.5855581163637
604,frame_000604.png,605,2.42,91.67206476282921,-163.69827993357015,0.00038471444180838065,0.02204251383335152,-0.0006869902139695124,-0.03936163982724243,-155.47108215960884,-155.47108215960884,-155.47108215960884
605,frame_000605.png,606,2.424,91.01960184305973,-162.533179951166,0.00038197626055300996,0.021885627603876943,-0.0006821004137158563,-0.03908147491004594,-154.3645383530743,-154.3645383530743,-154.3645383530743
606,frame_000606.png,607,2.428,90.37178273828044,-161.37637243847823,0.0003792575688797782,0.021729858045203405,-0.0006772454229000146,-0.03880330442672343,-153.26587023966454,-153.26587023966454,-153.26587023966454
607,frame_000607.png,608,2.432,89.72857439665653,-160.22779837348068,0.00037655822804677686,0.0215751972080051,-0.0006724249936006677,-0.03852711417242965,-152.17502176415638,-152.17502176415638,-152.17502176415638
608,frame_000608.png,609,2.436,89.08994400160098,-159.08739915429058,0.0003738781003002479,0.02142163719957308,-0.0006676388796638179,-0.038252890043579416,-151.09193727033664,-151.09193727033664,-151.09193727033664
609,frame_000609.png,610,2.44,88.45585897010005,-157.95511659617563,0.0003712170488675398,0.021269170183411668,-0.0006628868366902437,-0.037980618037128815,-150.01656149816057,-150.01656149816057,-150.01656149816057
610,frame_000610.png,611,2.444,87.82628695105055,-156.83089292858278,0.0003685749379501133,0.02111778837883769,-0.0006581686220230343,-0.03771028424986099,-148.94883958093044,-148.94883958093044,-148.94883958093044
611,frame_000611.png,612,2.448,87.20119582360901,-155.7146707921882,0.00036595163271659683,0.020967484060582617,-0.0006534839947352076,-0.0374418748776767,-147.88871704249448,-147.88871704249448,-147.88871704249448
612,frame_000612.png,613,2.452,86.5805536955527,-154.60639323596817,0.0003633469992958916,0.02081824955839748,-0.0006488327156174118,-0.03717537621488967,-146.8361397944655,-146.8361397944655,-146.8361397944655
613,frame_000613.png,614,2.456,85.96432890165217,-153.5060037142911,0.0003607609047703254,0.020670077256660653,-0.0006442145471657104,-0.03691077465352671,-145.79105413345962,-145.79105413345962,-145.79105413345962
614,frame_000614.png,615,2.46,85.35249000205552,-152.4134460840302,0.0003581932171688551,0.020522959593988335,-0.0006396292535694474,-0.036648056682632484,-144.75340673835456,-144.75340673835456,-144.75340673835456
615,frame_000615.png,616,2.464,84.74500578068407,-151.32866460169677,0.0003556438054603178,0.020376889062847913,-0.0006350766006992005,-0.036387208887579216,-143.72314466756734,-143.72314466756734,-143.72314466756734
616,frame_000616.png,617,2.468,84.1418452436395,-150.25160392059405,0.0003531125395467298,0.020231858209173992,-0.0006305563560948034,-0.036128217949380474,-142.70021535635237,-142.70021535635237,-142.70021535635237
617,frame_000617.png,618,2.472,83.54297761762233,-149.18220908799128,0.0003505992902566333,0.020087859631987212,-0.0006260682889534661,-0.03587107064401051,-141.684566614117,-141.684566614117,-141.684566614117
618,frame_000618.png,619,2.476,82.9483723483617,-148.12042554231803,0.00034810392933849044,0.019944885983015737,-0.000621612170117963,-0.03561575384172743,-140.67614662175816,-140.67614662175816,-140.67614662175816
619,frame_000619.png,620,2.48,82.35799909905631,-147.06619911037856,0.0003456263294541247,0.01980292996631948,-0.0006171877720649104,-0.03536225450640162,-139.67490392901664,-139.67490392901664,-139.67490392901664
620,frame_000620.png,621,2.484,81.77182774882638,-146.019476004586,0.0003431663641722086,0.01966198433791698,-0.0006127948688931172,-0.035110559694848234,-138.6807874518512,-138.6807874518512,-138.6807874518512
621,frame_000621.png,622,2.488,81.18982839117677,-144.9802028202164,0.0003407239079617983,0.019522041905414952,-0.0006084332363120213,-0.03486065655616469,-137.69374646983056,-137.69374646983056,-137.69374646983056
622,frame_000622.png,623,2.492,80.61197133247097,-143.94832653268207,0.00033829883618591386,0.019383095527640476,-0.0006041026516302074,-0.03461253233107275,-136.7137306235444,-136.7137306235444,-136.7137306235444
623,frame_000623.png,624,2.496,80.03822709041596,-142.9237944948249,0.0003358910250951655,0.019245138114275803,-0.0005998028937439978,-0.03436617435126484,-135.74068991203308,-135.74068991203308,-135.74068991203308
624,frame_000624.png,625,2.5,79.46856639255786,-141.90655443422847,0.0003335003518214252,0.01910816262549576,-0.0005955337431261294,-0.034121570038755315,-134.7745746902351,-134.7745746902351,-134.7745746902351
625,frame_000625.png,626,2.504,78.9029601747883,-140.89655445054973,0.00033112669437154393,0.01897216207160778,-0.0005912949818145005,-0.033878706905235645,-133.81533566645368,-133.81533566645368,-133.81533566645368
626,frame_000626.png,627,2.508,78.34137957986147,-139.89374301286946,0.00032876993162111296,0.01883712951269444,-0.0005870863934010047,-0.03363757255143467,-132.86292389984015,-132.86292389984015,-132.86292389984015
627,frame_000627.png,628,2.512,77.7837959559216,-138.8980689570618,0.0003264299433082701,0.018703058058258604,-0.0005829077630204408,-0.033398154666483215,-131.91729079789621,-131.91729079789621,-131.91729079789621
628,frame_000628.png,629,2.516,77.23018085504111,-137.9094814831825,0.00032410661002755023,0.018569940866871075,-0.0005787588773394957,-0.03316044102728281,-130.97838811399396,-130.97838811399396,-130.97838811399396
629,frame_000629.png,630,2.52,76.680506031769,-136.92793015287572,0.0003217998132237796,0.01843777114582075,-0.0005746395245458059,-0.03292441949787896,-130.0461679449134,-130.0461679449134,-130.0461679449134
630,frame_000630.png,631,2.524,76.13474344168965,-135.95336488679945,0.0003195094351860138,0.018306542150767314,-0.0005705494943371033,-0.03269007802883928,-129.12058272839693,-129.12058272839693,-129.12058272839693
631,frame_000631.png,632,2.528,75.59286523999191,-134.98573596206924,0.0003172353590415187,0.01817624718539636,-0.0005664885779104266,-0.03245740465663536,-128.20158524072252,-128.20158524072252,-128.20158524072252
632,frame_000632.png,633,2.532,75.05484378004833,-134.02499400972016,0.00031497746874979503,0.018046879601077034,-0.0005624565679514155,-0.03222638750302931,-127.28912859429317,-127.28912859429317,-127.28912859429317
633,frame_000633.png,634,2.536,74.52065161200451,-133.0710900121869,0.00031273564909664484,0.017918432796522044,-0.0005584532586236777,-0.03199701477446457,-126.38316623524395,-126.38316623524395,-126.38316623524395
634,frame_000634.png,635,2.54,73.99026148137854,-132.1239753008017,0.00031050978568828103,0.017790900217450195,-0.000554478445558232,-0.03176927476146108,-125.48365194106606,-125.48365194106606,-125.48365194106606
635,frame_000635.png,636,2.544,73.46364632767032,-131.18360155331044,0.00030829976494547854,0.017664275356251244,-0.0005505319258430219,-0.03154315583801437,-124.59053981824803,-124.59053981824803,-124.59053981824803
636,frame_000636.png,637,2.548,72.94077928298088,-130.24992079140603,0.00030610547409776743,0.017538551751653215,-0.000546613498012512,-0.03131864646099955,-123.70378429993298,-123.70378429993298,-123.70378429993298
637,frame_000637.png,638,2.552,72.42163367064151,-129.32288537827972,0.0003039268011776677,0.01741372298839206,-0.0005427229620373517,-0.03109573516957905,-122.8233401435935,-122.8233401435935,-122.8233401435935
638,frame_000638.png,639,2.556,71.90618300385258,-128.4024480161897,0.0003017636350149648,0.017289782696883672,-0.0005388601193141088,-0.03087441058461441,-121.94916242872296,-121.94916242872296,-121.94916242872296
639,frame_000639.png,640,2.56,71.39440098433211,-127.48856174404712,0.0002996158652310264,0.017166724552898277,-0.000535024772655085,-0.030654661408082748,-121.0812065545424,-121.0812065545424,-121.0812065545424
640,frame_000640.png,641,2.564,70.88626150097397,-126.5811799350192,0.0002974833822331598,0.017044542277237115,-0.0005312167262781994,-0.030436476422497118,-120.21942823772474,-120.21942823772474,-120.21942823772474
641,frame_000641.png,642,2.568,70.38173862851563,-125.68025629414959,0.0002953660772090095,0.016923229635411458,-0.0005274357857969418,-0.030219844490330893,-119.36378351013491,-119.36378351013491,-119.36378351013491
642,frame_000642.png,643,2.572,69.88080662621535,-124.7857448559956,0.00029326384212099483,0.016802780437323906,-0.0005236817582104005,-0.030004754553446398,-118.51422871658588,-118.51422871658588,-118.51422871658588
643,frame_000643.png,644,2.576,69.38343993653879,-123.89759998228224,0.0002911765697007873,0.016683188536951957,-0.0005199544518933613,-0.029791195632527596,-117.67072051261084,-117.67072051261084,-117.67072051261084
644,frame_000644.png,645,2.58,68.88961318385508,-123.0157763595731,0.0002891041534438276,0.01656444783203387,-0.0005162536765864731,-0.029579156826516673,-116.83321586225145,-116.83321586225145,-116.83321586225145
645,frame_000645.png,646,2.584,68.39930117314202,-122.14022899695766,0.0002870464876038817,0.016446552263756724,-0.0005125792433864878,-0.029368627312054765,-116.00167203586145,-116.00167203586145,-116.00167203586145
646,frame_000646.png,647,2.588,67.91247888870059,-121.2709132237553,0.00028500346718763556,0.01632949581644676,-0.0005089309647365682,-0.029159596342926686,-115.17604660792614,-115.17604660792614,-115.17604660792614
647,frame_000647.png,648,2.592,67.42912149287861,-120.40778468723546,0.00028297498794932913,0.01621327251726189,-0.0005053086544166672,-0.02895205324950968,-114.35629745489729,-114.35629745489729,-114.35629745489729
648,frame_000648.png,649,2.596,66.94920432480343,-119.5507993503542,0.0002809609463854279,0.01609787643588642,-0.0005017121275339708,-0.028745987438225828,-113.54238275304385,-113.54238275304385,-113.54238275304385
649,frame_000649.png,650,2.6,66.47270289912372,-118.6999134895068,0.0002789612397293331,0.01598330168422797,-0.0004981412005134143,-0.028541388390998713,-112.73426097631739,-112.73426097631739,-112.73426097631739
650,frame_000650.png,651,2.604,65.9995929047601,-117.85508369229646,0.0002769757659461297,0.015869542416116544,-0.0004945956910882637,-0.02833824566471373,-111.93189089423316,-111.93189089423316,-111.93189089423316
651,frame_000651.png,652,2.608,65.52985020366486,-117.0162668553188,0.00027500442372737163,0.01575659282700575,-0.0004910754182907653,-0.028136548890682362,-111.13523156976618,-111.13523156976618,-111.13523156976618
652,frame_000652.png,653,2.612,65.0634508295903,-116.18342018196222,0.0002730471124859044,0.015644447153676164,-0.00048758020244286373,-0.027936287774110363,-110.34424235726198,-110.34424235726198,-110.34424235726198
653,frame_000653.png,654,2.616,64.60037098686593,-115.3565011802239,0.0002711037323507247,0.015533099673940804,-0.00048410986514698507,-0.027737452093569672,-109.55888290036273,-109.55888290036273,-109.55888290036273
654,frame_000654.png,655,2.62,64.1405870491844,-114.53546766054139,0.00026917418416187695,0.015422544706352717,-0.00048066422927688334,-0.027540031700473956,-108.77911312994809,-108.77911312994809,-108.77911312994809
655,frame_000655.png,656,2.624,63.68407555839604,-113.72027773363963,0.00026725836946538606,0.015312776609914652,-0.00047724311896855557,-0.027344016518558077,-108.00489326209026,-108.00489326209026,-108.00489326209026
656,frame_000656.png,657,2.628,63.230813223311976,-112.91088980839332,0.0002653561905082265,0.015203789783790814,-0.0004738463596112238,-0.027149396543361397,-107.23618379602391,-107.23618379602391,-107.23618379602391
657,frame_000657.png,658,2.632,62.78077691851578,-112.10726258970446,0.0002634675502333273,0.015095578667020663,-0.0004704737778383788,-0.026956161841714628,-106.4729455121306,-106.4729455121306,-106.4729455121306
658,frame_000658.png,659,2.636,62.33394368318358,-111.30935507639515,0.0002615923522746128,0.014988137738234774,-0.00046712520151888446,-0.026764302551230152,-105.71513946993781,-105.71513946993781,-105.71513946993781
659,frame_000659.png,660,2.64,61.89029071991256,-110.51712655911521,0.0002597305009520787,0.01488146151537272,-0.00046380045974815995,-0.026573808879796785,-104.96272700613105,-104.96272700613105,-104.96272700613105
660,frame_000660.png,661,2.644,61.4497953935578,-109.73053661826494,0.00025788190126690356,0.014775544555402972,-0.00046049938283940526,-0.02638467110507705,-104.21566973258217,-104.21566973258217,-104.21566973258217
661,frame_000661.png,662,2.648,61.0124352300774,-108.9495451219324,0.00025604645889659494,0.0146703814540448,-0.00045722180231490473,-0.026196879574008895,-103.47392953438973,-103.47392953438973,-103.47392953438973
662,frame_000662.png,663,2.652,60.57818791538585,-108.17411222384567,0.00025422408019017036,0.01456596684549216,-0.0004539675508973901,-0.02601042470231084,-102.73746856793412,-102.73746856793412,-102.73746856793412
663,frame_000663.png,664,2.656,60.14703129421547,-107.40419836133947,0.0002524146721633727,0.014462295402139561,-0.0004507364625014592,-0.025825296973990306,-102.00624925894715,-102.00624925894715,-102.00624925894715
664,frame_000664.png,665,2.66,59.718943368986125,-106.63976425333635,0.0002506181424939197,0.01435936183430987,-0.0004475283722250647,-0.025641486940855943,-101.28023430059415,-101.28023430059415,-101.28023430059415
665,frame_000665.png,666,2.664,59.29390229868277,-105.88077089834235,0.00024883439951678746,0.014257160889984093,-0.00044434311634105727,-0.025458985222033104,-100.55938665157075,-100.55938665157075,-100.55938665157075
666,frame_000666.png,667,2.668,58.87188639774117,-105.12717957245673,0.00024706335221952774,0.01415568735453306,-0.00044118053228879524,-0.025277782503483108,-99.84366953421255,-99.84366953421255,-99.84366953421255
667,frame_000667.png,668,2.672,58.45287413494147,-104.3789518273961,0.0002453049102376186,0.014054936050451045,-0.00043804045866580857,-0.02509786953752562,-99.13304643261887,-99.13304643261887,-99.13304643261887
668,frame_000668.png,669,2.676,58.03684413230961,-103.63604948853244,0.00024355898384984792,0.013954901837091265,-0.00043492273521952726,-0.024919237142364718,-98.42748109078923,-98.42748109078923,-98.42748109078923
669,frame_000669.png,670,2.68,57.623775164026654,-102.8984346529452,0.00024182548397373073,0.013855579610403299,-0.00043182720283906924,-0.024741876201618388,-97.72693751077335,-97.72693751077335,-97.72693751077335
670,frame_000670.png,671,2.684,57.21364615534579,-102.16606968748728,0.00024010432216095844,0.013756964302672361,-0.0004287537035470827,-0.024565777663851113,-97.03137995083472,-97.03137995083472,-97.03137995083472
671,frame_000671.png,672,2.688,56.80643618151709,-101.43891722686467,0.00023839541059288098,0.013659050882260439,-0.0004257020804916533,-0.02439093254211019,-96.34077292362645,-96.34077292362645,-96.34077292362645
672,frame_000672.png,673,2.692,56.402124466719904,-100.71694017172993,0.00023669866207602115,0.013561834353349289,-0.00042267217793826256,-0.02421733191346499,-95.65508119438098,-95.65508119438098,-95.65508119438098
673,frame_000673.png,674,2.696,56.00069038300287,-100.00010168678908,0.000235013990037621,0.013465309755685259,-0.00041966384126181197,-0.02404496691854996,-94.97426977911181,-94.97426977911181,-94.97426977911181
674,frame_000674.png,675,2.7,55.602113449231446,-99.28836519892211,0.00023334130852122,0.013369472164325939,-0.000416676916938697,-0.0238738287611105,-94.29830394282885,-94.29830394282885,-94.29830394282885
675,frame_000675.png,676,2.704,55.20637333004297,-98.5816943953168,0.0002316805321822647,0.013274316689388612,-0.000413711252538945,-0.023703908707552512,-93.62714919776573,-93.62714919776573,-93.62714919776573
676,frame_000676.png,677,2.708,54.813449834809106,-97.88005322161587,0.00023003157628375,0.013179838475800516,-0.0004107666967184012,-0.023535198086494673,-92.96077130162064,-92.96077130162064,-92.96077130162064
677,frame_000677.png,678,2.712,54.42332291660572,-97.18340588007725,0.00022839435669189126,0.013086032703050879,-0.0004078430992109793,-0.023367688288324428,-92.29913625580858,-92.29913625580858,-92.29913625580858
678,frame_000678.png,679,2.716,54.03597267119007,-96.49171682774755,0.00022676878987182736,0.012992894584944716,-0.00040494031082096164,-0.023201370764756844,-91.64221030372704,-91.64221030372704,-91.64221030372704
679,frame_000679.png,680,2.72,53.65137933598528,-95.80495077464847,0.00022515479288335474,0.01290041936935841,-0.0004020581834153614,-0.02303623702839696,-90.9899599290332,-90.9899599290332,-90.9899599290332
680,frame_000680.png,681,2.724,53.26952328907203,-95.12307268197617,0.00022355228337669135,0.012808602337997006,-0.00039919656991633043,-0.02287227865230482,-90.34235185393442,-90.34235185393442,-90.34235185393442
681,frame_000681.png,682,2.728,52.890385048187454,-94.44604776031336,0.00022196117958827143,0.012717438806153268,-0.00039635532429362926,-0.022709487269564024,-89.69935303748977,-89.69935303748977,-89.69935303748977
682,frame_000682.png,683,2.732,52.513945269731124,-93.77384146785431,0.00022038140033656987,0.012626924122468434,-0.0003935343015571487,-0.02254785457285324,-89.06093067392439,-89.06093067392439,-89.06093067392439
683,frame_000683.png,684,2.736,52.14018474777813,-93.10641950864229,0.0002188128650179566,0.012537053668694686,-0.0003907333577494855,-0.02238737231402084,-88.42705219095558,-88.42705219095558,-88.42705219095558
684,frame_000684.png,685,2.74,51.76908441309921,-92.44374783081969,0.0002172554936025805,0.012447822859459319,-0.0003879523499385686,-0.02222803230366238,-87.7976852481311,-87.7976852481311,-87.7976852481311
685,frame_000685.png,686,2.744,51.40062533218779,-91.78579262489056,0.00021570920663028264,0.012359227142030589,-0.0003851911362103442,-0.022069826410701543,-87.17279773517862,-87.17279773517862,-87.17279773517862
686,frame_000686.png,687,2.748,51.03478870629402,-91.13252032199556,0.00021417392520653894,0.012271261996085239,-0.0003824495756615056,-0.02191274656197352,-86.55235777036796,-86.55235777036796,-86.55235777036796
687,frame_000687.png,688,2.7520000000000002,50.67155587046563,-90.48389759219907,0.00021264957099843135,0.012183922933477668,-0.00037972752839228414,-0.02175678474181202,-85.93633369888374,-85.93633369888374,-85.93633369888374
688,frame_000688.png,689,2.7560000000000002,50.310908292595656,-89.83989134278869,0.0002111360662306482,0.012097205498010766,-0.0003770248554992861,-0.02160193299163882,-85.32469409121072,-85.32469409121072,-85.32469409121072
689,frame_000689.png,690,2.7600000000000002,49.9528275724769,-89.20046871658667,0.00020963333368151287,0.012011105265208375,-0.0003743414190683791,-0.0214481834095562,-84.71740774153028,-84.71740774153028,-84.71740774153028
690,frame_000690.png,691,2.7640000000000002,49.59729544086318,-88.56559709027347,0.00020814129667904086,0.011925617842089379,-0.0003716770821676367,-0.02129552814994269,-84.11444366612781,-84.11444366612781,-84.11444366612781
691,frame_000691.png,692,2.7680000000000002,49.24429375853718,-87.93524407272317,0.00020665987909702493,0.01184073886694339,-0.00036903170884032994,-0.021143959423051535,-83.51577110181205,-83.51577110181205,-83.51577110181205
692,frame_000692.png,693,2.7720000000000002,48.893804515385035,-87.30937750335083,0.00020518900535114833,0.011756464009108064,-0.000366405164097965,-0.02099346949461175,-82.92135950434576,-82.92135950434576,-82.92135950434576
693,frame_000693.png,694,2.7760000000000002,48.54580982947739,-86.68796545047157,0.00020372860039512565,0.011672788968747976,-0.00036379731391337925,-0.020844050685432575,-82.3311785468868,-82.3311785468868,-82.3311785468868
694,frame_000694.png,695,2.7800000000000002,48.20029194615711,-86.07097620967127,0.0002022785897168711,0.01158970947663509,-0.00036120802521388026,-0.020695695371010365,-81.74519811844118,-81.74519811844118,-81.74519811844118
695,frame_000695.png,696,2.7840000000000003,47.85723323713339,-85.458378302189,0.00020083889933469447,0.011507221293930791,-0.00035863716587443645,-0.020548395981138442,-81.1633883223266,-81.1633883223266,-81.1633883223266
696,frame_000696.png,697,2.7880000000000003,47.516616199582394,-84.85014047331084,0.00019940945579352377,0.011425320211969474,-0.0003560846047109183,-0.02040214499951985,-80.58571947464694,-80.58571947464694,-80.58571947464694
697,frame_000697.png,698,2.7920000000000003,47.178423455254226,-84.24623169077522,0.00019799018616115517,0.01134400205204367,-0.00035355021147338394,-0.020256934963382635,-80.01216210277803,-80.01216210277803,-80.01216210277803
698,frame_000698.png,699,2.7960000000000003,46.842637749586295,-83.64662114318956,0.00019658101802452958,0.011263262665190708,-0.0003510338568394171,-0.020112758463098148,-79.44268694386366,-79.44268694386366,-79.44268694386366
699,frame_000699.png,700,2.8000000000000003,46.509241950823,-83.05127823845824,0.00019518187948603573,0.011183097931980909,-0.00034853541240751013,-0.019969608141801917,-78.87726494332267,-78.87726494332267,-78.87726494332267
700,frame_000700.png,701,2.8040000000000003,46.17821904914164,-82.46017260222168,0.00019379269915983973,0.011103503762307272,-0.00034605475069049505,-0.019827476695017276,-78.31586725336652,-78.31586725336652,-78.31586725336652
701,frame_000701.png,702,2.8080000000000003,45.84955215578458,-81.8732740763066,0.0001924134061682407,0.011024476095176674,-0.00034359174510902274,-0.019686356870281748,-77.7584652315274,-77.7584652315274,-77.7584652315274
702,frame_000702.png,703,2.8120000000000003,45.52322450219759,-81.29055271718731,0.00019104393013805247,0.010946010898502558,-0.00034114626998508845,-0.019546241466776082,-77.20503043919683,-77.20503043919683,-77.20503043919683
703,frame_000703.png,704,2.816,45.19921943917431,-80.7119787944579,0.0001896842011970111,0.010868104168899093,-0.00033871820053560283,-0.0194071233349559,-76.6555346401748,-76.6555346401748,-76.6555346401748
704,frame_000704.png,705,2.82,44.87752043600676,-80.13752278931535,0.00018833414997020785,0.010790751931476808,-0.0003363074128660109,-0.019268995376186107,-76.10994979922899,-76.10994979922899,-76.10994979922899
705,frame_000705.png,706,2.824,44.558111079642025,-79.56715539305345,0.00018699370757654793,0.010713950239639681,-0.00033391378396395465,-0.01913185054237775,-75.56824808066443,-75.56824808066443,-75.56824808066443
706,frame_000706.png,707,2.828,44.24097507384478,-79.0008475055674,0.00018566280562523407,0.010637695174883671,-0.00033153719169298247,-0.018995681835627633,-75.03040184690337,-75.03040184690337,-75.03040184690337
707,frame_000707.png,708,2.832,43.92609623836591,-78.43857023386907,0.0001843413762122755,0.010561982846596697,-0.00032917751478630353,-0.018860482307860443,-74.49638365707506,-74.49638365707506,-74.49638365707506
708,frame_000708.png,709,2.836,43.61345850811694,-77.88029489061286,0.00018302935191702173,0.010486809391860029,-0.00032683463284058584,-0.01872624506047342,-73.96616626561575,-73.96616626561575,-73.96616626561575
709,frame_000709.png,710,2.84,43.30304593235045,-77.32599299263201,0.00018172666579872095,0.010412170975251114,-0.0003245084263098007,-0.018592963243983664,-73.4397226208786,-73.4397226208786,-73.4397226208786
710,frame_000710.png,711,2.844,42.994842673846215,-76.77563625948534,0.00018043325139310314,0.010338063788647791,-0.00032219877649911056,-0.018460630057677927,-72.91702586375337,-72.91702586375337,-72.91702586375337
711,frame_000711.png,712,2.848,42.68883300810322,-76.22919661201438,0.00017914904270898734,0.010264484051033907,-0.0003199055655587987,-0.018329238749264832,-72.39804932629625,-72.39804932629625,-72.39804932629625
712,frame_000712.png,713,2.852,42.38500132253736,-75.68664617091069,0.00017787397422491325,0.010191428008306318,-0.00031762867647824563,-0.01819878261452972,-71.88276653036903,-71.88276653036903,-71.88276653036903
713,frame_000713.png,714,2.856,42.083332115684954,-75.14795725529348,0.00017660798088579686,0.010118891933083273,-0.00031536799307994607,-0.01806925499699186,-71.37115118628833,-71.37115118628833,-71.37115118628833
714,frame_000714.png,715,2.86,41.783809996411776,-74.61310238129721,0.00017535099809960983,0.010046872124514163,-0.00031312340001356974,-0.01794064928756417,-70.8631771914842,-70.8631771914842,-70.8631771914842
715,frame_000715.png,716,2.864,41.48641968312784,-74.08205426066944,0.00017410296173408254,0.009975364908090601,-0.00031089478275006657,-0.017812958924215444,-70.35881862916821,-70.35881862916821,-70.35881862916821
716,frame_000716.png,717,2.868,41.191146003007745,-73.55478579937845,0.0001728638081134308,0.009904366635458902,-0.0003086820275758095,-0.017686177391634778,-69.85804976701152,-69.85804976701152,-69.85804976701152
717,frame_000717.png,718,2.872,40.89797389121652,-73.03127009623095,0.0001716334740151056,0.009833873684233834,-0.0003064850215867835,-0.017560298220898624,-69.36084505583165,-69.36084505583165,-69.36084505583165
718,frame_000718.png,719,2.876,40.606888390141066,-72.51148044149953,0.0001704118966665664,0.009763882457813755,-0.00030430365268281547,-0.017435314989140176,-68.86717912828902,-68.86717912828902,-68.86717912828902
719,frame_000719.png,720,2.88,40.31787464862694,-71.99539031555986,0.00016919901374207706,0.009694389385197033,-0.00030213780956184406,-0.017311221319221075,-68.3770267975928,-68.3770267975928,-68.3770267975928
720,frame_000720.png,721,2.884,40.03091792122074,-71.48297338753773,0.00016799476335952493,0.009625390920799781,-0.00029998738171423047,-0.017188010879405413,-67.89036305621585,-67.89036305621585,-67.89036305621585
721,frame_000721.png,722,2.888,39.74600356741774,-70.97420351396552,0.00016679908407726224,0.009556883544274898,-0.0002978522594171113,-0.017065677383036208,-67.40716307461872,-67.40716307461872,-67.40716307461872
722,frame_000722.png,723,2.892,39.46311705091491,-70.46905473744843,0.00016561191489097043,0.009488863760332398,-0.0002957323337287914,-0.016944214588214112,-66.92740219998291,-66.92740219998291,-66.92740219998291
723,frame_000723.png,724,2.896,39.182243938869334,-69.96750128534005,0.0001644331952305465,0.009421328098561013,-0.00029362749648317654,-0.016823616297478437,-66.45105595495303,-66.45105595495303,-66.45105595495303
724,frame_000724.png,725,2.9,38.903369901161795,-69.46951756842745,0.00016326286495701165,0.009354273113251073,-0.00029153764028424546,-0.016703876357490436,-65.97810003638804,-65.97810003638804,-65.97810003638804
725,frame_000725.png,726,2.904,38.62648070966569,-68.9750781796256,0.00016210086435944205,0.009287695383218657,-0.00028946265850056206,-0.01658498865871885,-65.50851031412122,-65.50851031412122,-65.50851031412122
726,frame_000726.png,727,2.908,38.35156223752108,-68.48415789268104,0.00016094713415192125,0.009221591511630961,-0.000287402445259829,-0.016466947135127873,-65.04226282972891,-65.04226282972891,-65.04226282972891
727,frame_000727.png,728,2.912,38.078600458413945,-67.9967316608849,0.00015980161547051464,0.009155958125832971,-0.0002853568954434749,-0.016349745763867024,-64.57933379530846,-64.57933379530846,-64.57933379530846
728,frame_000728.png,729,2.916,37.807581445860585,-67.51277461579494,0.00015866424987026511,0.00909079187717531,-0.0002833259046812855,-0.016233378564963513,-64.11969959226428,-64.11969959226428,-64.11969959226428
729,frame_000729.png,730,2.92,37.53849137249706,-67.03226206596675,0.0001575349793222104,0.00902608944084335,-0.00028130936934607026,-0.01611783960101668,-63.66333677010297,-63.66333677010297,-63.66333677010297
730,frame_000730.png,731,2.924,37.27131650937374,-66.55516949569399,0.00015641374621042152,0.008961847515687528,-0.00027930718654837003,-0.01600312297689476,-63.21022204523666,-63.21022204523666,-63.21022204523666
731,frame_000731.png,732,2.928,37.00604322525484,-66.08147256375761,0.0001553004933290624,0.008898062824054871,-0.0002773192541311961,-0.015889222839433458,-62.76033229979552,-62.76033229979552,-62.76033229979552
732,frame_000732.png,733,2.932,36.74265798592296,-65.61114710218392,0.00015419516387947036,0.008834732111621729,-0.000275345470664817,-0.015776133377137232,-62.31364458044763,-62.31364458044763,-62.31364458044763
733,frame_000733.png,734,2.936,36.48114735348857,-65.14416911501152,0.00015309770146725759,0.00877185214722769,-0.0002733857354415732,-0.015663848819882236,-61.87013609722845,-61.87013609722845,-61.87013609722845
734,frame_000734.png,735,2.94,36.22149798570442,-64.68051477706706,0.00015200805009943296,0.008709419722710682,-0.00027143994847073224,-0.015552363438621502,-61.42978422237795,-61.42978422237795,-61.42978422237795
735,frame_000735.png,736,2.944,35.963696635284784,-64.2201604327496,0.0001509261541815447,0.008647431652743254,-0.00026950801047338394,-0.015441671545092487,-60.992566489185805,-60.992566489185805,-60.992566489185805
736,frame_000736.png,737,2.948,35.70773014922963,-63.76308259482375,0.0001498519585148432,0.008585884774670016,-0.00026758982287736644,-0.01533176749152634,-60.558460590845584,-60.558460590845584,-60.558460590845584
737,frame_000737.png,738,2.952,35.45358546815355,-63.30925794322133,0.00014878540829346403,0.008524775948346245,-0.00026568528781223394,-0.015222645670359573,-60.12744437931627,-60.12744437931627,-60.12744437931627
738,frame_000738.png,739,2.956,35.201249625619404,-62.85866332385156,0.00014772644910163106,0.008464102055977632,-0.00026379430810425416,-0.015114300513947451,-59.6994958641927,-59.6994958641927,-59.6994958641927
739,frame_000739.png,740,2.96,34.950709747476864,-62.411275747419715,0.00014667502691087964,0.008403860001961177,-0.00026191678727144834,-0.01500672649427979,-59.274593211583095,-59.274593211583095,-59.274593211583095
740,frame_000740.png,741,2.964,34.701953051205514,-61.96707238825425,0.00014563108807729943,0.00834404671272722,-0.00026005262951866065,-0.014899918122698464,-58.85271474299557,-58.85271474299557,-58.85271474299557
741,frame_000741.png,742,2.968,34.45496684526272,-61.526030583142195,0.00014459457933879675,0.008284659136582587,-0.00025820173973266803,-0.014793869949617214,-58.433838934231716,-58.433838934231716,-58.433838934231716
742,frame_000742.png,743,2.972,34.20973852843609,-61.088127830172866,0.00014356544781237676,0.008225694243554866,-0.00025636402347732086,-0.014688576564243236,-58.01794441428868,-58.01794441428868,-58.01794441428868
743,frame_000743.png,744,2.976,33.966255589200564,-60.65334178758983,0.00014254364099144468,0.008167149025237777,-0.0002545393869887214,-0.014584032594300918,-57.605009964268646,-57.605009964268646,-57.605009964268646
744,frame_000744.png,745,2.98,33.72450560508008,-60.22165027265102,0.00014152910674312638,0.008109020494637662,-0.0002527277371704335,-0.014480232705757377,-57.19501451629645,-57.19501451629645,-57.19501451629645
745,frame_000745.png,746,2.984,33.48447624201379,-59.793031260496946,0.00014052179330560803,0.008051305686021045,-0.00025092898158873036,-0.014377171602550188,-56.787937152444414,-56.787937152444414,-56.787937152444414
746,frame_000746.png,747,2.988,33.24615525372674,-59.36746288302701,0.00013952164928549482,0.00799400165476331,-0.0002491430284678724,-0.014274844026316808,-56.3837571036654,-56.3837571036654,-56.3837571036654
747,frame_000747.png,748,2.992,33.00953048110512,-58.94492342778378,0.00013852862365518824,0.007937105477198426,-0.00024736978668542134,-0.014173244756126108,-55.98245374873298,-55.98245374873298,-55.98245374873298
748,frame_000748.png,749,2.996,32.774589851575854,-58.5253913368452,0.0001375426657502822,0.007880614250469748,-0.00024560916576758817,-0.014072368608211818,-55.58400661318932,-55.58400661318932,-55.58400661318932
749,frame_000749.png,750,3.0,32.541321378490714,-58.10884520572475,0.00013656372526697782,0.00782452509238191,-0.00024386107588461015,-0.01397221043570766,-55.18839536830086,-55.18839536830086,-55.18839536830086
750,frame_000750.png,751,3.004,32.309713160514704,-57.695263782279305,0.00013559175225951627,0.007768835141253727,-0.00024212542784616758,-0.01387276512838474,-54.79559983002068,-54.79559983002068,-54.79559983002068
751,frame_000751.png,752,3.008,32.0797533810189,-57.28462596562493,0.0001346266971376303,0.007713541555772177,-0.00024040213309682706,-0.013774027612390475,-54.40559995795911,-54.40559995795911,-54.40559995795911
752,frame_000752.png,753,3.012,31.851430307477525,-56.87691080506026,0.0001336685106640136,0.007658641514847417,-0.0002386911037115206,-0.013675992849989549,-54.018375854361096,-54.018375854361096,-54.018375854361096
753,frame_000753.png,754,3.016,31.624732290869407,-56.47209749899761,0.00013271714395180848,0.0076041322174688255,-0.0002369922523910565,-0.01357865583930673,-53.633907763090974,-53.633907763090974,-53.633907763090974
754,frame_000754.png,755,3.02,31.399647765083607,-56.07016539390167,0.00013177254846211107,0.0075500108825620705,-0.0002353054924576614,-0.013482011614071423,-53.25217606862465,-53.25217606862465,-53.25217606862465
755,frame_000755.png,756,3.024,31.176165246329333,-55.67109398323576,0.00013083467600149464,0.0074962747488472,-0.0002336307378505552,-0.013386055243364147,-52.873161295048675,-52.873161295048675,-52.873161295048675
756,frame_000756.png,757,3.028,30.95427333255003,-55.27486290641559,0.00012990347871955042,0.007442921074697742,-0.0002319679031215563,-0.01329078183136473,-52.49684410506673,-52.49684410506673,-52.49684410506673
757,frame_000757.png,758,3.032,30.73396070284166,-54.881451947770465,0.00012897890910644588,0.007389947138000809,-0.00023031690343071977,-0.013196186517102394,-52.12320529901288,-52.12320529901288,-52.12320529901288
758,frame_000758.png,759,3.036,30.515216116875095,-54.490841035511856,0.00012806091999050044,0.00733735023601819,-0.0002286776545420064,-0.013102264474207606,-51.75222581387206,-51.75222581387206,-51.75222581387206
759,frame_000759.png,760,3.04,30.29802841432265,-54.103010240709374,0.00012714946453577848,0.007285127685248444,-0.0002270500728189803,-0.01300901091066558,-51.38388672230761,-51.38388672230761,-51.38388672230761
760,frame_000760.png,761,3.044,30.082386514288686,-53.71793977627395,0.00012624449623969944,0.0072332768212899695,-0.0002254340752205411,-0.01291642106857174,-51.01816923169537,-51.01816923169537,-51.01816923169537
761,frame_000761.png,762,3.048,29.86827941474424,-53.335609995948346,0.000125345968930665,0.007181794998705048,-0.0002238295792966826,-0.012824490223888702,-50.65505468316512,-50.65505468316512,-50.65505468316512
762,frame_000762.png,763,3.052,29.655696191965735,-52.95600139330475,0.00012445383676570304,0.00713067959088486,-0.00022223650318428529,-0.012733213686205226,-50.29452455064839,-50.29452455064839,-50.29452455064839
763,frame_000763.png,764,3.056,29.444625999977625,-52.57909460074961,0.0001235680542281286,0.007079927989915457,-0.00022065476560293593,-0.012642586798496678,-49.93656043993343,-49.93656043993343,-49.93656043993343
764,frame_000764.png,765,3.06,29.235058069999052,-52.20487038853546,0.00012268857612522118,0.0070295376064446885,-0.0002190842858507792,-0.012552604936887346,-49.581144087726614,-49.581144087726614,-49.581144087726614
765,frame_000765.png,766,3.064,29.02698170989442,-51.83330966377983,0.00012181535758591883,0.006979505869550085,-0.000217524983800397,-0.01246326351041435,-49.22825736072076,-49.22825736072076,-49.22825736072076
766,frame_000766.png,767,3.068,28.820386303627878,-51.46439346949113,0.0001209483540585286,0.00692983022660767,-0.00021597677989471898,-0.01237455796079333,-48.877882254669856,-48.877882254669856,-48.877882254669856
767,frame_000767.png,768,3.072,28.615261310721692,-51.098102983601464,0.00012008752130845324,0.006880508143161712,-0.00021443959514296136,-0.012286483762185753,-48.53000089347053,-48.53000089347053,-48.53000089347053
768,frame_000768.png,769,3.076,28.411596265718476,-50.73441951800633,0.00011923281541593411,0.006831537102795404,-0.00021291335111659377,-0.012199036420967837,-48.1845955282501,-48.1845955282501,-48.1845955282501
769,frame_000769.png,770,3.08,28.20938077764724,-50.37332451761114,0.00011838419277381026,0.006782914607002466,-0.00021139796994533574,-0.01211221147550116,-47.84164853646094,-47.84164853646094,-47.84164853646094
770,frame_000770.png,771,3.084,28.008604529493248,-50.014799559384564,0.00011754161008529322,0.006734638175059654,-0.00020989337431318356,-0.012026004495905022,-47.50114242098127,-47.50114242098127,-47.50114242098127
771,frame_000771.png,772,3.088,27.80925727767164,-49.65882635141856,0.00011670502436175792,0.006686705343900183,-0.0002083994874544621,-0.011940411083830227,-47.16305980922269,-47.16305980922269,-47.16305980922269
772,frame_000772.png,773,3.092,27.611328851504815,-49.30538673199514,0.00011587439292054919,0.006639113667988053,-0.00020691623314990715,-0.011855426872234615,-46.82738345224365,-46.82738345224365,-46.82738345224365
773,frame_000773.png,774,3.096,27.414809152703505,-48.95446266865976,0.00011504967338280382,0.006591860719193264,-0.0002054435357227744,-0.011771047525160134,-46.49409622386952,-46.49409622386952,-46.49409622386952
774,frame_000774.png,775,3.1,27.219688154851582,-48.60603625730127,0.00011423082367128833,0.006544944086667921,-0.00020398132003497717,-0.011687268737511533,-46.16318111981873,-46.16318111981873,-46.16318111981873
775,frame_000775.png,776,3.104,27.025955902894502,-48.260089721238515,0.00011341780200825187,0.006498361376723225,-0.00020252951148325032,-0.011604086234836586,-45.834621256835305,-45.834621256835305,-45.834621256835305
776,frame_000776.png,777,3.108,26.833602512631398,-47.9166054103133,0.00011261056691329468,0.006452110212707335,-0.0002010880359953442,-0.011521495773108003,-45.50839987182732,-45.50839987182732,-45.50839987182732
777,frame_000777.png,778,3.112,26.64261817021079,-47.57556579998993,0.00011180907720125151,0.006406188234884106,-0.0001996568200262423,-0.011439493138506738,-45.18450032101185,-45.18450032101185,-45.18450032101185
778,frame_000778.png,779,3.116,26.452993131629885,-47.236953490461076,0.00011101329198009021,0.006360593100312679,-0.0001982357905544078,-0.011358074147206916,-44.86290607906571,-44.86290607906571,-44.86290607906571
779,frame_000779.png,780,3.12,26.264717722237446,-46.90075120576006,0.00011022317064882529,0.006315322482727941,-0.0001968248750780569,-0.01127723464516232,-44.543600738282294,-44.543600738282294,-44.543600738282294
780,frame_000780.png,781,3.124,26.07778233624017,-46.56694179287942,0.00010943867289544626,0.006270374072421828,-0.00019542400161145818,-0.011196970507894352,-44.22656800773453,-44.22656800773453,-44.22656800773453
781,frame_000781.png,782,3.128,25.892177436212616,-46.23550822089576,0.00010865975869486083,0.006225745576125476,-0.00019403309868125967,-0.011117277640281599,-43.91179171244359,-43.91179171244359,-43.91179171244359
782,frame_000782.png,783,3.132,25.707893552610624,-45.906433580100874,0.00010788638830685265,0.006181434716892212,-0.00019265209532283922,-0.011038151976350713,-43.59925579255386,-43.59925579255386,-43.59925579255386
783,frame_000783.png,784,3.136,25.524921283288144,-45.57970108113896,0.0001071185222740536,0.006137439233981372,-0.00019128092107668335,-0.01095958947906895,-43.28894430251343,-43.28894430251343,-43.28894430251343
784,frame_000784.png,785,3.14,25.343251293017566,-45.25529405415006,0.00010635612141993065,0.006093756882742958,-0.00018991950598479116,-0.010881586140138113,-42.980841410260524,-42.980841410260524,-42.980841410260524
785,frame_000785.png,786,3.144,25.16287431301343,-44.93319594791958,0.00010559914684678686,0.006050385434503103,-0.00018856778058710428,-0.010804137979790011,-42.674931396415815,-42.674931396415815,-42.674931396415815
786,frame_000786.png,787,3.148,24.983781140459524,-44.61339032903379,0.00010484755993377672,0.006007322676450356,-0.0001872256759179616,-0.010727241046583335,-42.371198653480405,-42.371198653480405,-42.371198653480405
787,frame_000787.png,788,3.152,24.80596263803937,-44.29586088104145,0.00010410132233493564,0.005964566411522785,-0.00018589312350257957,-0.01065089141720198,-42.069627685039535,-42.069627685039535,-42.069627685039535
788,frame_000788.png,789,3.156,24.629409733470048,-43.980591403621325,0.00010336039597722337,0.005922114458295871,-0.00018457005535355735,-0.010575085196254821,-41.770203104971955,-41.770203104971955,-41.770203104971955
789,frame_000789.png,790,3.16,24.45411341903929,-43.667565811755644,0.00010262474305858143,0.005879964650871207,-0.00018325640396740745,-0.010499818516076922,-41.47290963666494,-41.47290963666494,-41.47290963666494
790,frame_000790.png,791,3.164,24.28006475114596,-43.356768134909444,0.00010189432604600439,0.005838114838765989,-0.00018195210232111058,-0.010425087536532146,-41.177732112234835,-41.177732112234835,-41.177732112234835
791,frame_000791.png,792,3.168,24.10725484984371,-43.04818251621576,0.00010116910767362478,0.00579656288680329,-0.00018065708386869484,-0.010350888444817161,-40.88465547175328,-40.88465547175328,-40.88465547175328
792,frame_000792.png,793,3.172,23.935674898387944,-42.7417932116666,0.00010044905094081171,0.005755306675003122,-0.00017937128253784108,-0.010277217455266935,-40.59366476247867,-40.59366476247867,-40.59366476247867
793,frame_000793.png,794,3.176,23.76531614278599,-42.437584589309694,9.9734119110283e-05,0.005714344098474265,-0.00017809463272650924,-0.010204070809161449,-40.30474513809352,-40.30474513809352,-40.30474513809352
794,frame_000794.png,795,3.18,23.59616989135047,-42.13554112845096,9.90242757062308e-05,0.005673673067306874,-0.0001768270692995908,-0.010131444774533883,-40.01788185794689,-40.01788185794689,-40.01788185794689
795,frame_000795.png,796,3.184,23.428227514255845,-41.83564741886263,9.831948451246046e-05,0.005633291506465847,-0.00017556852758558576,-0.010059335645980234,-39.733060286302205,-39.733060286302205,-39.733060286302205
796,frame_000796.png,797,3.188,23.261480443098126,-41.53788815999701,9.761970957054268e-05,0.005593197355684945,-0.00017431894337330148,-0.009987739744470165,-39.45026589159072,-39.45026589159072,-39.45026589159072
797,frame_000797.png,798,3.192,23.09592017045772,-41.24224816020588,9.692491517797893e-05,0.0055533885693616865,-0.0001730782529085762,-0.009916653417159282,-39.16948424567002,-39.16948424567002,-39.16948424567002
798,frame_000798.png,799,3.196,22.93153824946538,-40.94871233596539,9.623506588637972e-05,0.005513863116452963,-0.0001718463928910252,-0.009846073037202698,-38.890701023087956,-38.890701023087956,-38.890701023087956
799,frame_000799.png,800,3.2,22.768326293371235,-40.65726571110651,9.555012649965604e-05,0.0054746189803714165,-0.0001706233004708111,-0.009775995003569989,-38.613902000351686,-38.613902000351686,-38.613902000351686
800,frame_000800.png,801,3.204,22.60627597511692,-40.36789341605095,9.487006207222355e-05,0.0054356541588825545,-0.0001694089132454359,-0.009706415740861387,-38.33907305520209,-38.33907305520209,-38.33907305520209
801,frame_000801.png,802,3.208,22.44537902691071,-40.0805806870525,9.419483790721956e-05,0.005396966664002581,-0.00016820316925655714,-0.009637331699125364,-38.066200165893164,-38.066200165893164,-38.066200165893164
802,frame_000802.png,803,3.212,22.285627239805716,-39.79531286544381,9.352441955473279e-05,0.005358554521896975,-0.00016700600698682633,-0.009568739353677486,-37.79526941047665,-37.79526941047665,-37.79526941047665
803,frame_000803.png,804,3.216,22.12701246328105,-39.51207539688849,9.285877281004564e-05,0.005320415772779779,-0.0001658173653567487,-0.009500635204920489,-37.526266966091825,-37.526266966091825,-37.526266966091825
804,frame_000804.png,805,3.22,21.969526604825997,-39.23085383063855,9.2197863711889e-05,0.005282548470813606,-0.00016463718372156723,-0.009433015778165743,-37.259179108260156,-37.259179108260156,-37.259179108260156
805,frame_000805.png,806,3.224,21.813161629527123,-38.951633818797134,9.154165854070952e-05,0.005244950684010362,-0.00016346540186816793,-0.009365877623455945,-36.99399221018511,-36.99399221018511,-36.99399221018511
806,frame_000806.png,807,3.228,21.657909559658354,-38.674401115586484,9.089012381694917e-05,0.005207620494132672,-0.0001623019600120062,-0.009299217315389012,-36.730692742057,-36.730692742057,-36.730692742057
807,frame_000807.png,808,3.232,21.503762474273937,-38.39914157662111,9.024322629933704e-05,0.005170555996596007,-0.0001611467987940578,-0.009233031452943375,-36.46926727036251,-36.46926727036251,-36.46926727036251
808,frame_000808.png,809,3.236,21.350712508804325,-38.12584115818618,8.960093298319334e-05,0.005133755300371511,-0.00015999985927778857,-0.009167316659304373,-36.209702457199484,-36.209702457199484,-36.209702457199484
809,frame_000809.png,810,3.24,21.19875185465491,-37.854485916520964,8.896321109874547e-05,0.0050972165278895185,-0.00015886108294614764,-0.009102069581691958,-35.95198505959637,-35.95198505959637,-35.95198505959637
810,frame_000810.png,811,3.244,21.047872758807653,-37.585062007107474,8.833002810945601e-05,0.0050609378149437554,-0.00015773041169858107,-0.009037286891189602,-35.69610192883657,-35.69610192883657,-35.69610192883657
811,frame_000811.png,812,3.248,20.898067523425507,-37.31755568396408,8.770135171036272e-05,0.005024917310596228,-0.0001566077878480668,-0.008972965282574408,-35.44204000978762,-35.44204000978762,-35.44204000978762
812,frame_000812.png,813,3.2520000000000002,20.74932850545969,-37.05195329894421,8.707714982643024e-05,0.004989153177082782,-0.00015549315411817198,-0.008909101474148511,-35.18978634023502,-35.18978634023502,-35.18978634023502
813,frame_000813.png,814,3.2560000000000002,20.60164811625972,-36.78824130104003,8.645739061091364e-05,0.004953643589719342,-0.00015438645364012967,-0.008845692207571575,-34.93932805022102,-34.93932805022102,-34.93932805022102
814,frame_000814.png,815,3.2600000000000002,20.455018821186258,-36.52640623569105,8.58420424437335e-05,0.004918386736808809,-0.00015328762994993623,-0.0087827342476945,-34.69065236138802,-34.69065236138802,-34.69065236138802
815,frame_000815.png,816,3.2640000000000002,20.30943313922668,-36.26643474409768,8.523107392986268e-05,0.004883380819548631,-0.00015219662698547193,-0.008720224382394434,-34.4437465863264,-34.4437465863264,-34.4437465863264
816,frame_000816.png,817,3.2680000000000002,20.164883642613404,-36.00831356253968,8.462445389772445e-05,0.00484862405193902,-0.00015111338908363925,-0.008658159422410815,-34.19859812792744,-34.19859812792744,-34.19859812792744
817,frame_000817.png,818,3.2720000000000002,20.02136295644493,-35.75202952169945,8.402215139760213e-05,0.004814114660691833,-0.00015003786097752265,-0.008596536201182637,-33.95519447874054,-33.95519447874054,-33.95519447874054
818,frame_000818.png,819,3.2760000000000002,19.87886375830955,-35.4975695459901,8.342413570005995e-05,0.0047798508851400945,-0.00014896998779356804,-0.00853535157468684,-33.713523220335105,-33.713523220335105,-33.713523220335105
819,frame_000819.png,820,3.2800000000000002,19.737378777911793,-35.244920652888375,8.283037629437525e-05,0.004745830977148165,-0.00014790971504878358,-0.008474602421277939,-33.473572022666914,-33.473572022666914,-33.473572022666914
820,frame_000820.png,821,3.2840000000000003,19.596900796701473,-34.994069952272255,8.224084288698177e-05,0.004712053201022552,-0.00014685698864795935,-0.008414285641528713,-33.235328643449066,-33.235328643449066,-33.235328643449066
821,frame_000821.png,822,3.2880000000000003,19.4574226475054,-34.74500464576332,8.165550539992404e-05,0.004678515833423351,-0.00014581175488090687,-0.008354398158072046,-32.998780927527406,-32.998780927527406,-32.998780927527406
822,frame_000822.png,823,3.2920000000000003,19.31893721416173,-34.49771202607378,8.107433396932278e-05,0.004645217163276319,-0.00014477396041971945,-0.008294936915443953,-32.76391680626028,-32.76391680626028,-32.76391680626028
823,frame_000823.png,824,3.2960000000000003,19.181437431156866,-34.25217947635814,8.049729894385124e-05,0.004612155491685575,-0.00014374355231604964,-0.008235898879927595,-32.530724296902974,-32.530724296902974,-32.530724296902974
824,frame_000824.png,825,3.3000000000000003,19.04491628326501,-34.008394469569495,7.992437088322232e-05,0.004579329131846922,-0.00014272047799840818,-0.008177281039398512,-32.29919150199619,-32.29919150199619,-32.29919150199619
825,frame_000825.png,826,3.3040000000000003,18.909366805190228,-33.76634456782042,7.935552055668653e-05,0.004546736408961783,-0.00014170468526948204,-0.008119080403170968,-32.069306608759064,-32.069306608759064,-32.069306608759064
826,frame_000826.png,827,3.3080000000000003,18.77478208121109,-33.52601742174835,7.879071894154063e-05,0.004514375660151751,-0.00014069612230347054,-0.008061294001845312,-31.841057888486546,-31.841057888486546,-31.841057888486546
827,frame_000827.png,828,3.3120000000000003,18.64115524482782,-33.287400769885544,7.822993722164681e-05,0.004482245234373747,-0.00013969473764344111,-0.008003918887156484,-31.61443369595095,-31.61443369595095,-31.61443369595095
828,frame_000828.png,829,3.3160000000000003,18.508479478411985,-33.05048243803351,7.767314678596252e-05,0.004450343492335787,-0.00013870048019870327,-0.007946952131823544,-31.389422468807858,-31.389422468807858,-31.389422468807858
829,frame_000829.png,830,3.3200000000000003,18.376748012858634,-32.81525033864187,7.71203192270807e-05,0.0044186688064133395,-0.00013771329924220282,-0.00789039082940038,-31.16601272700612,-31.16601272700612,-31.16601272700612
830,frame_000830.png,831,3.3240000000000003,18.245954127240967,-32.58169247019164,7.657142633978042e-05,0.004387219560566283,-0.00013673314440793236,-0.007834232094127338,-30.94419307220228,-30.94419307220228,-30.94419307220228
831,frame_000831.png,832,3.3280000000000003,18.11609114846742,-32.349796916582946,7.602644011958784e-05,0.004355994150256461,-0.00013575996568836204,-0.0077784730607840125,-30.723952187178924,-30.723952187178924,-30.723952187178924
832,frame_000832.png,833,3.332,17.987152450941196,-32.119551846527045,7.548533276134734e-05,0.004324990982365807,-0.00013479371343188792,-0.007723110884543053,-30.505278835267305,-30.505278835267305,-30.505278835267305
833,frame_000833.png,834,3.336,17.859131456222254,-31.890945512942697,7.494807665780296e-05,0.00429420847511507,-0.00013383433834029802,-0.007668142740824975,-30.288161859774107,-30.288161859774107,-30.288161859774107
834,frame_000834.png,835,3.34,17.732021632691655,-31.663966252356825,7.441464439818985e-05,0.004263645057983112,-0.00013288179146625807,-0.007613565825154107,-30.072590183412103,-30.072590183412103,-30.072590183412103
835,frame_000835.png,836,3.344,17.60581649521832,-31.438602484309463,7.38850087668357e-05,0.004233299171626773,-0.00013193602421081275,-0.007559377353015418,-29.85855280773515,-29.85855280773515,-29.85855280773515
836,frame_000836.png,837,3.348,17.48050960482818,-31.214842710762905,7.335914274177226e-05,0.004203169267801317,-0.00013099698832090673,-0.007505574559712492,-29.64603881257694,-29.64603881257694,-29.64603881257694
837,frame_000837.png,838,3.352,17.356094568375624,-30.99267551551508,7.28370194933566e-05,0.004173253809281439,-0.0001300646358869229,-0.007452154700226469,-29.435037355493854,-29.435037355493854,-29.435037355493854
838,frame_000838.png,839,3.356,17.23256503821736,-30.77208956361711,7.231861238290228e-05,0.004143551269782834,-0.00012913891934023718,-0.007399115049075952,-29.22553767121186,-29.22553767121186,-29.22553767121186
839,frame_000839.png,840,3.36,17.109914711888536,-30.55307360079499,7.180389496132023e-05,0.0041140601338843265,-0.00012821979145079127,-0.007346452900177935,-29.01752907107725,-29.01752907107725,-29.01752907107725
840,frame_000840.png,841,3.364,16.988137331781193,-30.335616452875396,7.129284096776927e-05,0.00408477889695055,-0.0001273072053246833,-0.007294165566709754,-28.811000942511228,-28.811000942511228,-28.811000942511228
841,frame_000841.png,842,3.368,16.86722668482501,-30.11970702521559,7.078542432831635e-05,0.004055706065055187,-0.00012640111440177584,-0.007242250380972043,-28.60594274846848,-28.60594274846848,-28.60594274846848
842,frame_000842.png,843,3.372,16.747176602170306,-29.905334302137362,7.028161915460615e-05,0.004026840154904738,-0.000125501472453319,-0.007190704694252541,-28.402344026899684,-28.402344026899684,-28.402344026899684
843,frame_000843.png,844,3.376,16.6279809588733,-29.69248734636502,6.978139974254034e-05,0.003998179693762851,-0.0001246082335795922,-0.007139525876690976,-28.200194390217625,-28.200194390217625,-28.200194390217625
844,frame_000844.png,845,3.38,16.509633673583636,-29.481155298467364,6.928474057096604e-05,0.00396972321937518,-0.0001237213522075624,-0.007088711317144896,-27.999483524767243,-27.999483524767243,-27.999483524767243
845,frame_000845.png,846,3.384,16.392128708234097,-29.271327376303642,6.87916163003738e-05,0.003941469279894777,-0.00012284078308855855,-0.007038258423056423,-27.800201190299468,-27.800201190299468,-27.800201190299468
846,frame_000846.png,847,3.388,16.275460067732542,-29.06299287447345,6.830200177160477e-05,0.0039134164338080245,-0.00012196648129596313,-0.006988164620319983,-27.602337219448714,-27.602337219448714,-27.602337219448714
847,frame_000847.png,848,3.392,16.15962179965605,-28.85614116377054,6.7815872004567e-05,0.0038855632498610826,-0.0001210984022229199,-0.006938427353150977,-27.405881517214176,-27.405881517214176,-27.405881517214176
848,frame_000848.png,849,3.396,16.044607993947228,-28.65076169064052,6.733320219696105e-05,0.0038579083069868706,-0.00012023650158005737,-0.006889044083955341,-27.210824060444807,-27.210824060444807,-27.210824060444807
849,frame_000849.png,850,3.4,15.930412782612661,-28.446843976642402,6.685396772301448e-05,0.0038304501942325597,-0.00011938073539323021,-0.006840012293200142,-27.017154897327828,-27.017154897327828,-27.017154897327828
850,frame_000850.png,851,3.404,15.817030339423548,-28.244377617914015,6.637814413222546e-05,0.0038031875106875894,-0.00011853106000127463,-0.006791329479284962,-26.824864146881126,-26.824864146881126,-26.824864146881126
851,frame_000851.png,852,3.408,15.704454879618437,-28.04335228464119,6.590570714811536e-05,0.0037761188654121913,-0.00011768743205378062,-0.006742993158414271,-26.633941998449075,-26.633941998449075,-26.633941998449075
852,frame_000852.png,853,3.412,15.592680659608092,-27.84375772053073,6.543663266699003e-05,0.003749242877366421,-0.00011684980850888119,-0.006695000864470747,-26.44437871120192,-26.44437871120192,-26.44437871120192
853,frame_000853.png,854,3.416,15.481701976682457,-27.645583742287137,6.497089675671016e-05,0.0037225581753397006,-0.00011601814663105467,-0.006647350148889363,-26.256164613638973,-26.256164613638973,-26.256164613638973
854,frame_000854.png,855,3.42,15.371513168719696,-27.448820239093063,6.450847565547016e-05,0.0036960633978808566,-0.00011519240398894621,-0.006600038580532566,-26.069290103094943,-26.069290103094943,-26.069290103094943
855,frame_000855.png,856,3.424,15.262108613897322,-27.25345717209346,6.404934577058587e-05,0.0036697571932286597,-0.00011437253845320086,-0.006553063745566126,-25.883745645250265,-25.883745645250265,-25.883745645250265
856,frame_000856.png,857,3.428,15.153482730405369,-27.059484573883392,6.359348367729083e-05,0.003643638219242855,-0.00011355850819431553,-0.006506423247336054,-25.699521773644435,-25.699521773644435,-25.699521773644435
857,frame_000857.png,858,3.432,15.045629976161603,-26.866892547999512,6.31408661175412e-05,0.0036177051433356907,-0.00011275027168050364,-0.006460114706246267,-25.51660908919321,-25.51660908919321,-25.51660908919321
858,frame_000858.png,859,3.436,14.938544848528773,-26.675671268415126,6.269146999882903e-05,0.0035919566424039233,-0.00011194778767557764,-0.006414135759637251,-25.334998259708883,-25.334998259708883,-25.334998259708883
859,frame_000859.png,860,3.44,14.832221884033865,-26.485810979038888,6.224527239300419e-05,0.003566391402761318,-0.00011115101523684327,-0.006368484061665426,-25.15468001942437,-25.15468001942437,-25.15468001942437
860,frame_000860.png,861,3.444,14.726655658089355,-26.297301993217033,6.180225053510448e-05,0.00354100812007162,-0.00011035991371301195,-0.006323157283183523,-24.97564516852028,-24.97564516852028,-24.97564516852028
861,frame_000861.png,862,3.448,14.621840784716442,-26.110134693239175,6.13623818221942e-05,0.0035158054992820093,-0.0001095744427421259,-0.006278153111621709,-24.797884572655676,-24.797884572655676,-24.797884572655676
862,frame_000862.png,863,3.452,14.517771916270268,-25.924299529847605,6.0925643812210944e-05,0.0034907822545570265,-0.00010879456224949898,-0.006233469250869603,-24.62138916250197,-24.62138916250197,-24.62138916250197
863,frame_000863.png,864,3.456,14.414443743167073,-25.73978702175009,6.04920142228206e-05,0.0034659371092129686,-0.00010802023244567256,-0.006189103421159157,-24.446149933280196,-24.446149933280196,-24.446149933280196
864,frame_000864.png,865,3.46,14.3118509936133,-25.55658775513614,6.006147093028048e-05,0.003441268795652754,-0.00010725141382438476,-0.006145053358948298,-24.272157944301654,-24.272157944301654,-24.272157944301654
865,frame_000865.png,866,3.464,14.209988433336635,-25.37469238319672,5.9633991968310604e-05,0.0034167760553012465,-0.00010648806716055484,-0.006101316816805453,-24.099404318511716,-24.099404318511716,-24.099404318511716
866,frame_000866.png,867,3.468,14.108850865318947,-25.19409162564737,5.920955552697293e-05,0.0033924576385410458,-0.00010573015350828266,-0.006057891563294911,-23.927880242036878,-23.927880242036878,-23.927880242036878
867,frame_000867.png,868,3.472,14.008433129531143,-25.01477626825473,5.878813995155864e-05,0.0033683123046487303,-0.00010497763419886024,-0.006014775382862906,-23.757576963735204,-23.757576963735204,-23.757576963735204
868,frame_000868.png,869,3.476,13.908730102669901,-24.836737162366433,5.8369723741483325e-05,0.0033443388217315553,-0.00010423047083880006,-0.005971966075724645,-23.588485794749687,-23.588485794749687,-23.588485794749687
869,frame_000869.png,870,3.48,13.80973669789628,-24.659965224444335,5.7954285549189973e-05,0.003320535966664602,-0.00010348862530787545,-0.0059294614577520225,-23.420598108065064,-23.420598108065064,-23.420598108065064
870,frame_000870.png,871,3.484,13.71144786457619,-24.484451435601073,5.754180417905987e-05,0.003296902525028373,-0.00010275205975717632,-0.005887259360362234,-23.253905338067582,-23.253905338067582,-23.253905338067582
871,frame_000871.png,872,3.488,13.613858588022708,-24.310186841139938,5.7132258586331155e-05,0.0032734372910468343,-0.00010202073660717717,-0.005845357630407069,-23.088398980108074,-23.088398980108074,-23.088398980108074
872,frame_000872.png,873,3.492,13.516963889240234,-24.137162550097987,5.6725627876025155e-05,0.0032501390675258937,-0.00010129461854582077,-0.0058037541300631264,-22.924070590067934,-22.924070590067934,-22.924070590067934
873,frame_000873.png,874,3.496,13.420758824670454,-23.96536973479244,5.632189130188029e-05,0.003227006665792322,-0.00010057366852661368,-0.005762446736722685,-22.76091178392842,-22.76091178392842,-22.76091178392842
874,frame_000874.png,875,3.5,13.325238485940128,-23.79479963037029,5.592102826529359e-05,0.003204038905633106,-9.985784976673615e-05,-0.005721433342885413,-22.59891423734284,-22.59891423734284,-22.59891423734284
875,frame_000875.png,876,3.504,13.230397999610664,-23.62544353436111,5.552301831426979e-05,0.0031812346152352337,-9.914712574516618e-05,-0.00568071185605089,-22.4380696852118,-22.4380696852118,-22.4380696852118
876,frame_000876.png,877,3.508,13.136232526929476,-23.45729280623308,5.512784114237783e-05,0.0031585926311259085,-9.844146020081496e-05,-0.005640280198611763,-22.278369921261657,-22.278369921261657,-22.278369921261657
877,frame_000877.png,878,3.512,13.042737263583104,-23.29033886695212,5.4735476587714846e-05,0.0031361117981131893,-9.774081713067822e-05,-0.005600136307747839,-22.11980679762565,-22.11980679762565,-22.11980679762565
878,frame_000878.png,879,3.516,12.949907439452112,-23.1245731985442,5.4345904631877494e-05,0.0031137909692270523,-9.704516078799815e-05,-0.005560278135320764,-21.96237222442838,-21.96237222442838,-21.96237222442838
879,frame_000879.png,880,3.52,12.857738318367701,-22.959987343660764,5.395910539894062e-05,0.0030916290056608718,-9.635445568043972e-05,-0.005520703647769537,-21.806058169372967,-21.806058169372967,-21.806058169372967
880,frame_000880.png,881,3.524,12.766225197870085,-22.796572905147215,5.3575059154443186e-05,0.0030696247767133195,-9.566866656828072e-05,-0.005481410826006802,-21.650856657331204,-21.650856657331204,-21.650856657331204
881,frame_000881.png,882,3.528,12.675363408968561,-22.634321545614515,5.3193746304381396e-05,0.003047777159730674,-9.498775846261306e-05,-0.005442397665315797,-21.496759769936766,-21.496759769936766,-21.496759769936766
882,frame_000882.png,883,3.532,12.585148315903304,-22.473224987013797,5.2815147394209056e-05,0.0030260850400495466,-9.431169662355753e-05,-0.005403662175248063,-21.34375964518118,-21.34375964518118,-21.34375964518118
883,frame_000883.png,884,3.536,12.495575315908848,-22.313275010214024,5.243924310784496e-05,0.0030045473109400066,-9.364044655849171e-05,-0.00536520237952191,-21.19184847701267,-21.19184847701267,-21.19184847701267
884,frame_000884.png,885,3.54,12.406639838979254,-22.154463454582658,5.20660142666874e-05,0.00298316287354912,-9.297397402029e-05,-0.005327016315921579,-21.041018514937925,-21.041018514937925,-21.041018514937925
885,frame_000885.png,886,3.544,12.31833734763495,-21.99678221756929,5.169544182863567e-05,0.0029619306368448826,-9.23122450055762e-05,-0.005289102036197129,-20.891262063626677,-20.891262063626677,-20.891262063626677
886,frame_000886.png,887,3.548,12.230663336691226,-21.840223254292262,5.132750688711854e-05,0.0029408495175605584,-9.165522575298903e-05,-0.005251457605965044,-20.742571482519047,-20.742571482519047,-20.742571482519047
887,frame_000887.png,888,3.552,12.143613333028384,-21.684778577128213,5.0962190670129646e-05,0.0029199184401394094,-9.100288274145892e-05,-0.005214081104609514,-20.59493918543579,-20.59493918543579,-20.59493918543579
888,frame_000888.png,889,3.556,12.05718289536352,-21.53044025530455,5.059947453926973e-05,0.0028991363366798212,-9.035518268849851e-05,-0.0051769706251844835,-20.44835764019117,-20.44835764019117,-20.44835764019117
889,frame_000889.png,890,3.56,11.97136761402392,-21.37720041449483,5.023933998879573e-05,0.00287850214688082,-8.971209254850395e-05,-0.005140124274316317,-20.302819368208738,-20.302819368208738,-20.302819368208738
890,frame_000890.png,891,3.564,11.886163110722096,-21.225051236416988,4.9881768644676586e-05,0.002858014817987973,-8.90735795110693e-05,-0.005103540172107234,-20.158316944139727,-20.158316944139727,-20.158316944139727
891,frame_000891.png,892,3.568,11.801565038332393,-21.073984958434483,4.9526742263655826e-05,0.00283767330473968,-8.843961099931215e-05,-0.005067216452039359,-20.01484299548425,-20.01484299548425,-20.01484299548425
892,frame_000892.png,893,3.572,11.717569080669206,-20.92399387316022,4.9174242732320775e-05,0.002817476569313842,-8.781015466821197e-05,-0.005031151260879529,-19.872390202215115,-19.872390202215115,-19.872390202215115
893,frame_000893.png,894,3.576,11.634170952266759,-20.77507032806334,4.8824252066178435e-05,0.0027974235812749135,-8.718517840295959e-05,-0.004995342758584719,-19.730951296404385,-19.730951296404385,-19.730951296404385
894,frame_000894.png,895,3.58,11.551366398160475,-20.627206725078775,4.847675240873788e-05,0.002777513317521328,-8.65646503173187e-05,-0.004959789118208165,-19.590519061852568,-19.590519061852568,-19.590519061852568
895,frame_000895.png,896,3.584,11.469151193669878,-20.480395520219606,4.8131726030599245e-05,0.0027577447622332994,-8.594853875199915e-05,-0.004924488525806155,-19.45108633372044,-19.45108633372044,-19.45108633372044
896,frame_000896.png,897,3.588,11.387521144183054,-20.33462922319216,4.778915532854916e-05,0.002738116906820996,-8.533681227304121e-05,-0.004889439180345467,-19.312645998163518,-19.312645998163518,-19.312645998163518
897,frame_000897.png,898,3.592,11.306472084942643,-20.189900397013865,4.744902282466265e-05,0.002718628749873082,-8.47294396702125e-05,-0.004854639293611507,-19.175190991969053,-19.175190991969053,-19.175190991969053
898,frame_000898.png,899,3.596,11.225999880833346,-20.04620165763381,4.711131116541139e-05,0.0026992792971056246,-8.41263899554151e-05,-0.004820087090117047,-19.038714302195743,-19.038714302195743,-19.038714302195743
899,frame_000899.png,900,3.6,11.146100426170966,-19.903525673556008,4.6776003120778356e-05,0.002680067561311367,-8.352763236110485e-05,-0.004785780807011663,-18.903208965815864,-18.903208965815864,-18.903208965815864
900,frame_000900.png,901,3.604,11.066769644492924,-19.761865165465355,4.6443081583378707e-05,0.0026609925623093606,-8.293313633872129e-05,-0.0047517186939917706,-18.768668069360075,-18.768668069360075,-18.768668069360075
901,frame_000901.png,902,3.608,10.98800348835028,-19.621212905856236,4.6112529567587e-05,0.0026420533268949544,-8.23428715571294e-05,-0.004717899013211344,-18.635084748564644,-18.635084748564644,-18.635084748564644
902,frame_000902.png,903,3.612,10.909797939101239,-19.48156171866377,4.5784330208670595e-05,0.0026232488887901447,-8.175680790107176e-05,-0.004684320039193234,-18.50245218802128,-18.50245218802128,-18.50245218802128
903,frame_000903.png,904,3.616,10.832149006706116,-19.342904478897694,4.545846676192919e-05,0.0026045782885942763,-8.117491546963221e-05,-0.004650980058741142,-18.37076362082938,-18.37076362082938,-18.37076362082938
904,frame_000904.png,905,3.62,10.755052729523763,-19.205234112278855,4.5134922601840505e-05,0.0025860405737350893,-8.059716457471036e-05,-0.004617877370852214,-18.240012328250778,-18.240012328250778,-18.240012328250778
905,frame_000905.png,906,3.624,10.67850517410945,-19.068543594878264,4.481368122121207e-05,0.0025676347984201243,-8.002352573950694e-05,-0.004585010286630258,-18.11019163936698,-18.11019163936698,-18.11019163936698
906,frame_000906.png,907,3.628,10.602502435014175,-18.932825952758748,4.449472623033901e-05,0.0025493600235884646,-7.945396969701958e-05,-0.004552377129199558,-17.981294930738812,-17.981294930738812,-17.981294930738812
907,frame_000907.png,908,3.632,10.52704063458542,-18.79807426161914,4.4178041356167876e-05,0.002531215316862827,-7.888846738854975e-05,-0.0045199762336193315,-17.85331562606848,-17.85331562606848,-17.85331562606848
908,frame_000908.png,909,3.636,10.4521159227693,-18.66428164644099,4.386361044146634e-05,0.002513199752501991,-7.832698996222047e-05,-0.004487805946798797,-17.726247195864026,-17.726247195864026,-17.726247195864026
909,frame_000909.png,910,3.64,10.377724476914143,-18.531441281137827,4.3551417443998893e-05,0.002495312411353568,-7.776950877150387e-05,-0.004455864627412808,-17.600083157106255,-17.600083157106255,-17.600083157106255
910,frame_000910.png,911,3.644,10.303862501575454,-18.39954638820686,4.324144643570837e-05,0.0024775523808071064,-7.721599537375992e-05,-0.004424150645818133,-17.474817072917915,-17.474817072917915,-17.474817072917915
911,frame_000911.png,912,3.648,10.230526228322274,-18.268590238383222,4.293368160190328e-05,0.0024599187547475294,-7.666642152878508e-05,-0.004392662383970298,-17.35044255223532,-17.35044255223532,-17.35044255223532
912,frame_000912.png,913,3.652,10.157711915544915,-18.13856615029662,4.262810724045097e-05,0.0024424106335089067,-7.612075919737137e-05,-0.004361398235341023,-17.226953249482285,-17.226953249482285,-17.226953249482285
913,frame_000913.png,914,3.656,10.085415848264063,-18.00946749013046,4.232470776097647e-05,0.002425027123828552,-7.557898053987656e-05,-0.004330356604836307,-17.1043428642463,-17.1043428642463,-17.1043428642463
914,frame_000914.png,915,3.66,10.013634337941236,-17.881287671283403,4.202346768406711e-05,0.0024077673388014495,-7.504105791480263e-05,-0.004299535908714973,-16.98260514095722,-16.98260514095722,-16.98260514095722
915,frame_000915.png,916,3.664,9.942363722290603,-17.75402015403329,4.1724371640482734e-05,0.0023906303978350036,-7.450696387738656e-05,-0.00426893457450793,-16.86173386856796,-16.86173386856796,-16.86173386856796
916,frame_000916.png,917,3.668,9.87160036509213,-17.627658445203522,4.142740437037156e-05,0.0023736154266041118,-7.397667117819913e-05,-0.0042385510409378895,-16.741722880237745,-16.741722880237745,-16.741722880237745
917,frame_000917.png,918,3.672,9.80134065600606,-17.50219609783174,4.113255072249165e-05,0.0023567215570065568,-7.345015276175553e-05,-0.004208383757839759,-16.62256605301735,-16.62256605301735,-16.62256605301735
918,frame_000918.png,919,3.676,9.731581010388714,-17.377626710840925,4.083979565343787e-05,0.002339947927118714,-7.29273817651347e-05,-0.004178431186081538,-16.504257307536783,-16.504257307536783,-16.504257307536783
919,frame_000919.png,920,3.68,9.662317869109607,-17.25394392871282,4.054912422687438e-05,0.0023232936811515793,-7.240833151660821e-05,-0.004148691797485754,-16.38679060769514,-16.38679060769514,-16.38679060769514
920,frame_000920.png,921,3.684,9.593547698369855,-17.131141441163646,4.0260521612772605e-05,0.002306757969407105,-7.189297553428054e-05,-0.00411916407475156,-16.270159960352537,-16.270159960352537,-16.270159960352537
921,frame_000921.png,922,3.688,9.525266989521883,-17.009212982822184,3.997397308665457e-05,0.0022903399482348467,-7.138128752473709e-05,-0.004089846511377271,-16.15435941502446,-16.15435941502446,-16.15435941502446
922,frame_000922.png,923,3.692,9.457472258890418,-16.888152332910103,3.968946402884169e-05,0.0022740387799889254,-7.087324138170278e-05,-0.004060737611583504,-16.03938306357812,-16.03938306357812,-16.03938306357812
923,frame_000923.png,924,3.696,9.390160047594748,-16.76795331492456,3.940697992370886e-05,0.0022578536329852846,-7.036881118471063e-05,-0.004031835890236902,-15.925225039930993,-15.925225039930993,-15.925225039930993
924,frame_000924.png,925,3.7,9.323326921372253,-16.648609796323104,3.912650635894388e-05,0.002241783681459262,-6.986797119777891e-05,-0.004003139872774327,-15.811879519751571,-15.811879519751571,-15.811879519751571
925,frame_000925.png,926,3.704,9.256969470403185,-16.530115688210774,3.884802902481213e-05,0.002225828105523458,-6.937069586809788e-05,-0.003974648095127627,-15.699340720162219,-15.699340720162219,-15.699340720162219
926,frame_000926.png,927,3.708,9.191084309136704,-16.412464945029452,3.857153371342648e-05,0.002209986091125905,-6.887695982472649e-05,-0.003946359103648958,-15.587602899444082,-15.587602899444082,-15.587602899444082
927,frame_000927.png,928,3.712,9.125668076118146,-16.295651564249418,3.829700631802243e-05,0.0021942568300085336,-6.838673787729792e-05,-0.003918271455036617,-15.47666035674417,-15.47666035674417,-15.47666035674417
928,frame_000928.png,929,3.716,9.06071743381752,-16.179669586063106,3.802443283223837e-05,0.002178639519665938,-6.790000501473408e-05,-0.003890383716261388,-15.36650743178452,-15.36650743178452,-15.36650743178452
929,frame_000929.png,930,3.72,8.99622906845923,-16.064513093081022,3.775379934940096e-05,0.002163133363304428,-6.741673640396989e-05,-0.003862694464493449,-15.257138504573373,-15.257138504573373,-15.257138504573373
930,frame_000930.png,931,3.724,8.93219968985301,-15.950176210029854,3.748509206181564e-05,0.0021477375698013812,-6.693690738868613e-05,-0.0038352022870297717,-15.148547995118463,-15.148547995118463,-15.148547995118463
931,frame_000931.png,932,3.728,8.868626031226045,-15.83665310345271,3.721829726006217e-05,0.002132451353664878,-6.646049348805127e-05,-0.0038079057812220292,-15.040730363142345,-15.040730363142345,-15.040730363142345
932,frame_000932.png,933,3.732,8.805504849056316,-15.723937981411494,3.695340133229512e-05,0.0021172739349936236,-6.598747039547298e-05,-0.003780803554405067,-14.933680107799667,-14.933680107799667,-14.933680107799667
933,frame_000933.png,934,3.736,8.742832922907109,-15.612025093191404,3.669039076354946e-05,0.002102204539437162,-6.551781397735732e-05,-0.0037538942238258084,-14.827391767396612,-14.827391767396612,-14.827391767396612
934,frame_000934.png,935,3.74,8.68060705526271,-15.500908729007534,3.642925213505099e-05,0.002087242398156365,-6.505150027187803e-05,-0.003727176416572738,-14.721859919112148,-14.721859919112148,-14.721859919112148
935,frame_000935.png,936,3.744,8.618824071365268,-15.390583219713555,3.616997212353172e-05,0.0020723867477842077,-6.45885054877536e-05,-0.0037006487695058375,-14.617079178721426,-14.617079178721426,-14.617079178721426
936,frame_000936.png,937,3.748,8.557480819052817,-15.281042936512478,3.591253750055015e-05,0.002057636830386822,-6.412880600303388e-05,-0.0036743099291870595,-14.51304420032102,-14.51304420032102,-14.51304420032102
937,frame_000937.png,938,3.7520000000000002,8.496574168598453,-15.172282290669477,3.5656935131816294e-05,0.0020429918934248255,-6.367237836389444e-05,-0.003648158551811249,-14.409749676056236,-14.409749676056236,-14.409749676056236
938,frame_000938.png,939,3.7560000000000002,8.43610101255066,-15.064295733226748,3.5403151976521624e-05,0.0020284511897149275,-6.32191992834401e-05,-0.003622193303137596,-14.30719033585028,-14.30719033585028,-14.30719033585028
939,frame_000939.png,940,3.7600000000000002,8.376058265574766,-14.957077754720403,3.515117508667371e-05,0.0020140139773918092,-6.276924564051713e-05,-0.003596412858421573,-14.205360947135347,-14.205360947135347,-14.205360947135347
940,frame_000940.png,941,3.7640000000000002,8.316442864295526,-14.85062288489938,3.490099160643561e-05,0.0019996795198702713,-6.232249447853293e-05,-0.003570815902347313,-14.10425631458574,-14.10425631458574,-14.10425631458574
941,frame_000941.png,942,3.7680000000000002,8.257251767140835,-14.744925692446346,3.4652588771469966e-05,0.0019854470858076552,-6.187892300428546e-05,-0.0035454011289605377,-14.003871279852703,-14.003871279852703,-14.003871279852703
942,frame_000942.png,943,3.7720000000000002,8.19848195418654,-14.639980784700597,3.4405953908287795e-05,0.0019713159490665306,-6.143850858680007e-05,-0.0035201672416019115,-13.904200721301315,-13.904200721301315,-13.904200721301315
943,frame_000943.png,944,3.7760000000000002,8.140130427002374,-14.535782807382924,3.416107443360185e-05,0.001957285388677645,-6.1001228756174824e-05,-0.00349511295284089,-13.805239553749157,-13.805239553749157,-13.805239553749157
944,frame_000944.png,945,3.7800000000000002,8.082194208498963,-14.432326444322435,3.3917937853684626e-05,0.001943354688803143,-6.056706120243425e-05,-0.0034702369844100355,-13.706982728206867,-13.706982728206867,-13.706982728206867
945,frame_000945.png,946,3.7840000000000003,8.024670342775948,-14.329606417185325,3.367653176373098e-05,0.0019295231387000435,-6.013598377439099e-05,-0.003445538067139802,-13.609425231620548,-13.609425231620548,-13.609425231620548
946,frame_000946.png,947,3.7880000000000003,7.9675558949711665,-14.227617485205581,3.3436843847225165e-05,0.0019157900326839763,-5.970797447851532e-05,-0.00342101494089376,-13.512562086616022,-13.512562086616022,-13.512562086616022
947,frame_000947.png,948,3.7920000000000003,7.91084795111092,-14.126354444917595,3.319886187531251e-05,0.0019021546700931802,-5.928301147781357e-05,-0.0033966663545043347,-13.416388351244827,-13.416388351244827,-13.416388351244827
948,frame_000948.png,949,3.7960000000000003,7.854543617961304,-14.025812129890683,3.2962573706175456e-05,0.0018886163552527537,-5.886107309071389e-05,-0.003372491065708966,-13.320899118732122,-13.320899118732122,-13.320899118732122
949,frame_000949.png,950,3.8000000000000003,7.798640022880591,-13.925985410465495,3.2727967284414106e-05,0.0018751743974391622,-5.844213778995961e-05,-0.0033484878410867023,-13.22608951722637,-13.22608951722637,-13.22608951722637
950,frame_000950.png,951,3.8040000000000003,7.743134313672676,-13.8268691934923,3.2495030640431164e-05,0.0018618281108449982,-5.802618420151154e-05,-0.003324655455995306,-13.131954709550698,-13.131954709550698,-13.131954709550698
951,frame_000951.png,952,3.8080000000000003,7.688023658441549,-13.728458422071132,3.2263751889821223e-05,0.00184857681454399,-5.761319110345712e-05,-0.003300992694508755,-13.038489892956171,-13.038489892956171,-13.038489892956171
952,frame_000952.png,953,3.8120000000000003,7.633305245446818,-13.630748075293793,3.2034119232764455e-05,0.0018354198324562622,-5.7203137424927775e-05,-0.0032774983493552095,-12.945690298876734,-12.945690298876734,-12.945690298876734
953,frame_000953.png,954,3.8160000000000003,7.578976282960256,-13.533733167987684,3.180612095342455e-05,0.0018223564933138408,-5.679600224502384e-05,-0.0032541712218554144,-12.85355119268592,-12.85355119268592,-12.85355119268592
954,frame_000954.png,955,3.8200000000000003,7.525033999123358,-13.437408750461461,3.157974541935101e-05,0.001809386130626407,-5.639176479174695e-05,-0.003231010121861532,-12.762067873455308,-12.762067873455308,-12.762067873455308
955,frame_000955.png,956,3.8240000000000003,7.47147564180593,-13.3417699082525,3.135498108088563e-05,0.0017965080826472907,-5.599040444094088e-05,-0.0032080138676964538,-12.671235673714627,-12.671235673714627,-12.671235673714627
956,frame_000956.png,957,3.8280000000000003,7.4182984784656725,-13.246811761876168,3.113181647057327e-05,0.0017837216923397108,-5.559190071523865e-05,-0.003185181286093477,-12.581049959213694,-12.581049959213694,-12.581049959213694
957,frame_000957.png,958,3.8320000000000003,7.365499796008766,-13.152529466576867,3.0910240202576756e-05,0.0017710263073432509,-5.519623328301805e-05,-0.0031625112121364584,-12.491506128685934,-12.491506128685934,-12.491506128685934
958,frame_000958.png,959,3.8360000000000003,7.313076900651451,-13.058918212080854,3.0690240972095996e-05,0.0017584212799405775,-5.480338195736432e-05,-0.00314000248920038,-12.402599613613624,-12.402599613613624,-12.402599613613624
959,frame_000959.png,960,3.84,7.261027117782588,-12.965973222350827,3.0471807554791186e-05,0.001745905967024392,-5.4413326695040394e-05,-0.0031176539688923506,-12.314325877994804,-12.314325877994804,-12.314325877994804
960,frame_000960.png,961,3.844,7.209347791827201,-12.87368975534225,3.0254928806210178e-05,0.0017334797300646214,-5.402604759546379e-05,-0.003095464510992985,-12.226680418111897,-12.226680418111897,-12.226680418111897
961,frame_000961.png,962,3.848,7.158036286110994,-12.782063102761407,3.0039593661219865e-05,0.0017211419350758388,-5.364152489969185e-05,-0.0030734329833982596,-12.139658762301856,-12.139658762301856,-12.139658762301856
962,frame_000962.png,963,3.852,7.107089982725821,-12.6910885898252,2.9825791133441652e-05,0.0017088919525849186,-5.325973898941319e-05,-0.003051558262061732,-12.053256470728087,-12.053256470728087,-12.053256470728087
963,frame_000963.png,964,3.856,7.056506282396125,-12.600761575022627,2.9613510314690932e-05,0.0016967291575989208,-5.288067038594705e-05,-0.0030298392309372037,-11.967469135153884,-11.967469135153884,-11.967469135153884
964,frame_000964.png,965,3.86,7.006282604346324,-12.511077449877982,2.940274037442054e-05,0.001684652929573203,-5.250429974924945e-05,-0.0030082747819217804,-11.882292378717537,-11.882292378717537,-11.882292378717537
965,frame_000965.png,966,3.864,6.956416386169137,-12.422031638715726,2.919347055916819e-05,0.0016726626523797608,-5.2130607876926405e-05,-0.002986863814799328,-11.797721855709035,-11.797721855709035,-11.797721855709035
966,frame_000966.png,967,3.868,6.906905083694851,-12.333619598427042,2.898569019200783e-05,0.0016607577142757934,-5.175957570325416e-05,-0.0029656052371843434,-11.713753251348336,-11.713753251348336,-11.713753251348336
967,frame_000967.png,968,3.872,6.857746170861521,-12.245836818238038,2.877938867200491e-05,0.0016489375078724924,-5.139118429820658e-05,-0.0029444979644662225,-11.630382281565229,-11.630382281565229,-11.630382281565229
968,frame_000968.png,969,3.876,6.808937139586085,-12.158678819479617,2.8574555473675518e-05,0.001637201430104052,-5.102541486648938e-05,-0.0029235409197539285,-11.547604692780752,-11.547604692780752,-11.547604692780752
969,frame_000969.png,970,3.88,6.760475499636408,-12.072141155358967,2.8371180146449377e-05,0.0016255488821969022,-5.066224874658099e-05,-0.0029027330338210356,-11.465416261690205,-11.465416261690205,-11.465416261690205
970,frame_000970.png,971,3.884,6.712358778504225,-11.986219410732694,2.8169252314136653e-05,0.0016139792696391576,-5.030166740978065e-05,-0.002882073245051191,-11.383812795047639,-11.383812795047639,-11.383812795047639
971,frame_000971.png,972,3.888,6.664584521278996,-11.900909201881555,2.7968761674398565e-05,0.0016024920021502874,-4.994365245926286e-05,-0.0028615604993839365,-11.302790129451957,-11.302790129451957,-11.302790129451957
972,frame_000972.png,973,3.892,6.617150290522659,-11.816206176286805,2.7769697998221763e-05,0.0015910864936509977,-4.9588185629139135e-05,-0.0028411937502609533,-11.222344131134442,-11.222344131134442,-11.222344131134442
973,frame_000973.png,974,3.896,6.570053666145269,-11.732106012408131,2.7572051129396435e-05,0.0015797621622333307,-4.923524878352561e-05,-0.002820971958572638,-11.142470695747924,-11.142470695747924,-11.142470695747924
974,frame_000974.png,975,3.9,6.523292245281527,-11.648604419463169,2.7375810983998148e-05,0.0015685184301309752,-4.888482391561813e-05,-0.00280089409260511,-11.063165748157317,-11.063165748157317,-11.063165748157317
975,frame_000975.png,976,3.904,6.476863642168183,-11.565697137208582,2.7180967549873365e-05,0.0015573547236897897,-4.853689314677333e-05,-0.002780959127987561,-10.984425242231737,-10.984425242231737,-10.984425242231737
976,frame_000976.png,977,3.908,6.43076548802232,-11.483379935722715,2.6987510886128626e-05,0.0015462704733385348,-4.81914387255966e-05,-0.00276116604764,-10.90624516063805,-10.90624516063805,-10.90624516063805
977,frame_000977.png,978,3.912,6.384995430920495,-11.40164861518977,2.679543112262336e-05,0.001535265113559812,-4.7848443027036504e-05,-0.002741513841721365,-10.82862151463592,-10.82862151463592,-10.82862151463592
